Item Label,Month,Year,Quarter,Population,PriProdZone,Product,ProdCat,StorageCost,PetrolPrice,DieselPrice,ExchangeRate,GDP,Price,Mean Rainfall (mm)
Agric eggs medium size,Jan,2017,Q1,197378751,South West,Livestock,Perishable,High,148.7,216.0,305.25,297903.4,512.99,9.5
Agric eggs(medium size price of one),Jan,2017,Q1,197378751,South West,Livestock,Perishable,High,148.7,216.0,305.25,297903.4,47.42,9.5
"Beans brown,sold loose",Jan,2017,Q1,197378751,North Central,Crops,Non-Perishable,Low,148.7,216.0,305.25,2943533.2,353.6,0.5666666666666667
Beans:white black eye. sold loose,Jan,2017,Q1,197378751,North East,Crops,Non-Perishable,Low,148.7,216.0,305.25,2943533.2,305.53,0.0
Beef Bone in,Jan,2017,Q1,197378751,North West,Livestock,Perishable,High,148.7,216.0,305.25,297903.4,1001.24,0.0
"Beef,boneless",Jan,2017,Q1,197378751,North West,Livestock,Perishable,High,148.7,216.0,305.25,297903.4,1249.48,0.0
Bread sliced 500g,Jan,2017,Q1,197378751,South West,Crops,Perishable,Medium,148.7,216.0,305.25,2943533.2,302.87,9.5
Bread unsliced 500g,Jan,2017,Q1,197378751,South West,Crops,Perishable,Medium,148.7,216.0,305.25,2943533.2,270.25,9.5
Broken Rice (Ofada),Jan,2017,Q1,197378751,South West,Crops,Non-Perishable,Low,148.7,216.0,305.25,2943533.2,377.41,9.5
Chicken Feet,Jan,2017,Q1,197378751,South East,Livestock,Perishable,High,148.7,216.0,305.25,297903.4,765.28,16.166666666666668
Chicken Wings,Jan,2017,Q1,197378751,South East,Livestock,Perishable,High,148.7,216.0,305.25,297903.4,919.09,16.166666666666668
Evaporated tinned milk carnation 170g,Jan,2017,Q1,197378751,Imported,Imported,Non-Perishable,Low,148.7,216.0,305.25,0.0,136.29,0.0
"Evaporated tinned milk(peak), 170g",Jan,2017,Q1,197378751,Imported,Imported,Non-Perishable,Low,148.7,216.0,305.25,0.0,157.75,0.0
Frozen chicken,Jan,2017,Q1,197378751,South East,Livestock,Perishable,High,148.7,216.0,305.25,297903.4,1419.75,16.166666666666668
"Gari white,sold loose",Jan,2017,Q1,197378751,South West,Crops,Non-Perishable,Low,148.7,216.0,305.25,2943533.2,219.56,9.5
"Gari yellow,sold loose",Jan,2017,Q1,197378751,South West,Crops,Non-Perishable,Low,148.7,216.0,305.25,2943533.2,255.83,9.5
Mudfish (aro) fresh,Jan,2017,Q1,197378751,South South,Fishing,Perishable,High,148.7,216.0,305.25,103986.72,994.37,87.06666666666666
Mudfish : dried,Jan,2017,Q1,197378751,South South,Fishing,Non-Perishable,Low,148.7,216.0,305.25,103986.72,1812.03,87.06666666666666
Onion bulb,Jan,2017,Q1,197378751,North East,Crops,Perishable,Low,148.7,216.0,305.25,2943533.2,258.92,0.0
Rice agric sold loose,Jan,2017,Q1,197378751,North Central,Crops,Non-Perishable,Low,148.7,216.0,305.25,2943533.2,324.01,0.5666666666666667
Rice local sold loose,Jan,2017,Q1,197378751,North Central,Crops,Non-Perishable,Low,148.7,216.0,305.25,2943533.2,286.19,0.5666666666666667
Rice Medium Grained,Jan,2017,Q1,197378751,North Central,Crops,Non-Perishable,Low,148.7,216.0,305.25,2943533.2,312.08,0.5666666666666667
"Rice,imported high quality sold loose",Jan,2017,Q1,197378751,Imported,Imported,Non-Perishable,Low,148.7,216.0,305.25,0.0,402.01,0.0
Tomato,Jan,2017,Q1,197378751,North Central,Crops,Perishable,High,148.7,216.0,305.25,2943533.2,247.55,0.5666666666666667
Yam tuber,Jan,2017,Q1,197378751,South East,Crops,Perishable,Medium,148.7,216.0,305.25,2943533.2,210.58,16.166666666666668
Dried Fish Sardine,Jan,2017,Q1,197378751,South South,Fishing,Non-Perishable,Low,148.7,216.0,305.25,103986.72,959.11,87.06666666666666
Iced Sardine,Jan,2017,Q1,197378751,Imported,Fishing,Perishable,High,148.7,216.0,305.25,103986.72,1879.96,0.0
Irish potato,Jan,2017,Q1,197378751,North East,Crops,Perishable,Medium,148.7,216.0,305.25,2943533.2,300.95,0.0
Sweet potato,Jan,2017,Q1,197378751,South East,Crops,Perishable,Medium,148.7,216.0,305.25,2943533.2,129.43,16.166666666666668
Tilapia fish (epiya) fresh,Jan,2017,Q1,197378751,South South,Fishing,Perishable,High,148.7,216.0,305.25,103986.72,792.18,87.06666666666666
Titus:frozen,Jan,2017,Q1,197378751,Imported,Fishing,Perishable,High,148.7,216.0,305.25,103986.72,884.82,0.0
Catfish (obokun) fresh,Jan,2017,Q1,197378751,South West,Fishing,Perishable,High,148.7,216.0,305.25,103986.72,899.58,9.5
Catfish :dried,Jan,2017,Q1,197378751,South West,Fishing,Non-Perishable,Low,148.7,216.0,305.25,103986.72,2204.12,9.5
Catfish Smoked,Jan,2017,Q1,197378751,South West,Fishing,Non-Perishable,Low,148.7,216.0,305.25,103986.72,817.09,9.5
Mackerel : frozen,Jan,2017,Q1,197378751,Imported,Fishing,Perishable,High,148.7,216.0,305.25,103986.72,759.01,0.0
"Groundnut oil: 1 bottle, specify bottle",Jan,2017,Q1,197378751,North East,Crops,Non-Perishable,Low,148.7,216.0,305.25,2943533.2,477.86,0.0
Maize grain white sold loose,Jan,2017,Q1,197378751,North Central,Crops,Non-Perishable,Low,148.7,216.0,305.25,2943533.2,167.11,0.5666666666666667
Maize grain yellow sold loose,Jan,2017,Q1,197378751,North Central,Crops,Non-Perishable,Low,148.7,216.0,305.25,2943533.2,168.77,0.5666666666666667
"Palm oil: 1 bottle,specify bottle",Jan,2017,Q1,197378751,South South,Crops,Non-Perishable,Low,148.7,216.0,305.25,2943533.2,420.62,87.06666666666666
Plantain(ripe),Jan,2017,Q1,197378751,South East,Crops,Perishable,Medium,148.7,216.0,305.25,2943533.2,234.25,16.166666666666668
Plantain(unripe),Jan,2017,Q1,197378751,South East,Crops,Perishable,Medium,148.7,216.0,305.25,2943533.2,212.49,16.166666666666668
"Vegetable oil:1 bottle,specify bottle",Jan,2017,Q1,197378751,Imported,Crops,Non-Perishable,Low,148.7,216.0,305.25,2943533.2,495.29,0.0
Wheat flour: prepacked (golden penny 2kg),Jan,2017,Q1,197378751,Imported,Crops,Non-Perishable,Low,148.7,216.0,305.25,2943533.2,626.53,0.0
Agric eggs medium size,Feb,2017,Q1,197897826,South West,Livestock,Perishable,High,149.8,216.0,305.5,297903.4,520.16,14.266666666666666
Agric eggs(medium size price of one),Feb,2017,Q1,197897826,South West,Livestock,Perishable,High,149.8,216.0,305.5,297903.4,42.9,14.266666666666666
"Beans brown,sold loose",Feb,2017,Q1,197897826,North Central,Crops,Non-Perishable,Low,149.8,216.0,305.5,2943533.2,337.11,0.0
Beans:white black eye. sold loose,Feb,2017,Q1,197897826,North East,Crops,Non-Perishable,Low,149.8,216.0,305.5,2943533.2,309.85,0.0
Beef Bone in,Feb,2017,Q1,197897826,North West,Livestock,Perishable,High,149.8,216.0,305.5,297903.4,995.65,0.0
"Beef,boneless",Feb,2017,Q1,197897826,North West,Livestock,Perishable,High,149.8,216.0,305.5,297903.4,1270.67,0.0
Bread sliced 500g,Feb,2017,Q1,197897826,South West,Crops,Perishable,Medium,149.8,216.0,305.5,2943533.2,299.75,14.266666666666666
Bread unsliced 500g,Feb,2017,Q1,197897826,South West,Crops,Perishable,Medium,149.8,216.0,305.5,2943533.2,264.86,14.266666666666666
Broken Rice (Ofada),Feb,2017,Q1,197897826,South West,Crops,Non-Perishable,Low,149.8,216.0,305.5,2943533.2,392.04,14.266666666666666
Chicken Feet,Feb,2017,Q1,197897826,South East,Livestock,Perishable,High,149.8,216.0,305.5,297903.4,785.42,2.8666666666666667
Chicken Wings,Feb,2017,Q1,197897826,South East,Livestock,Perishable,High,149.8,216.0,305.5,297903.4,963.46,2.8666666666666667
Evaporated tinned milk carnation 170g,Feb,2017,Q1,197897826,Imported,Imported,Non-Perishable,Low,149.8,216.0,305.5,0.0,140.53,0.0
"Evaporated tinned milk(peak), 170g",Feb,2017,Q1,197897826,Imported,Imported,Non-Perishable,Low,149.8,216.0,305.5,0.0,166.14,0.0
Frozen chicken,Feb,2017,Q1,197897826,South East,Livestock,Perishable,High,149.8,216.0,305.5,297903.4,1428.95,2.8666666666666667
"Gari white,sold loose",Feb,2017,Q1,197897826,South West,Crops,Non-Perishable,Low,149.8,216.0,305.5,2943533.2,260.94,14.266666666666666
"Gari yellow,sold loose",Feb,2017,Q1,197897826,South West,Crops,Non-Perishable,Low,149.8,216.0,305.5,2943533.2,250.45,14.266666666666666
Mudfish (aro) fresh,Feb,2017,Q1,197897826,South South,Fishing,Perishable,High,149.8,216.0,305.5,103986.72,998.71,30.03333333333333
Mudfish : dried,Feb,2017,Q1,197897826,South South,Fishing,Non-Perishable,Low,149.8,216.0,305.5,103986.72,1955.1,30.03333333333333
Onion bulb,Feb,2017,Q1,197897826,North East,Crops,Perishable,Low,149.8,216.0,305.5,2943533.2,241.44,0.0
Rice agric sold loose,Feb,2017,Q1,197897826,North Central,Crops,Non-Perishable,Low,149.8,216.0,305.5,2943533.2,355.41,0.0
Rice local sold loose,Feb,2017,Q1,197897826,North Central,Crops,Non-Perishable,Low,149.8,216.0,305.5,2943533.2,306.29,0.0
Rice Medium Grained,Feb,2017,Q1,197897826,North Central,Crops,Non-Perishable,Low,149.8,216.0,305.5,2943533.2,352.69,0.0
"Rice,imported high quality sold loose",Feb,2017,Q1,197897826,Imported,Imported,Non-Perishable,Low,149.8,216.0,305.5,0.0,410.58,0.0
Tomato,Feb,2017,Q1,197897826,North Central,Crops,Perishable,High,149.8,216.0,305.5,2943533.2,236.62,0.0
Yam tuber,Feb,2017,Q1,197897826,South East,Crops,Perishable,Medium,149.8,216.0,305.5,2943533.2,215.55,2.8666666666666667
Dried Fish Sardine,Feb,2017,Q1,197897826,South South,Fishing,Non-Perishable,Low,149.8,216.0,305.5,103986.72,935.51,30.03333333333333
Iced Sardine,Feb,2017,Q1,197897826,Imported,Fishing,Perishable,High,149.8,216.0,305.5,103986.72,1915.68,0.0
Irish potato,Feb,2017,Q1,197897826,North East,Crops,Perishable,Medium,149.8,216.0,305.5,2943533.2,307.29,0.0
Sweet potato,Feb,2017,Q1,197897826,South East,Crops,Perishable,Medium,149.8,216.0,305.5,2943533.2,127.23,2.8666666666666667
Tilapia fish (epiya) fresh,Feb,2017,Q1,197897826,South South,Fishing,Perishable,High,149.8,216.0,305.5,103986.72,795.27,30.03333333333333
Titus:frozen,Feb,2017,Q1,197897826,Imported,Fishing,Perishable,High,149.8,216.0,305.5,103986.72,942.23,0.0
Catfish (obokun) fresh,Feb,2017,Q1,197897826,South West,Fishing,Perishable,High,149.8,216.0,305.5,103986.72,885.13,14.266666666666666
Catfish :dried,Feb,2017,Q1,197897826,South West,Fishing,Non-Perishable,Low,149.8,216.0,305.5,103986.72,2150.18,14.266666666666666
Catfish Smoked,Feb,2017,Q1,197897826,South West,Fishing,Non-Perishable,Low,149.8,216.0,305.5,103986.72,825.35,14.266666666666666
Mackerel : frozen,Feb,2017,Q1,197897826,Imported,Fishing,Perishable,High,149.8,216.0,305.5,103986.72,764.62,0.0
"Groundnut oil: 1 bottle, specify bottle",Feb,2017,Q1,197897826,North East,Crops,Non-Perishable,Low,149.8,216.0,305.5,2943533.2,482.94,0.0
Maize grain white sold loose,Feb,2017,Q1,197897826,North Central,Crops,Non-Perishable,Low,149.8,216.0,305.5,2943533.2,172.86,0.0
Maize grain yellow sold loose,Feb,2017,Q1,197897826,North Central,Crops,Non-Perishable,Low,149.8,216.0,305.5,2943533.2,174.72,0.0
"Palm oil: 1 bottle,specify bottle",Feb,2017,Q1,197897826,South South,Crops,Non-Perishable,Low,149.8,216.0,305.5,2943533.2,434.81,30.03333333333333
Plantain(ripe),Feb,2017,Q1,197897826,South East,Crops,Perishable,Medium,149.8,216.0,305.5,2943533.2,234.28,2.8666666666666667
Plantain(unripe),Feb,2017,Q1,197897826,South East,Crops,Perishable,Medium,149.8,216.0,305.5,2943533.2,214.41,2.8666666666666667
"Vegetable oil:1 bottle,specify bottle",Feb,2017,Q1,197897826,Imported,Crops,Non-Perishable,Low,149.8,216.0,305.5,2943533.2,507.36,0.0
Wheat flour: prepacked (golden penny 2kg),Feb,2017,Q1,197897826,Imported,Crops,Non-Perishable,Low,149.8,216.0,305.5,2943533.2,621.39,0.0
Agric eggs medium size,Mar,2017,Q1,198417992,South West,Livestock,Perishable,High,149.4,222.0,306.35,297903.4,507.69,42.56666666666666
Agric eggs(medium size price of one),Mar,2017,Q1,198417992,South West,Livestock,Perishable,High,149.4,222.0,306.35,297903.4,43.93,42.56666666666666
"Beans brown,sold loose",Mar,2017,Q1,198417992,North Central,Crops,Non-Perishable,Low,149.4,222.0,306.35,2943533.2,353.28,3.8666666666666667
Beans:white black eye. sold loose,Mar,2017,Q1,198417992,North East,Crops,Non-Perishable,Low,149.4,222.0,306.35,2943533.2,318.45,0.0
Beef Bone in,Mar,2017,Q1,198417992,North West,Livestock,Perishable,High,149.4,222.0,306.35,297903.4,1010.29,0.0
"Beef,boneless",Mar,2017,Q1,198417992,North West,Livestock,Perishable,High,149.4,222.0,306.35,297903.4,1281.71,0.0
Bread sliced 500g,Mar,2017,Q1,198417992,South West,Crops,Perishable,Medium,149.4,222.0,306.35,2943533.2,297.51,42.56666666666666
Bread unsliced 500g,Mar,2017,Q1,198417992,South West,Crops,Perishable,Medium,149.4,222.0,306.35,2943533.2,262.33,42.56666666666666
Broken Rice (Ofada),Mar,2017,Q1,198417992,South West,Crops,Non-Perishable,Low,149.4,222.0,306.35,2943533.2,421.54,42.56666666666666
Chicken Feet,Mar,2017,Q1,198417992,South East,Livestock,Perishable,High,149.4,222.0,306.35,297903.4,907.51,50.20000000000001
Chicken Wings,Mar,2017,Q1,198417992,South East,Livestock,Perishable,High,149.4,222.0,306.35,297903.4,980.88,50.20000000000001
Evaporated tinned milk carnation 170g,Mar,2017,Q1,198417992,Imported,Imported,Non-Perishable,Low,149.4,222.0,306.35,0.0,143.56,0.0
"Evaporated tinned milk(peak), 170g",Mar,2017,Q1,198417992,Imported,Imported,Non-Perishable,Low,149.4,222.0,306.35,0.0,177.05,0.0
Frozen chicken,Mar,2017,Q1,198417992,South East,Livestock,Perishable,High,149.4,222.0,306.35,297903.4,1555.51,50.20000000000001
"Gari white,sold loose",Mar,2017,Q1,198417992,South West,Crops,Non-Perishable,Low,149.4,222.0,306.35,2943533.2,273.67,42.56666666666666
"Gari yellow,sold loose",Mar,2017,Q1,198417992,South West,Crops,Non-Perishable,Low,149.4,222.0,306.35,2943533.2,302.05,42.56666666666666
Mudfish (aro) fresh,Mar,2017,Q1,198417992,South South,Fishing,Perishable,High,149.4,222.0,306.35,103986.72,1079.16,138.16666666666666
Mudfish : dried,Mar,2017,Q1,198417992,South South,Fishing,Non-Perishable,Low,149.4,222.0,306.35,103986.72,2084.81,138.16666666666666
Onion bulb,Mar,2017,Q1,198417992,North East,Crops,Perishable,Low,149.4,222.0,306.35,2943533.2,246.95,0.0
Rice agric sold loose,Mar,2017,Q1,198417992,North Central,Crops,Non-Perishable,Low,149.4,222.0,306.35,2943533.2,360.89,3.8666666666666667
Rice local sold loose,Mar,2017,Q1,198417992,North Central,Crops,Non-Perishable,Low,149.4,222.0,306.35,2943533.2,308.87,3.8666666666666667
Rice Medium Grained,Mar,2017,Q1,198417992,North Central,Crops,Non-Perishable,Low,149.4,222.0,306.35,2943533.2,377.99,3.8666666666666667
"Rice,imported high quality sold loose",Mar,2017,Q1,198417992,Imported,Imported,Non-Perishable,Low,149.4,222.0,306.35,0.0,418.71,0.0
Tomato,Mar,2017,Q1,198417992,North Central,Crops,Perishable,High,149.4,222.0,306.35,2943533.2,268.64,3.8666666666666667
Yam tuber,Mar,2017,Q1,198417992,South East,Crops,Perishable,Medium,149.4,222.0,306.35,2943533.2,255.86,50.20000000000001
Dried Fish Sardine,Mar,2017,Q1,198417992,South South,Fishing,Non-Perishable,Low,149.4,222.0,306.35,103986.72,958.67,138.16666666666666
Iced Sardine,Mar,2017,Q1,198417992,Imported,Fishing,Perishable,High,149.4,222.0,306.35,103986.72,1902.15,0.0
Irish potato,Mar,2017,Q1,198417992,North East,Crops,Perishable,Medium,149.4,222.0,306.35,2943533.2,311.8,0.0
Sweet potato,Mar,2017,Q1,198417992,South East,Crops,Perishable,Medium,149.4,222.0,306.35,2943533.2,132.94,50.20000000000001
Tilapia fish (epiya) fresh,Mar,2017,Q1,198417992,South South,Fishing,Perishable,High,149.4,222.0,306.35,103986.72,798.07,138.16666666666666
Titus:frozen,Mar,2017,Q1,198417992,Imported,Fishing,Perishable,High,149.4,222.0,306.35,103986.72,964.63,0.0
Catfish (obokun) fresh,Mar,2017,Q1,198417992,South West,Fishing,Perishable,High,149.4,222.0,306.35,103986.72,884.15,42.56666666666666
Catfish :dried,Mar,2017,Q1,198417992,South West,Fishing,Non-Perishable,Low,149.4,222.0,306.35,103986.72,2189.55,42.56666666666666
Catfish Smoked,Mar,2017,Q1,198417992,South West,Fishing,Non-Perishable,Low,149.4,222.0,306.35,103986.72,834.26,42.56666666666666
Mackerel : frozen,Mar,2017,Q1,198417992,Imported,Fishing,Perishable,High,149.4,222.0,306.35,103986.72,774.89,0.0
"Groundnut oil: 1 bottle, specify bottle",Mar,2017,Q1,198417992,North East,Crops,Non-Perishable,Low,149.4,222.0,306.35,2943533.2,494.1,0.0
Maize grain white sold loose,Mar,2017,Q1,198417992,North Central,Crops,Non-Perishable,Low,149.4,222.0,306.35,2943533.2,174.03,3.8666666666666667
Maize grain yellow sold loose,Mar,2017,Q1,198417992,North Central,Crops,Non-Perishable,Low,149.4,222.0,306.35,2943533.2,178.79,3.8666666666666667
"Palm oil: 1 bottle,specify bottle",Mar,2017,Q1,198417992,South South,Crops,Non-Perishable,Low,149.4,222.0,306.35,2943533.2,442.04,138.16666666666666
Plantain(ripe),Mar,2017,Q1,198417992,South East,Crops,Perishable,Medium,149.4,222.0,306.35,2943533.2,236.65,50.20000000000001
Plantain(unripe),Mar,2017,Q1,198417992,South East,Crops,Perishable,Medium,149.4,222.0,306.35,2943533.2,215.8,50.20000000000001
"Vegetable oil:1 bottle,specify bottle",Mar,2017,Q1,198417992,Imported,Crops,Non-Perishable,Low,149.4,222.0,306.35,2943533.2,513.42,0.0
Wheat flour: prepacked (golden penny 2kg),Mar,2017,Q1,198417992,Imported,Crops,Non-Perishable,Low,149.4,222.0,306.35,2943533.2,623.1,0.0
Agric eggs medium size,Apr,2017,Q2,198939251,South West,Livestock,Perishable,High,149.9,229.3,305.85,289226.7,518.66,86.26666666666665
Agric eggs(medium size price of one),Apr,2017,Q2,198939251,South West,Livestock,Perishable,High,149.9,229.3,305.85,289226.7,46.22,86.26666666666665
"Beans brown,sold loose",Apr,2017,Q2,198939251,North Central,Crops,Non-Perishable,Low,149.9,229.3,305.85,3328488.0,357.19,36.9
Beans:white black eye. sold loose,Apr,2017,Q2,198939251,North East,Crops,Non-Perishable,Low,149.9,229.3,305.85,3328488.0,324.04,4.033333333333333
Beef Bone in,Apr,2017,Q2,198939251,North West,Livestock,Perishable,High,149.9,229.3,305.85,289226.7,1035.45,2.8000000000000003
"Beef,boneless",Apr,2017,Q2,198939251,North West,Livestock,Perishable,High,149.9,229.3,305.85,289226.7,1323.1,2.8000000000000003
Bread sliced 500g,Apr,2017,Q2,198939251,South West,Crops,Perishable,Medium,149.9,229.3,305.85,3328488.0,296.63,86.26666666666665
Bread unsliced 500g,Apr,2017,Q2,198939251,South West,Crops,Perishable,Medium,149.9,229.3,305.85,3328488.0,277.69,86.26666666666665
Broken Rice (Ofada),Apr,2017,Q2,198939251,South West,Crops,Non-Perishable,Low,149.9,229.3,305.85,3328488.0,425.53,86.26666666666665
Chicken Feet,Apr,2017,Q2,198939251,South East,Livestock,Perishable,High,149.9,229.3,305.85,289226.7,768.11,131.73333333333332
Chicken Wings,Apr,2017,Q2,198939251,South East,Livestock,Perishable,High,149.9,229.3,305.85,289226.7,886.58,131.73333333333332
Evaporated tinned milk carnation 170g,Apr,2017,Q2,198939251,Imported,Imported,Non-Perishable,Low,149.9,229.3,305.85,0.0,151.47,0.0
"Evaporated tinned milk(peak), 170g",Apr,2017,Q2,198939251,Imported,Imported,Non-Perishable,Low,149.9,229.3,305.85,0.0,197.15,0.0
Frozen chicken,Apr,2017,Q2,198939251,South East,Livestock,Perishable,High,149.9,229.3,305.85,289226.7,1606.63,131.73333333333332
"Gari white,sold loose",Apr,2017,Q2,198939251,South West,Crops,Non-Perishable,Low,149.9,229.3,305.85,3328488.0,288.45,86.26666666666665
"Gari yellow,sold loose",Apr,2017,Q2,198939251,South West,Crops,Non-Perishable,Low,149.9,229.3,305.85,3328488.0,320.92,86.26666666666665
Mudfish (aro) fresh,Apr,2017,Q2,198939251,South South,Fishing,Perishable,High,149.9,229.3,305.85,81197.95,1008.95,205.79999999999998
Mudfish : dried,Apr,2017,Q2,198939251,South South,Fishing,Non-Perishable,Low,149.9,229.3,305.85,81197.95,2319.91,205.79999999999998
Onion bulb,Apr,2017,Q2,198939251,North East,Crops,Perishable,Low,149.9,229.3,305.85,3328488.0,205.6,4.033333333333333
Rice agric sold loose,Apr,2017,Q2,198939251,North Central,Crops,Non-Perishable,Low,149.9,229.3,305.85,3328488.0,324.76,36.9
Rice local sold loose,Apr,2017,Q2,198939251,North Central,Crops,Non-Perishable,Low,149.9,229.3,305.85,3328488.0,299.3,36.9
Rice Medium Grained,Apr,2017,Q2,198939251,North Central,Crops,Non-Perishable,Low,149.9,229.3,305.85,3328488.0,332.81,36.9
"Rice,imported high quality sold loose",Apr,2017,Q2,198939251,Imported,Imported,Non-Perishable,Low,149.9,229.3,305.85,0.0,388.46,0.0
Tomato,Apr,2017,Q2,198939251,North Central,Crops,Perishable,High,149.9,229.3,305.85,3328488.0,285.72,36.9
Yam tuber,Apr,2017,Q2,198939251,South East,Crops,Perishable,Medium,149.9,229.3,305.85,3328488.0,250.3,131.73333333333332
Dried Fish Sardine,Apr,2017,Q2,198939251,South South,Fishing,Non-Perishable,Low,149.9,229.3,305.85,81197.95,972.73,205.79999999999998
Iced Sardine,Apr,2017,Q2,198939251,Imported,Fishing,Perishable,High,149.9,229.3,305.85,81197.95,1927.97,0.0
Irish potato,Apr,2017,Q2,198939251,North East,Crops,Perishable,Medium,149.9,229.3,305.85,3328488.0,318.88,4.033333333333333
Sweet potato,Apr,2017,Q2,198939251,South East,Crops,Perishable,Medium,149.9,229.3,305.85,3328488.0,132.43,131.73333333333332
Tilapia fish (epiya) fresh,Apr,2017,Q2,198939251,South South,Fishing,Perishable,High,149.9,229.3,305.85,81197.95,800.77,205.79999999999998
Titus:frozen,Apr,2017,Q2,198939251,Imported,Fishing,Perishable,High,149.9,229.3,305.85,81197.95,935.0,0.0
Catfish (obokun) fresh,Apr,2017,Q2,198939251,South West,Fishing,Perishable,High,149.9,229.3,305.85,81197.95,886.65,86.26666666666665
Catfish :dried,Apr,2017,Q2,198939251,South West,Fishing,Non-Perishable,Low,149.9,229.3,305.85,81197.95,2189.1,86.26666666666665
Catfish Smoked,Apr,2017,Q2,198939251,South West,Fishing,Non-Perishable,Low,149.9,229.3,305.85,81197.95,837.09,86.26666666666665
Mackerel : frozen,Apr,2017,Q2,198939251,Imported,Fishing,Perishable,High,149.9,229.3,305.85,81197.95,778.15,0.0
"Groundnut oil: 1 bottle, specify bottle",Apr,2017,Q2,198939251,North East,Crops,Non-Perishable,Low,149.9,229.3,305.85,3328488.0,494.24,4.033333333333333
Maize grain white sold loose,Apr,2017,Q2,198939251,North Central,Crops,Non-Perishable,Low,149.9,229.3,305.85,3328488.0,182.94,36.9
Maize grain yellow sold loose,Apr,2017,Q2,198939251,North Central,Crops,Non-Perishable,Low,149.9,229.3,305.85,3328488.0,185.61,36.9
"Palm oil: 1 bottle,specify bottle",Apr,2017,Q2,198939251,South South,Crops,Non-Perishable,Low,149.9,229.3,305.85,3328488.0,452.42,205.79999999999998
Plantain(ripe),Apr,2017,Q2,198939251,South East,Crops,Perishable,Medium,149.9,229.3,305.85,3328488.0,240.71,131.73333333333332
Plantain(unripe),Apr,2017,Q2,198939251,South East,Crops,Perishable,Medium,149.9,229.3,305.85,3328488.0,221.79,131.73333333333332
"Vegetable oil:1 bottle,specify bottle",Apr,2017,Q2,198939251,Imported,Crops,Non-Perishable,Low,149.9,229.3,305.85,3328488.0,525.72,0.0
Wheat flour: prepacked (golden penny 2kg),Apr,2017,Q2,198939251,Imported,Crops,Non-Perishable,Low,149.9,229.3,305.85,3328488.0,627.33,0.0
Agric eggs medium size,May,2017,Q2,199460605,South West,Livestock,Perishable,High,150.7,216.3,305.4,289226.7,522.71,100.8
Agric eggs(medium size price of one),May,2017,Q2,199460605,South West,Livestock,Perishable,High,150.7,216.3,305.4,289226.7,45.73,100.8
"Beans brown,sold loose",May,2017,Q2,199460605,North Central,Crops,Non-Perishable,Low,150.7,216.3,305.4,3328488.0,365.86,63.199999999999996
Beans:white black eye. sold loose,May,2017,Q2,199460605,North East,Crops,Non-Perishable,Low,150.7,216.3,305.4,3328488.0,332.28,21.933333333333337
Beef Bone in,May,2017,Q2,199460605,North West,Livestock,Perishable,High,150.7,216.3,305.4,289226.7,1123.65,38.96666666666667
"Beef,boneless",May,2017,Q2,199460605,North West,Livestock,Perishable,High,150.7,216.3,305.4,289226.7,1378.91,38.96666666666667
Bread sliced 500g,May,2017,Q2,199460605,South West,Crops,Perishable,Medium,150.7,216.3,305.4,3328488.0,307.7,100.8
Bread unsliced 500g,May,2017,Q2,199460605,South West,Crops,Perishable,Medium,150.7,216.3,305.4,3328488.0,282.26,100.8
Broken Rice (Ofada),May,2017,Q2,199460605,South West,Crops,Non-Perishable,Low,150.7,216.3,305.4,3328488.0,460.1,100.8
Chicken Feet,May,2017,Q2,199460605,South East,Livestock,Perishable,High,150.7,216.3,305.4,289226.7,819.59,149.03333333333333
Chicken Wings,May,2017,Q2,199460605,South East,Livestock,Perishable,High,150.7,216.3,305.4,289226.7,925.55,149.03333333333333
Evaporated tinned milk carnation 170g,May,2017,Q2,199460605,Imported,Imported,Non-Perishable,Low,150.7,216.3,305.4,0.0,157.95,0.0
"Evaporated tinned milk(peak), 170g",May,2017,Q2,199460605,Imported,Imported,Non-Perishable,Low,150.7,216.3,305.4,0.0,198.42,0.0
Frozen chicken,May,2017,Q2,199460605,South East,Livestock,Perishable,High,150.7,216.3,305.4,289226.7,1605.97,149.03333333333333
"Gari white,sold loose",May,2017,Q2,199460605,South West,Crops,Non-Perishable,Low,150.7,216.3,305.4,3328488.0,292.97,100.8
"Gari yellow,sold loose",May,2017,Q2,199460605,South West,Crops,Non-Perishable,Low,150.7,216.3,305.4,3328488.0,326.83,100.8
Mudfish (aro) fresh,May,2017,Q2,199460605,South South,Fishing,Perishable,High,150.7,216.3,305.4,81197.95,1047.28,271.1666666666667
Mudfish : dried,May,2017,Q2,199460605,South South,Fishing,Non-Perishable,Low,150.7,216.3,305.4,81197.95,2388.05,271.1666666666667
Onion bulb,May,2017,Q2,199460605,North East,Crops,Perishable,Low,150.7,216.3,305.4,3328488.0,203.56,21.933333333333337
Rice agric sold loose,May,2017,Q2,199460605,North Central,Crops,Non-Perishable,Low,150.7,216.3,305.4,3328488.0,347.73,63.199999999999996
Rice local sold loose,May,2017,Q2,199460605,North Central,Crops,Non-Perishable,Low,150.7,216.3,305.4,3328488.0,323.82,63.199999999999996
Rice Medium Grained,May,2017,Q2,199460605,North Central,Crops,Non-Perishable,Low,150.7,216.3,305.4,3328488.0,350.36,63.199999999999996
"Rice,imported high quality sold loose",May,2017,Q2,199460605,Imported,Imported,Non-Perishable,Low,150.7,216.3,305.4,0.0,410.55,0.0
Tomato,May,2017,Q2,199460605,North Central,Crops,Perishable,High,150.7,216.3,305.4,3328488.0,339.72,63.199999999999996
Yam tuber,May,2017,Q2,199460605,South East,Crops,Perishable,Medium,150.7,216.3,305.4,3328488.0,279.15,149.03333333333333
Dried Fish Sardine,May,2017,Q2,199460605,South South,Fishing,Non-Perishable,Low,150.7,216.3,305.4,81197.95,991.64,271.1666666666667
Iced Sardine,May,2017,Q2,199460605,Imported,Fishing,Perishable,High,150.7,216.3,305.4,81197.95,1919.64,0.0
Irish potato,May,2017,Q2,199460605,North East,Crops,Perishable,Medium,150.7,216.3,305.4,3328488.0,315.86,21.933333333333337
Sweet potato,May,2017,Q2,199460605,South East,Crops,Perishable,Medium,150.7,216.3,305.4,3328488.0,130.28,149.03333333333333
Tilapia fish (epiya) fresh,May,2017,Q2,199460605,South South,Fishing,Perishable,High,150.7,216.3,305.4,81197.95,805.21,271.1666666666667
Titus:frozen,May,2017,Q2,199460605,Imported,Fishing,Perishable,High,150.7,216.3,305.4,81197.95,969.64,0.0
Catfish (obokun) fresh,May,2017,Q2,199460605,South West,Fishing,Perishable,High,150.7,216.3,305.4,81197.95,900.73,100.8
Catfish :dried,May,2017,Q2,199460605,South West,Fishing,Non-Perishable,Low,150.7,216.3,305.4,81197.95,2213.66,100.8
Catfish Smoked,May,2017,Q2,199460605,South West,Fishing,Non-Perishable,Low,150.7,216.3,305.4,81197.95,845.91,100.8
Mackerel : frozen,May,2017,Q2,199460605,Imported,Fishing,Perishable,High,150.7,216.3,305.4,81197.95,785.37,0.0
"Groundnut oil: 1 bottle, specify bottle",May,2017,Q2,199460605,North East,Crops,Non-Perishable,Low,150.7,216.3,305.4,3328488.0,500.19,21.933333333333337
Maize grain white sold loose,May,2017,Q2,199460605,North Central,Crops,Non-Perishable,Low,150.7,216.3,305.4,3328488.0,188.9,63.199999999999996
Maize grain yellow sold loose,May,2017,Q2,199460605,North Central,Crops,Non-Perishable,Low,150.7,216.3,305.4,3328488.0,190.59,63.199999999999996
"Palm oil: 1 bottle,specify bottle",May,2017,Q2,199460605,South South,Crops,Non-Perishable,Low,150.7,216.3,305.4,3328488.0,458.24,271.1666666666667
Plantain(ripe),May,2017,Q2,199460605,South East,Crops,Perishable,Medium,150.7,216.3,305.4,3328488.0,241.48,149.03333333333333
Plantain(unripe),May,2017,Q2,199460605,South East,Crops,Perishable,Medium,150.7,216.3,305.4,3328488.0,224.65,149.03333333333333
"Vegetable oil:1 bottle,specify bottle",May,2017,Q2,199460605,Imported,Crops,Non-Perishable,Low,150.7,216.3,305.4,3328488.0,524.77,0.0
Wheat flour: prepacked (golden penny 2kg),May,2017,Q2,199460605,Imported,Crops,Non-Perishable,Low,150.7,216.3,305.4,3328488.0,646.18,0.0
Agric eggs medium size,Jun,2017,Q2,199983056,South West,Livestock,Perishable,High,150.3,216.3,305.9,289226.7,514.66,210.63333333333333
Agric eggs(medium size price of one),Jun,2017,Q2,199983056,South West,Livestock,Perishable,High,150.3,216.3,305.9,289226.7,45.28,210.63333333333333
"Beans brown,sold loose",Jun,2017,Q2,199983056,North Central,Crops,Non-Perishable,Low,150.3,216.3,305.9,3328488.0,374.26,118.33333333333333
Beans:white black eye. sold loose,Jun,2017,Q2,199983056,North East,Crops,Non-Perishable,Low,150.3,216.3,305.9,3328488.0,339.64,56.1
Beef Bone in,Jun,2017,Q2,199983056,North West,Livestock,Perishable,High,150.3,216.3,305.9,289226.7,1129.02,126.93333333333334
"Beef,boneless",Jun,2017,Q2,199983056,North West,Livestock,Perishable,High,150.3,216.3,305.9,289226.7,1393.42,126.93333333333334
Bread sliced 500g,Jun,2017,Q2,199983056,South West,Crops,Perishable,Medium,150.3,216.3,305.9,3328488.0,320.58,210.63333333333333
Bread unsliced 500g,Jun,2017,Q2,199983056,South West,Crops,Perishable,Medium,150.3,216.3,305.9,3328488.0,286.78,210.63333333333333
Broken Rice (Ofada),Jun,2017,Q2,199983056,South West,Crops,Non-Perishable,Low,150.3,216.3,305.9,3328488.0,472.29,210.63333333333333
Chicken Feet,Jun,2017,Q2,199983056,South East,Livestock,Perishable,High,150.3,216.3,305.9,289226.7,832.79,214.70000000000002
Chicken Wings,Jun,2017,Q2,199983056,South East,Livestock,Perishable,High,150.3,216.3,305.9,289226.7,952.18,214.70000000000002
Evaporated tinned milk carnation 170g,Jun,2017,Q2,199983056,Imported,Imported,Non-Perishable,Low,150.3,216.3,305.9,0.0,162.8,0.0
"Evaporated tinned milk(peak), 170g",Jun,2017,Q2,199983056,Imported,Imported,Non-Perishable,Low,150.3,216.3,305.9,0.0,194.67,0.0
Frozen chicken,Jun,2017,Q2,199983056,South East,Livestock,Perishable,High,150.3,216.3,305.9,289226.7,1645.29,214.70000000000002
"Gari white,sold loose",Jun,2017,Q2,199983056,South West,Crops,Non-Perishable,Low,150.3,216.3,305.9,3328488.0,315.61,210.63333333333333
"Gari yellow,sold loose",Jun,2017,Q2,199983056,South West,Crops,Non-Perishable,Low,150.3,216.3,305.9,3328488.0,354.55,210.63333333333333
Mudfish (aro) fresh,Jun,2017,Q2,199983056,South South,Fishing,Perishable,High,150.3,216.3,305.9,81197.95,1071.13,348.6333333333334
Mudfish : dried,Jun,2017,Q2,199983056,South South,Fishing,Non-Perishable,Low,150.3,216.3,305.9,81197.95,2416.28,348.6333333333334
Onion bulb,Jun,2017,Q2,199983056,North East,Crops,Perishable,Low,150.3,216.3,305.9,3328488.0,214.79,56.1
Rice agric sold loose,Jun,2017,Q2,199983056,North Central,Crops,Non-Perishable,Low,150.3,216.3,305.9,3328488.0,352.09,118.33333333333333
Rice local sold loose,Jun,2017,Q2,199983056,North Central,Crops,Non-Perishable,Low,150.3,216.3,305.9,3328488.0,325.51,118.33333333333333
Rice Medium Grained,Jun,2017,Q2,199983056,North Central,Crops,Non-Perishable,Low,150.3,216.3,305.9,3328488.0,348.23,118.33333333333333
"Rice,imported high quality sold loose",Jun,2017,Q2,199983056,Imported,Imported,Non-Perishable,Low,150.3,216.3,305.9,0.0,415.84,0.0
Tomato,Jun,2017,Q2,199983056,North Central,Crops,Perishable,High,150.3,216.3,305.9,3328488.0,375.0,118.33333333333333
Yam tuber,Jun,2017,Q2,199983056,South East,Crops,Perishable,Medium,150.3,216.3,305.9,3328488.0,292.06,214.70000000000002
Dried Fish Sardine,Jun,2017,Q2,199983056,South South,Fishing,Non-Perishable,Low,150.3,216.3,305.9,81197.95,989.49,348.6333333333334
Iced Sardine,Jun,2017,Q2,199983056,Imported,Fishing,Perishable,High,150.3,216.3,305.9,81197.95,1916.19,0.0
Irish potato,Jun,2017,Q2,199983056,North East,Crops,Perishable,Medium,150.3,216.3,305.9,3328488.0,319.3,56.1
Sweet potato,Jun,2017,Q2,199983056,South East,Crops,Perishable,Medium,150.3,216.3,305.9,3328488.0,135.77,214.70000000000002
Tilapia fish (epiya) fresh,Jun,2017,Q2,199983056,South South,Fishing,Perishable,High,150.3,216.3,305.9,81197.95,817.62,348.6333333333334
Titus:frozen,Jun,2017,Q2,199983056,Imported,Fishing,Perishable,High,150.3,216.3,305.9,81197.95,1012.18,0.0
Catfish (obokun) fresh,Jun,2017,Q2,199983056,South West,Fishing,Perishable,High,150.3,216.3,305.9,81197.95,916.55,210.63333333333333
Catfish :dried,Jun,2017,Q2,199983056,South West,Fishing,Non-Perishable,Low,150.3,216.3,305.9,81197.95,2255.24,210.63333333333333
Catfish Smoked,Jun,2017,Q2,199983056,South West,Fishing,Non-Perishable,Low,150.3,216.3,305.9,81197.95,848.41,210.63333333333333
Mackerel : frozen,Jun,2017,Q2,199983056,Imported,Fishing,Perishable,High,150.3,216.3,305.9,81197.95,794.64,0.0
"Groundnut oil: 1 bottle, specify bottle",Jun,2017,Q2,199983056,North East,Crops,Non-Perishable,Low,150.3,216.3,305.9,3328488.0,503.28,56.1
Maize grain white sold loose,Jun,2017,Q2,199983056,North Central,Crops,Non-Perishable,Low,150.3,216.3,305.9,3328488.0,190.33,118.33333333333333
Maize grain yellow sold loose,Jun,2017,Q2,199983056,North Central,Crops,Non-Perishable,Low,150.3,216.3,305.9,3328488.0,191.36,118.33333333333333
"Palm oil: 1 bottle,specify bottle",Jun,2017,Q2,199983056,South South,Crops,Non-Perishable,Low,150.3,216.3,305.9,3328488.0,471.28,348.6333333333334
Plantain(ripe),Jun,2017,Q2,199983056,South East,Crops,Perishable,Medium,150.3,216.3,305.9,3328488.0,249.71,214.70000000000002
Plantain(unripe),Jun,2017,Q2,199983056,South East,Crops,Perishable,Medium,150.3,216.3,305.9,3328488.0,228.46,214.70000000000002
"Vegetable oil:1 bottle,specify bottle",Jun,2017,Q2,199983056,Imported,Crops,Non-Perishable,Low,150.3,216.3,305.9,3328488.0,546.29,0.0
Wheat flour: prepacked (golden penny 2kg),Jun,2017,Q2,199983056,Imported,Crops,Non-Perishable,Low,150.3,216.3,305.9,3328488.0,632.09,0.0
Agric eggs medium size,Jul,2017,Q3,200506605,South West,Livestock,Perishable,High,148.2,197.6,305.65,283888.28,498.5,192.4333333333333
Agric eggs(medium size price of one),Jul,2017,Q3,200506605,South West,Livestock,Perishable,High,148.2,197.6,305.65,283888.28,44.32,192.4333333333333
"Beans brown,sold loose",Jul,2017,Q3,200506605,North Central,Crops,Non-Perishable,Low,148.2,197.6,305.65,4787569.0,382.35,106.23333333333333
Beans:white black eye. sold loose,Jul,2017,Q3,200506605,North East,Crops,Non-Perishable,Low,148.2,197.6,305.65,4787569.0,343.96,78.16666666666667
Beef Bone in,Jul,2017,Q3,200506605,North West,Livestock,Perishable,High,148.2,197.6,305.65,283888.28,1128.94,81.8
"Beef,boneless",Jul,2017,Q3,200506605,North West,Livestock,Perishable,High,148.2,197.6,305.65,283888.28,1376.91,81.8
Bread sliced 500g,Jul,2017,Q3,200506605,South West,Crops,Perishable,Medium,148.2,197.6,305.65,4787569.0,314.47,192.4333333333333
Bread unsliced 500g,Jul,2017,Q3,200506605,South West,Crops,Perishable,Medium,148.2,197.6,305.65,4787569.0,285.55,192.4333333333333
Broken Rice (Ofada),Jul,2017,Q3,200506605,South West,Crops,Non-Perishable,Low,148.2,197.6,305.65,4787569.0,473.4,192.4333333333333
Chicken Feet,Jul,2017,Q3,200506605,South East,Livestock,Perishable,High,148.2,197.6,305.65,283888.28,832.66,229.5666666666667
Chicken Wings,Jul,2017,Q3,200506605,South East,Livestock,Perishable,High,148.2,197.6,305.65,283888.28,958.05,229.5666666666667
Evaporated tinned milk carnation 170g,Jul,2017,Q3,200506605,Imported,Imported,Non-Perishable,Low,148.2,197.6,305.65,0.0,162.72,0.0
"Evaporated tinned milk(peak), 170g",Jul,2017,Q3,200506605,Imported,Imported,Non-Perishable,Low,148.2,197.6,305.65,0.0,195.94,0.0
Frozen chicken,Jul,2017,Q3,200506605,South East,Livestock,Perishable,High,148.2,197.6,305.65,283888.28,1623.84,229.5666666666667
"Gari white,sold loose",Jul,2017,Q3,200506605,South West,Crops,Non-Perishable,Low,148.2,197.6,305.65,4787569.0,317.1,192.4333333333333
"Gari yellow,sold loose",Jul,2017,Q3,200506605,South West,Crops,Non-Perishable,Low,148.2,197.6,305.65,4787569.0,350.46,192.4333333333333
Mudfish (aro) fresh,Jul,2017,Q3,200506605,South South,Fishing,Perishable,High,148.2,197.6,305.65,76123.29,1080.33,296.53333333333336
Mudfish : dried,Jul,2017,Q3,200506605,South South,Fishing,Non-Perishable,Low,148.2,197.6,305.65,76123.29,2395.79,296.53333333333336
Onion bulb,Jul,2017,Q3,200506605,North East,Crops,Perishable,Low,148.2,197.6,305.65,4787569.0,213.14,78.16666666666667
Rice agric sold loose,Jul,2017,Q3,200506605,North Central,Crops,Non-Perishable,Low,148.2,197.6,305.65,4787569.0,354.08,106.23333333333333
Rice local sold loose,Jul,2017,Q3,200506605,North Central,Crops,Non-Perishable,Low,148.2,197.6,305.65,4787569.0,323.25,106.23333333333333
Rice Medium Grained,Jul,2017,Q3,200506605,North Central,Crops,Non-Perishable,Low,148.2,197.6,305.65,4787569.0,344.4,106.23333333333333
"Rice,imported high quality sold loose",Jul,2017,Q3,200506605,Imported,Imported,Non-Perishable,Low,148.2,197.6,305.65,0.0,409.2,0.0
Tomato,Jul,2017,Q3,200506605,North Central,Crops,Perishable,High,148.2,197.6,305.65,4787569.0,394.13,106.23333333333333
Yam tuber,Jul,2017,Q3,200506605,South East,Crops,Perishable,Medium,148.2,197.6,305.65,4787569.0,294.12,229.5666666666667
Dried Fish Sardine,Jul,2017,Q3,200506605,South South,Fishing,Non-Perishable,Low,148.2,197.6,305.65,76123.29,968.76,296.53333333333336
Iced Sardine,Jul,2017,Q3,200506605,Imported,Fishing,Perishable,High,148.2,197.6,305.65,76123.29,1915.25,0.0
Irish potato,Jul,2017,Q3,200506605,North East,Crops,Perishable,Medium,148.2,197.6,305.65,4787569.0,311.4,78.16666666666667
Sweet potato,Jul,2017,Q3,200506605,South East,Crops,Perishable,Medium,148.2,197.6,305.65,4787569.0,137.96,229.5666666666667
Tilapia fish (epiya) fresh,Jul,2017,Q3,200506605,South South,Fishing,Perishable,High,148.2,197.6,305.65,76123.29,823.34,296.53333333333336
Titus:frozen,Jul,2017,Q3,200506605,Imported,Fishing,Perishable,High,148.2,197.6,305.65,76123.29,1014.54,0.0
Catfish (obokun) fresh,Jul,2017,Q3,200506605,South West,Fishing,Perishable,High,148.2,197.6,305.65,76123.29,910.57,192.4333333333333
Catfish :dried,Jul,2017,Q3,200506605,South West,Fishing,Non-Perishable,Low,148.2,197.6,305.65,76123.29,2215.25,192.4333333333333
Catfish Smoked,Jul,2017,Q3,200506605,South West,Fishing,Non-Perishable,Low,148.2,197.6,305.65,76123.29,853.18,192.4333333333333
Mackerel : frozen,Jul,2017,Q3,200506605,Imported,Fishing,Perishable,High,148.2,197.6,305.65,76123.29,795.82,0.0
"Groundnut oil: 1 bottle, specify bottle",Jul,2017,Q3,200506605,North East,Crops,Non-Perishable,Low,148.2,197.6,305.65,4787569.0,505.12,78.16666666666667
Maize grain white sold loose,Jul,2017,Q3,200506605,North Central,Crops,Non-Perishable,Low,148.2,197.6,305.65,4787569.0,191.33,106.23333333333333
Maize grain yellow sold loose,Jul,2017,Q3,200506605,North Central,Crops,Non-Perishable,Low,148.2,197.6,305.65,4787569.0,193.02,106.23333333333333
"Palm oil: 1 bottle,specify bottle",Jul,2017,Q3,200506605,South South,Crops,Non-Perishable,Low,148.2,197.6,305.65,4787569.0,478.75,296.53333333333336
Plantain(ripe),Jul,2017,Q3,200506605,South East,Crops,Perishable,Medium,148.2,197.6,305.65,4787569.0,251.27,229.5666666666667
Plantain(unripe),Jul,2017,Q3,200506605,South East,Crops,Perishable,Medium,148.2,197.6,305.65,4787569.0,223.47,229.5666666666667
"Vegetable oil:1 bottle,specify bottle",Jul,2017,Q3,200506605,Imported,Crops,Non-Perishable,Low,148.2,197.6,305.65,4787569.0,552.91,0.0
Wheat flour: prepacked (golden penny 2kg),Jul,2017,Q3,200506605,Imported,Crops,Non-Perishable,Low,148.2,197.6,305.65,4787569.0,630.47,0.0
Agric eggs medium size,Aug,2017,Q3,201031254,South West,Livestock,Perishable,High,144.4,196.2,305.85,283888.28,485.19,158.63333333333333
Agric eggs(medium size price of one),Aug,2017,Q3,201031254,South West,Livestock,Perishable,High,144.4,196.2,305.85,283888.28,42.92,158.63333333333333
"Beans brown,sold loose",Aug,2017,Q3,201031254,North Central,Crops,Non-Perishable,Low,144.4,196.2,305.85,4787569.0,370.25,220.16666666666666
Beans:white black eye. sold loose,Aug,2017,Q3,201031254,North East,Crops,Non-Perishable,Low,144.4,196.2,305.85,4787569.0,335.71,179.20000000000002
Beef Bone in,Aug,2017,Q3,201031254,North West,Livestock,Perishable,High,144.4,196.2,305.85,283888.28,1151.38,157.66666666666666
"Beef,boneless",Aug,2017,Q3,201031254,North West,Livestock,Perishable,High,144.4,196.2,305.85,283888.28,1276.85,157.66666666666666
Bread sliced 500g,Aug,2017,Q3,201031254,South West,Crops,Perishable,Medium,144.4,196.2,305.85,4787569.0,304.2,158.63333333333333
Bread unsliced 500g,Aug,2017,Q3,201031254,South West,Crops,Perishable,Medium,144.4,196.2,305.85,4787569.0,258.7,158.63333333333333
Broken Rice (Ofada),Aug,2017,Q3,201031254,South West,Crops,Non-Perishable,Low,144.4,196.2,305.85,4787569.0,415.34,158.63333333333333
Chicken Feet,Aug,2017,Q3,201031254,South East,Livestock,Perishable,High,144.4,196.2,305.85,283888.28,834.74,276.73333333333335
Chicken Wings,Aug,2017,Q3,201031254,South East,Livestock,Perishable,High,144.4,196.2,305.85,283888.28,946.93,276.73333333333335
Evaporated tinned milk carnation 170g,Aug,2017,Q3,201031254,Imported,Imported,Non-Perishable,Low,144.4,196.2,305.85,0.0,158.85,0.0
"Evaporated tinned milk(peak), 170g",Aug,2017,Q3,201031254,Imported,Imported,Non-Perishable,Low,144.4,196.2,305.85,0.0,190.53,0.0
Frozen chicken,Aug,2017,Q3,201031254,South East,Livestock,Perishable,High,144.4,196.2,305.85,283888.28,1529.25,276.73333333333335
"Gari white,sold loose",Aug,2017,Q3,201031254,South West,Crops,Non-Perishable,Low,144.4,196.2,305.85,4787569.0,310.15,158.63333333333333
"Gari yellow,sold loose",Aug,2017,Q3,201031254,South West,Crops,Non-Perishable,Low,144.4,196.2,305.85,4787569.0,345.82,158.63333333333333
Mudfish (aro) fresh,Aug,2017,Q3,201031254,South South,Fishing,Perishable,High,144.4,196.2,305.85,76123.29,998.57,398.40000000000003
Mudfish : dried,Aug,2017,Q3,201031254,South South,Fishing,Non-Perishable,Low,144.4,196.2,305.85,76123.29,2161.7,398.40000000000003
Onion bulb,Aug,2017,Q3,201031254,North East,Crops,Perishable,Low,144.4,196.2,305.85,4787569.0,236.66,179.20000000000002
Rice agric sold loose,Aug,2017,Q3,201031254,North Central,Crops,Non-Perishable,Low,144.4,196.2,305.85,4787569.0,349.64,220.16666666666666
Rice local sold loose,Aug,2017,Q3,201031254,North Central,Crops,Non-Perishable,Low,144.4,196.2,305.85,4787569.0,320.19,220.16666666666666
Rice Medium Grained,Aug,2017,Q3,201031254,North Central,Crops,Non-Perishable,Low,144.4,196.2,305.85,4787569.0,313.45,220.16666666666666
"Rice,imported high quality sold loose",Aug,2017,Q3,201031254,Imported,Imported,Non-Perishable,Low,144.4,196.2,305.85,0.0,384.35,0.0
Tomato,Aug,2017,Q3,201031254,North Central,Crops,Perishable,High,144.4,196.2,305.85,4787569.0,431.3,220.16666666666666
Yam tuber,Aug,2017,Q3,201031254,South East,Crops,Perishable,Medium,144.4,196.2,305.85,4787569.0,343.39,276.73333333333335
Dried Fish Sardine,Aug,2017,Q3,201031254,South South,Fishing,Non-Perishable,Low,144.4,196.2,305.85,76123.29,972.65,398.40000000000003
Iced Sardine,Aug,2017,Q3,201031254,Imported,Fishing,Perishable,High,144.4,196.2,305.85,76123.29,1904.67,0.0
Irish potato,Aug,2017,Q3,201031254,North East,Crops,Perishable,Medium,144.4,196.2,305.85,4787569.0,310.48,179.20000000000002
Sweet potato,Aug,2017,Q3,201031254,South East,Crops,Perishable,Medium,144.4,196.2,305.85,4787569.0,138.56,276.73333333333335
Tilapia fish (epiya) fresh,Aug,2017,Q3,201031254,South South,Fishing,Perishable,High,144.4,196.2,305.85,76123.29,820.29,398.40000000000003
Titus:frozen,Aug,2017,Q3,201031254,Imported,Fishing,Perishable,High,144.4,196.2,305.85,76123.29,998.01,0.0
Catfish (obokun) fresh,Aug,2017,Q3,201031254,South West,Fishing,Perishable,High,144.4,196.2,305.85,76123.29,921.17,158.63333333333333
Catfish :dried,Aug,2017,Q3,201031254,South West,Fishing,Non-Perishable,Low,144.4,196.2,305.85,76123.29,2176.82,158.63333333333333
Catfish Smoked,Aug,2017,Q3,201031254,South West,Fishing,Non-Perishable,Low,144.4,196.2,305.85,76123.29,852.93,158.63333333333333
Mackerel : frozen,Aug,2017,Q3,201031254,Imported,Fishing,Perishable,High,144.4,196.2,305.85,76123.29,797.77,0.0
"Groundnut oil: 1 bottle, specify bottle",Aug,2017,Q3,201031254,North East,Crops,Non-Perishable,Low,144.4,196.2,305.85,4787569.0,508.33,179.20000000000002
Maize grain white sold loose,Aug,2017,Q3,201031254,North Central,Crops,Non-Perishable,Low,144.4,196.2,305.85,4787569.0,192.44,220.16666666666666
Maize grain yellow sold loose,Aug,2017,Q3,201031254,North Central,Crops,Non-Perishable,Low,144.4,196.2,305.85,4787569.0,193.43,220.16666666666666
"Palm oil: 1 bottle,specify bottle",Aug,2017,Q3,201031254,South South,Crops,Non-Perishable,Low,144.4,196.2,305.85,4787569.0,492.9,398.40000000000003
Plantain(ripe),Aug,2017,Q3,201031254,South East,Crops,Perishable,Medium,144.4,196.2,305.85,4787569.0,254.02,276.73333333333335
Plantain(unripe),Aug,2017,Q3,201031254,South East,Crops,Perishable,Medium,144.4,196.2,305.85,4787569.0,226.26,276.73333333333335
"Vegetable oil:1 bottle,specify bottle",Aug,2017,Q3,201031254,Imported,Crops,Non-Perishable,Low,144.4,196.2,305.85,4787569.0,559.01,0.0
Wheat flour: prepacked (golden penny 2kg),Aug,2017,Q3,201031254,Imported,Crops,Non-Perishable,Low,144.4,196.2,305.85,4787569.0,647.29,0.0
Agric eggs medium size,Sep,2017,Q3,201557004,South West,Livestock,Perishable,High,144.5,184.8,305.75,283888.28,487.51,130.33333333333334
Agric eggs(medium size price of one),Sep,2017,Q3,201557004,South West,Livestock,Perishable,High,144.5,184.8,305.75,283888.28,45.72,130.33333333333334
"Beans brown,sold loose",Sep,2017,Q3,201557004,North Central,Crops,Non-Perishable,Low,144.5,184.8,305.75,4787569.0,404.84,122.53333333333335
Beans:white black eye. sold loose,Sep,2017,Q3,201557004,North East,Crops,Non-Perishable,Low,144.5,184.8,305.75,4787569.0,358.13,78.46666666666667
Beef Bone in,Sep,2017,Q3,201557004,North West,Livestock,Perishable,High,144.5,184.8,305.75,283888.28,1078.49,99.56666666666666
"Beef,boneless",Sep,2017,Q3,201557004,North West,Livestock,Perishable,High,144.5,184.8,305.75,283888.28,1324.93,99.56666666666666
Bread sliced 500g,Sep,2017,Q3,201557004,South West,Crops,Perishable,Medium,144.5,184.8,305.75,4787569.0,310.62,130.33333333333334
Bread unsliced 500g,Sep,2017,Q3,201557004,South West,Crops,Perishable,Medium,144.5,184.8,305.75,4787569.0,286.33,130.33333333333334
Broken Rice (Ofada),Sep,2017,Q3,201557004,South West,Crops,Non-Perishable,Low,144.5,184.8,305.75,4787569.0,431.59,130.33333333333334
Chicken Feet,Sep,2017,Q3,201557004,South East,Livestock,Perishable,High,144.5,184.8,305.75,283888.28,817.19,239.76666666666665
Chicken Wings,Sep,2017,Q3,201557004,South East,Livestock,Perishable,High,144.5,184.8,305.75,283888.28,979.32,239.76666666666665
Evaporated tinned milk carnation 170g,Sep,2017,Q3,201557004,Imported,Imported,Non-Perishable,Low,144.5,184.8,305.75,0.0,174.36,0.0
"Evaporated tinned milk(peak), 170g",Sep,2017,Q3,201557004,Imported,Imported,Non-Perishable,Low,144.5,184.8,305.75,0.0,206.0,0.0
Frozen chicken,Sep,2017,Q3,201557004,South East,Livestock,Perishable,High,144.5,184.8,305.75,283888.28,1570.26,239.76666666666665
"Gari white,sold loose",Sep,2017,Q3,201557004,South West,Crops,Non-Perishable,Low,144.5,184.8,305.75,4787569.0,301.99,130.33333333333334
"Gari yellow,sold loose",Sep,2017,Q3,201557004,South West,Crops,Non-Perishable,Low,144.5,184.8,305.75,4787569.0,335.94,130.33333333333334
Mudfish (aro) fresh,Sep,2017,Q3,201557004,South South,Fishing,Perishable,High,144.5,184.8,305.75,76123.29,1069.92,340.3666666666667
Mudfish : dried,Sep,2017,Q3,201557004,South South,Fishing,Non-Perishable,Low,144.5,184.8,305.75,76123.29,2204.04,340.3666666666667
Onion bulb,Sep,2017,Q3,201557004,North East,Crops,Perishable,Low,144.5,184.8,305.75,4787569.0,238.29,78.46666666666667
Rice agric sold loose,Sep,2017,Q3,201557004,North Central,Crops,Non-Perishable,Low,144.5,184.8,305.75,4787569.0,351.09,122.53333333333335
Rice local sold loose,Sep,2017,Q3,201557004,North Central,Crops,Non-Perishable,Low,144.5,184.8,305.75,4787569.0,316.4,122.53333333333335
Rice Medium Grained,Sep,2017,Q3,201557004,North Central,Crops,Non-Perishable,Low,144.5,184.8,305.75,4787569.0,339.47,122.53333333333335
"Rice,imported high quality sold loose",Sep,2017,Q3,201557004,Imported,Imported,Non-Perishable,Low,144.5,184.8,305.75,0.0,398.01,0.0
Tomato,Sep,2017,Q3,201557004,North Central,Crops,Perishable,High,144.5,184.8,305.75,4787569.0,322.39,122.53333333333335
Yam tuber,Sep,2017,Q3,201557004,South East,Crops,Perishable,Medium,144.5,184.8,305.75,4787569.0,259.51,239.76666666666665
Dried Fish Sardine,Sep,2017,Q3,201557004,South South,Fishing,Non-Perishable,Low,144.5,184.8,305.75,76123.29,947.6,340.3666666666667
Iced Sardine,Sep,2017,Q3,201557004,Imported,Fishing,Perishable,High,144.5,184.8,305.75,76123.29,1878.46,0.0
Irish potato,Sep,2017,Q3,201557004,North East,Crops,Perishable,Medium,144.5,184.8,305.75,4787569.0,307.46,78.46666666666667
Sweet potato,Sep,2017,Q3,201557004,South East,Crops,Perishable,Medium,144.5,184.8,305.75,4787569.0,139.0,239.76666666666665
Tilapia fish (epiya) fresh,Sep,2017,Q3,201557004,South South,Fishing,Perishable,High,144.5,184.8,305.75,76123.29,795.64,340.3666666666667
Titus:frozen,Sep,2017,Q3,201557004,Imported,Fishing,Perishable,High,144.5,184.8,305.75,76123.29,973.99,0.0
Catfish (obokun) fresh,Sep,2017,Q3,201557004,South West,Fishing,Perishable,High,144.5,184.8,305.75,76123.29,894.52,130.33333333333334
Catfish :dried,Sep,2017,Q3,201557004,South West,Fishing,Non-Perishable,Low,144.5,184.8,305.75,76123.29,2159.0,130.33333333333334
Catfish Smoked,Sep,2017,Q3,201557004,South West,Fishing,Non-Perishable,Low,144.5,184.8,305.75,76123.29,839.49,130.33333333333334
Mackerel : frozen,Sep,2017,Q3,201557004,Imported,Fishing,Perishable,High,144.5,184.8,305.75,76123.29,785.57,0.0
"Groundnut oil: 1 bottle, specify bottle",Sep,2017,Q3,201557004,North East,Crops,Non-Perishable,Low,144.5,184.8,305.75,4787569.0,477.97,78.46666666666667
Maize grain white sold loose,Sep,2017,Q3,201557004,North Central,Crops,Non-Perishable,Low,144.5,184.8,305.75,4787569.0,168.12,122.53333333333335
Maize grain yellow sold loose,Sep,2017,Q3,201557004,North Central,Crops,Non-Perishable,Low,144.5,184.8,305.75,4787569.0,168.19,122.53333333333335
"Palm oil: 1 bottle,specify bottle",Sep,2017,Q3,201557004,South South,Crops,Non-Perishable,Low,144.5,184.8,305.75,4787569.0,439.88,340.3666666666667
Plantain(ripe),Sep,2017,Q3,201557004,South East,Crops,Perishable,Medium,144.5,184.8,305.75,4787569.0,231.7,239.76666666666665
Plantain(unripe),Sep,2017,Q3,201557004,South East,Crops,Perishable,Medium,144.5,184.8,305.75,4787569.0,215.96,239.76666666666665
"Vegetable oil:1 bottle,specify bottle",Sep,2017,Q3,201557004,Imported,Crops,Non-Perishable,Low,144.5,184.8,305.75,4787569.0,505.51,0.0
Wheat flour: prepacked (golden penny 2kg),Sep,2017,Q3,201557004,Imported,Crops,Non-Perishable,Low,144.5,184.8,305.75,4787569.0,627.0,0.0
Agric eggs medium size,Oct,2017,Q4,202083858,South West,Livestock,Perishable,High,146.0,201.96,305.8,333186.84,472.85,75.73333333333333
Agric eggs(medium size price of one),Oct,2017,Q4,202083858,South West,Livestock,Perishable,High,146.0,201.96,305.8,333186.84,42.06,75.73333333333333
"Beans brown,sold loose",Oct,2017,Q4,202083858,North Central,Crops,Non-Perishable,Low,146.0,201.96,305.8,4377459.5,382.58,31.73333333333333
Beans:white black eye. sold loose,Oct,2017,Q4,202083858,North East,Crops,Non-Perishable,Low,146.0,201.96,305.8,4377459.5,342.05,10.299999999999999
Beef Bone in,Oct,2017,Q4,202083858,North West,Livestock,Perishable,High,146.0,201.96,305.8,333186.84,1081.3,15.133333333333335
"Beef,boneless",Oct,2017,Q4,202083858,North West,Livestock,Perishable,High,146.0,201.96,305.8,333186.84,1312.73,15.133333333333335
Bread sliced 500g,Oct,2017,Q4,202083858,South West,Crops,Perishable,Medium,146.0,201.96,305.8,4377459.5,305.88,75.73333333333333
Bread unsliced 500g,Oct,2017,Q4,202083858,South West,Crops,Perishable,Medium,146.0,201.96,305.8,4377459.5,280.34,75.73333333333333
Broken Rice (Ofada),Oct,2017,Q4,202083858,South West,Crops,Non-Perishable,Low,146.0,201.96,305.8,4377459.5,416.18,75.73333333333333
Chicken Feet,Oct,2017,Q4,202083858,South East,Livestock,Perishable,High,146.0,201.96,305.8,333186.84,800.1,168.03333333333333
Chicken Wings,Oct,2017,Q4,202083858,South East,Livestock,Perishable,High,146.0,201.96,305.8,333186.84,960.71,168.03333333333333
Evaporated tinned milk carnation 170g,Oct,2017,Q4,202083858,Imported,Imported,Non-Perishable,Low,146.0,201.96,305.8,0.0,170.6,0.0
"Evaporated tinned milk(peak), 170g",Oct,2017,Q4,202083858,Imported,Imported,Non-Perishable,Low,146.0,201.96,305.8,0.0,198.67,0.0
Frozen chicken,Oct,2017,Q4,202083858,South East,Livestock,Perishable,High,146.0,201.96,305.8,333186.84,1580.13,168.03333333333333
"Gari white,sold loose",Oct,2017,Q4,202083858,South West,Crops,Non-Perishable,Low,146.0,201.96,305.8,4377459.5,268.1,75.73333333333333
"Gari yellow,sold loose",Oct,2017,Q4,202083858,South West,Crops,Non-Perishable,Low,146.0,201.96,305.8,4377459.5,305.02,75.73333333333333
Mudfish (aro) fresh,Oct,2017,Q4,202083858,South South,Fishing,Perishable,High,146.0,201.96,305.8,99605.4,1074.73,387.3
Mudfish : dried,Oct,2017,Q4,202083858,South South,Fishing,Non-Perishable,Low,146.0,201.96,305.8,99605.4,2190.22,387.3
Onion bulb,Oct,2017,Q4,202083858,North East,Crops,Perishable,Low,146.0,201.96,305.8,4377459.5,217.58,10.299999999999999
Rice agric sold loose,Oct,2017,Q4,202083858,North Central,Crops,Non-Perishable,Low,146.0,201.96,305.8,4377459.5,325.93,31.73333333333333
Rice local sold loose,Oct,2017,Q4,202083858,North Central,Crops,Non-Perishable,Low,146.0,201.96,305.8,4377459.5,292.9,31.73333333333333
Rice Medium Grained,Oct,2017,Q4,202083858,North Central,Crops,Non-Perishable,Low,146.0,201.96,305.8,4377459.5,320.64,31.73333333333333
"Rice,imported high quality sold loose",Oct,2017,Q4,202083858,Imported,Imported,Non-Perishable,Low,146.0,201.96,305.8,0.0,368.9,0.0
Tomato,Oct,2017,Q4,202083858,North Central,Crops,Perishable,High,146.0,201.96,305.8,4377459.5,291.53,31.73333333333333
Yam tuber,Oct,2017,Q4,202083858,South East,Crops,Perishable,Medium,146.0,201.96,305.8,4377459.5,223.63,168.03333333333333
Dried Fish Sardine,Oct,2017,Q4,202083858,South South,Fishing,Non-Perishable,Low,146.0,201.96,305.8,99605.4,967.0,387.3
Iced Sardine,Oct,2017,Q4,202083858,Imported,Fishing,Perishable,High,146.0,201.96,305.8,99605.4,1914.45,0.0
Irish potato,Oct,2017,Q4,202083858,North East,Crops,Perishable,Medium,146.0,201.96,305.8,4377459.5,291.12,10.299999999999999
Sweet potato,Oct,2017,Q4,202083858,South East,Crops,Perishable,Medium,146.0,201.96,305.8,4377459.5,115.73,168.03333333333333
Tilapia fish (epiya) fresh,Oct,2017,Q4,202083858,South South,Fishing,Perishable,High,146.0,201.96,305.8,99605.4,822.39,387.3
Titus:frozen,Oct,2017,Q4,202083858,Imported,Fishing,Perishable,High,146.0,201.96,305.8,99605.4,1050.38,0.0
Catfish (obokun) fresh,Oct,2017,Q4,202083858,South West,Fishing,Perishable,High,146.0,201.96,305.8,99605.4,906.94,75.73333333333333
Catfish :dried,Oct,2017,Q4,202083858,South West,Fishing,Non-Perishable,Low,146.0,201.96,305.8,99605.4,2083.74,75.73333333333333
Catfish Smoked,Oct,2017,Q4,202083858,South West,Fishing,Non-Perishable,Low,146.0,201.96,305.8,99605.4,845.1,75.73333333333333
Mackerel : frozen,Oct,2017,Q4,202083858,Imported,Fishing,Perishable,High,146.0,201.96,305.8,99605.4,828.93,0.0
"Groundnut oil: 1 bottle, specify bottle",Oct,2017,Q4,202083858,North East,Crops,Non-Perishable,Low,146.0,201.96,305.8,4377459.5,504.03,10.299999999999999
Maize grain white sold loose,Oct,2017,Q4,202083858,North Central,Crops,Non-Perishable,Low,146.0,201.96,305.8,4377459.5,191.15,31.73333333333333
Maize grain yellow sold loose,Oct,2017,Q4,202083858,North Central,Crops,Non-Perishable,Low,146.0,201.96,305.8,4377459.5,191.1,31.73333333333333
"Palm oil: 1 bottle,specify bottle",Oct,2017,Q4,202083858,South South,Crops,Non-Perishable,Low,146.0,201.96,305.8,4377459.5,473.61,387.3
Plantain(ripe),Oct,2017,Q4,202083858,South East,Crops,Perishable,Medium,146.0,201.96,305.8,4377459.5,247.38,168.03333333333333
Plantain(unripe),Oct,2017,Q4,202083858,South East,Crops,Perishable,Medium,146.0,201.96,305.8,4377459.5,229.88,168.03333333333333
"Vegetable oil:1 bottle,specify bottle",Oct,2017,Q4,202083858,Imported,Crops,Non-Perishable,Low,146.0,201.96,305.8,4377459.5,547.11,0.0
Wheat flour: prepacked (golden penny 2kg),Oct,2017,Q4,202083858,Imported,Crops,Non-Perishable,Low,146.0,201.96,305.8,4377459.5,641.41,0.0
Agric eggs medium size,Nov,2017,Q4,202611819,South West,Livestock,Perishable,High,145.6,199.3,306.0,333186.84,463.11,31.333333333333332
Agric eggs(medium size price of one),Nov,2017,Q4,202611819,South West,Livestock,Perishable,High,145.6,199.3,306.0,333186.84,40.82,31.333333333333332
"Beans brown,sold loose",Nov,2017,Q4,202611819,North Central,Crops,Non-Perishable,Low,145.6,199.3,306.0,4377459.5,369.78,5.0
Beans:white black eye. sold loose,Nov,2017,Q4,202611819,North East,Crops,Non-Perishable,Low,145.6,199.3,306.0,4377459.5,337.09,0.0
Beef Bone in,Nov,2017,Q4,202611819,North West,Livestock,Perishable,High,145.6,199.3,306.0,333186.84,1065.59,0.0
"Beef,boneless",Nov,2017,Q4,202611819,North West,Livestock,Perishable,High,145.6,199.3,306.0,333186.84,1286.86,0.0
Bread sliced 500g,Nov,2017,Q4,202611819,South West,Crops,Perishable,Medium,145.6,199.3,306.0,4377459.5,298.96,31.333333333333332
Bread unsliced 500g,Nov,2017,Q4,202611819,South West,Crops,Perishable,Medium,145.6,199.3,306.0,4377459.5,274.32,31.333333333333332
Broken Rice (Ofada),Nov,2017,Q4,202611819,South West,Crops,Non-Perishable,Low,145.6,199.3,306.0,4377459.5,417.24,31.333333333333332
Chicken Feet,Nov,2017,Q4,202611819,South East,Livestock,Perishable,High,145.6,199.3,306.0,333186.84,790.91,69.63333333333334
Chicken Wings,Nov,2017,Q4,202611819,South East,Livestock,Perishable,High,145.6,199.3,306.0,333186.84,953.6,69.63333333333334
Evaporated tinned milk carnation 170g,Nov,2017,Q4,202611819,Imported,Imported,Non-Perishable,Low,145.6,199.3,306.0,0.0,169.44,0.0
"Evaporated tinned milk(peak), 170g",Nov,2017,Q4,202611819,Imported,Imported,Non-Perishable,Low,145.6,199.3,306.0,0.0,196.02,0.0
Frozen chicken,Nov,2017,Q4,202611819,South East,Livestock,Perishable,High,145.6,199.3,306.0,333186.84,1571.48,69.63333333333334
"Gari white,sold loose",Nov,2017,Q4,202611819,South West,Crops,Non-Perishable,Low,145.6,199.3,306.0,4377459.5,251.91,31.333333333333332
"Gari yellow,sold loose",Nov,2017,Q4,202611819,South West,Crops,Non-Perishable,Low,145.6,199.3,306.0,4377459.5,289.15,31.333333333333332
Mudfish (aro) fresh,Nov,2017,Q4,202611819,South South,Fishing,Perishable,High,145.6,199.3,306.0,99605.4,1081.61,233.36666666666665
Mudfish : dried,Nov,2017,Q4,202611819,South South,Fishing,Non-Perishable,Low,145.6,199.3,306.0,99605.4,2144.2,233.36666666666665
Onion bulb,Nov,2017,Q4,202611819,North East,Crops,Perishable,Low,145.6,199.3,306.0,4377459.5,228.46,0.0
Rice agric sold loose,Nov,2017,Q4,202611819,North Central,Crops,Non-Perishable,Low,145.6,199.3,306.0,4377459.5,315.14,5.0
Rice local sold loose,Nov,2017,Q4,202611819,North Central,Crops,Non-Perishable,Low,145.6,199.3,306.0,4377459.5,278.89,5.0
Rice Medium Grained,Nov,2017,Q4,202611819,North Central,Crops,Non-Perishable,Low,145.6,199.3,306.0,4377459.5,309.87,5.0
"Rice,imported high quality sold loose",Nov,2017,Q4,202611819,Imported,Imported,Non-Perishable,Low,145.6,199.3,306.0,0.0,360.83,0.0
Tomato,Nov,2017,Q4,202611819,North Central,Crops,Perishable,High,145.6,199.3,306.0,4377459.5,286.39,5.0
Yam tuber,Nov,2017,Q4,202611819,South East,Crops,Perishable,Medium,145.6,199.3,306.0,4377459.5,212.27,69.63333333333334
Dried Fish Sardine,Nov,2017,Q4,202611819,South South,Fishing,Non-Perishable,Low,145.6,199.3,306.0,99605.4,968.77,233.36666666666665
Iced Sardine,Nov,2017,Q4,202611819,Imported,Fishing,Perishable,High,145.6,199.3,306.0,99605.4,1903.71,0.0
Irish potato,Nov,2017,Q4,202611819,North East,Crops,Perishable,Medium,145.6,199.3,306.0,4377459.5,290.55,0.0
Sweet potato,Nov,2017,Q4,202611819,South East,Crops,Perishable,Medium,145.6,199.3,306.0,4377459.5,111.36,69.63333333333334
Tilapia fish (epiya) fresh,Nov,2017,Q4,202611819,South South,Fishing,Perishable,High,145.6,199.3,306.0,99605.4,813.77,233.36666666666665
Titus:frozen,Nov,2017,Q4,202611819,Imported,Fishing,Perishable,High,145.6,199.3,306.0,99605.4,1125.88,0.0
Catfish (obokun) fresh,Nov,2017,Q4,202611819,South West,Fishing,Perishable,High,145.6,199.3,306.0,99605.4,902.02,31.333333333333332
Catfish :dried,Nov,2017,Q4,202611819,South West,Fishing,Non-Perishable,Low,145.6,199.3,306.0,99605.4,2214.33,31.333333333333332
Catfish Smoked,Nov,2017,Q4,202611819,South West,Fishing,Non-Perishable,Low,145.6,199.3,306.0,99605.4,847.66,31.333333333333332
Mackerel : frozen,Nov,2017,Q4,202611819,Imported,Fishing,Perishable,High,145.6,199.3,306.0,99605.4,844.59,0.0
"Groundnut oil: 1 bottle, specify bottle",Nov,2017,Q4,202611819,North East,Crops,Non-Perishable,Low,145.6,199.3,306.0,4377459.5,503.79,0.0
Maize grain white sold loose,Nov,2017,Q4,202611819,North Central,Crops,Non-Perishable,Low,145.6,199.3,306.0,4377459.5,185.13,5.0
Maize grain yellow sold loose,Nov,2017,Q4,202611819,North Central,Crops,Non-Perishable,Low,145.6,199.3,306.0,4377459.5,189.88,5.0
"Palm oil: 1 bottle,specify bottle",Nov,2017,Q4,202611819,South South,Crops,Non-Perishable,Low,145.6,199.3,306.0,4377459.5,475.51,233.36666666666665
Plantain(ripe),Nov,2017,Q4,202611819,South East,Crops,Perishable,Medium,145.6,199.3,306.0,4377459.5,244.89,69.63333333333334
Plantain(unripe),Nov,2017,Q4,202611819,South East,Crops,Perishable,Medium,145.6,199.3,306.0,4377459.5,233.27,69.63333333333334
"Vegetable oil:1 bottle,specify bottle",Nov,2017,Q4,202611819,Imported,Crops,Non-Perishable,Low,145.6,199.3,306.0,4377459.5,540.2,0.0
Wheat flour: prepacked (golden penny 2kg),Nov,2017,Q4,202611819,Imported,Crops,Non-Perishable,Low,145.6,199.3,306.0,4377459.5,649.19,0.0
Agric eggs medium size,Dec,2017,Q4,203140889,South West,Livestock,Perishable,High,171.8,205.8,306.0,333186.84,494.43,10.333333333333334
Agric eggs(medium size price of one),Dec,2017,Q4,203140889,South West,Livestock,Perishable,High,171.8,205.8,306.0,333186.84,41.32,10.333333333333334
"Beans brown,sold loose",Dec,2017,Q4,203140889,North Central,Crops,Non-Perishable,Low,171.8,205.8,306.0,4377459.5,361.97,0.7999999999999999
Beans:white black eye. sold loose,Dec,2017,Q4,203140889,North East,Crops,Non-Perishable,Low,171.8,205.8,306.0,4377459.5,314.93,0.0
Beef Bone in,Dec,2017,Q4,203140889,North West,Livestock,Perishable,High,171.8,205.8,306.0,333186.84,1067.73,0.16666666666666666
"Beef,boneless",Dec,2017,Q4,203140889,North West,Livestock,Perishable,High,171.8,205.8,306.0,333186.84,1236.44,0.16666666666666666
Bread sliced 500g,Dec,2017,Q4,203140889,South West,Crops,Perishable,Medium,171.8,205.8,306.0,4377459.5,290.05,10.333333333333334
Bread unsliced 500g,Dec,2017,Q4,203140889,South West,Crops,Perishable,Medium,171.8,205.8,306.0,4377459.5,268.23,10.333333333333334
Broken Rice (Ofada),Dec,2017,Q4,203140889,South West,Crops,Non-Perishable,Low,171.8,205.8,306.0,4377459.5,319.86,10.333333333333334
Chicken Feet,Dec,2017,Q4,203140889,South East,Livestock,Perishable,High,171.8,205.8,306.0,333186.84,1155.99,12.566666666666668
Chicken Wings,Dec,2017,Q4,203140889,South East,Livestock,Perishable,High,171.8,205.8,306.0,333186.84,950.56,12.566666666666668
Evaporated tinned milk carnation 170g,Dec,2017,Q4,203140889,Imported,Imported,Non-Perishable,Low,171.8,205.8,306.0,0.0,159.72,0.0
"Evaporated tinned milk(peak), 170g",Dec,2017,Q4,203140889,Imported,Imported,Non-Perishable,Low,171.8,205.8,306.0,0.0,191.44,0.0
Frozen chicken,Dec,2017,Q4,203140889,South East,Livestock,Perishable,High,171.8,205.8,306.0,333186.84,1708.64,12.566666666666668
"Gari white,sold loose",Dec,2017,Q4,203140889,South West,Crops,Non-Perishable,Low,171.8,205.8,306.0,4377459.5,199.68,10.333333333333334
"Gari yellow,sold loose",Dec,2017,Q4,203140889,South West,Crops,Non-Perishable,Low,171.8,205.8,306.0,4377459.5,219.75,10.333333333333334
Mudfish (aro) fresh,Dec,2017,Q4,203140889,South South,Fishing,Perishable,High,171.8,205.8,306.0,99605.4,1060.02,62.23333333333334
Mudfish : dried,Dec,2017,Q4,203140889,South South,Fishing,Non-Perishable,Low,171.8,205.8,306.0,99605.4,1621.42,62.23333333333334
Onion bulb,Dec,2017,Q4,203140889,North East,Crops,Perishable,Low,171.8,205.8,306.0,4377459.5,311.09,0.0
Rice agric sold loose,Dec,2017,Q4,203140889,North Central,Crops,Non-Perishable,Low,171.8,205.8,306.0,4377459.5,317.46,0.7999999999999999
Rice local sold loose,Dec,2017,Q4,203140889,North Central,Crops,Non-Perishable,Low,171.8,205.8,306.0,4377459.5,278.94,0.7999999999999999
Rice Medium Grained,Dec,2017,Q4,203140889,North Central,Crops,Non-Perishable,Low,171.8,205.8,306.0,4377459.5,304.9,0.7999999999999999
"Rice,imported high quality sold loose",Dec,2017,Q4,203140889,Imported,Imported,Non-Perishable,Low,171.8,205.8,306.0,0.0,371.21,0.0
Tomato,Dec,2017,Q4,203140889,North Central,Crops,Perishable,High,171.8,205.8,306.0,4377459.5,276.18,0.7999999999999999
Yam tuber,Dec,2017,Q4,203140889,South East,Crops,Perishable,Medium,171.8,205.8,306.0,4377459.5,211.61,12.566666666666668
Dried Fish Sardine,Dec,2017,Q4,203140889,South South,Fishing,Non-Perishable,Low,171.8,205.8,306.0,99605.4,1077.82,62.23333333333334
Iced Sardine,Dec,2017,Q4,203140889,Imported,Fishing,Perishable,High,171.8,205.8,306.0,99605.4,1545.26,0.0
Irish potato,Dec,2017,Q4,203140889,North East,Crops,Perishable,Medium,171.8,205.8,306.0,4377459.5,314.23,0.0
Sweet potato,Dec,2017,Q4,203140889,South East,Crops,Perishable,Medium,171.8,205.8,306.0,4377459.5,120.19,12.566666666666668
Tilapia fish (epiya) fresh,Dec,2017,Q4,203140889,South South,Fishing,Perishable,High,171.8,205.8,306.0,99605.4,1158.84,62.23333333333334
Titus:frozen,Dec,2017,Q4,203140889,Imported,Fishing,Perishable,High,171.8,205.8,306.0,99605.4,1109.21,0.0
Catfish (obokun) fresh,Dec,2017,Q4,203140889,South West,Fishing,Perishable,High,171.8,205.8,306.0,99605.4,919.82,10.333333333333334
Catfish :dried,Dec,2017,Q4,203140889,South West,Fishing,Non-Perishable,Low,171.8,205.8,306.0,99605.4,2146.61,10.333333333333334
Catfish Smoked,Dec,2017,Q4,203140889,South West,Fishing,Non-Perishable,Low,171.8,205.8,306.0,99605.4,1007.4,10.333333333333334
Mackerel : frozen,Dec,2017,Q4,203140889,Imported,Fishing,Perishable,High,171.8,205.8,306.0,99605.4,1015.57,0.0
"Groundnut oil: 1 bottle, specify bottle",Dec,2017,Q4,203140889,North East,Crops,Non-Perishable,Low,171.8,205.8,306.0,4377459.5,660.36,0.0
Maize grain white sold loose,Dec,2017,Q4,203140889,North Central,Crops,Non-Perishable,Low,171.8,205.8,306.0,4377459.5,154.37,0.7999999999999999
Maize grain yellow sold loose,Dec,2017,Q4,203140889,North Central,Crops,Non-Perishable,Low,171.8,205.8,306.0,4377459.5,161.9,0.7999999999999999
"Palm oil: 1 bottle,specify bottle",Dec,2017,Q4,203140889,South South,Crops,Non-Perishable,Low,171.8,205.8,306.0,4377459.5,551.77,62.23333333333334
Plantain(ripe),Dec,2017,Q4,203140889,South East,Crops,Perishable,Medium,171.8,205.8,306.0,4377459.5,240.84,12.566666666666668
Plantain(unripe),Dec,2017,Q4,203140889,South East,Crops,Perishable,Medium,171.8,205.8,306.0,4377459.5,253.05,12.566666666666668
"Vegetable oil:1 bottle,specify bottle",Dec,2017,Q4,203140889,Imported,Crops,Non-Perishable,Low,171.8,205.8,306.0,4377459.5,565.04,0.0
Wheat flour: prepacked (golden penny 2kg),Dec,2017,Q4,203140889,Imported,Crops,Non-Perishable,Low,171.8,205.8,306.0,4377459.5,639.24,0.0
Agric eggs medium size,Jan,2018,Q1,203671070,South West,Livestock,Perishable,High,190.9,210.0,305.7,292386.84,437.13,1.3
Agric eggs(medium size price of one),Jan,2018,Q1,203671070,South West,Livestock,Perishable,High,190.9,210.0,305.7,292386.84,38.85,1.3
"Beans brown,sold loose",Jan,2018,Q1,203671070,North Central,Crops,Non-Perishable,Low,190.9,210.0,305.7,3045163.0,385.53,0.26666666666666666
Beans:white black eye. sold loose,Jan,2018,Q1,203671070,North East,Crops,Non-Perishable,Low,190.9,210.0,305.7,3045163.0,344.52,0.0
Beef Bone in,Jan,2018,Q1,203671070,North West,Livestock,Perishable,High,190.9,210.0,305.7,292386.84,1045.55,0.0
"Beef,boneless",Jan,2018,Q1,203671070,North West,Livestock,Perishable,High,190.9,210.0,305.7,292386.84,1298.7,0.0
Bread sliced 500g,Jan,2018,Q1,203671070,South West,Crops,Perishable,Medium,190.9,210.0,305.7,3045163.0,313.43,1.3
Bread unsliced 500g,Jan,2018,Q1,203671070,South West,Crops,Perishable,Medium,190.9,210.0,305.7,3045163.0,282.12,1.3
Broken Rice (Ofada),Jan,2018,Q1,203671070,South West,Crops,Non-Perishable,Low,190.9,210.0,305.7,3045163.0,413.19,1.3
Chicken Feet,Jan,2018,Q1,203671070,South East,Livestock,Perishable,High,190.9,210.0,305.7,292386.84,850.0,3.7000000000000006
Chicken Wings,Jan,2018,Q1,203671070,South East,Livestock,Perishable,High,190.9,210.0,305.7,292386.84,950.77,3.7000000000000006
Evaporated tinned milk carnation 170g,Jan,2018,Q1,203671070,Imported,Imported,Non-Perishable,Low,190.9,210.0,305.7,0.0,172.24,0.0
"Evaporated tinned milk(peak), 170g",Jan,2018,Q1,203671070,Imported,Imported,Non-Perishable,Low,190.9,210.0,305.7,0.0,196.71,0.0
Frozen chicken,Jan,2018,Q1,203671070,South East,Livestock,Perishable,High,190.9,210.0,305.7,292386.84,1547.5,3.7000000000000006
"Gari white,sold loose",Jan,2018,Q1,203671070,South West,Crops,Non-Perishable,Low,190.9,210.0,305.7,3045163.0,229.26,1.3
"Gari yellow,sold loose",Jan,2018,Q1,203671070,South West,Crops,Non-Perishable,Low,190.9,210.0,305.7,3045163.0,271.35,1.3
Mudfish (aro) fresh,Jan,2018,Q1,203671070,South South,Fishing,Perishable,High,190.9,210.0,305.7,108402.7,1099.77,25.0
Mudfish : dried,Jan,2018,Q1,203671070,South South,Fishing,Non-Perishable,Low,190.9,210.0,305.7,108402.7,2134.65,25.0
Onion bulb,Jan,2018,Q1,203671070,North East,Crops,Perishable,Low,190.9,210.0,305.7,3045163.0,248.74,0.0
Rice agric sold loose,Jan,2018,Q1,203671070,North Central,Crops,Non-Perishable,Low,190.9,210.0,305.7,3045163.0,322.81,0.26666666666666666
Rice local sold loose,Jan,2018,Q1,203671070,North Central,Crops,Non-Perishable,Low,190.9,210.0,305.7,3045163.0,274.66,0.26666666666666666
Rice Medium Grained,Jan,2018,Q1,203671070,North Central,Crops,Non-Perishable,Low,190.9,210.0,305.7,3045163.0,308.53,0.26666666666666666
"Rice,imported high quality sold loose",Jan,2018,Q1,203671070,Imported,Imported,Non-Perishable,Low,190.9,210.0,305.7,0.0,360.76,0.0
Tomato,Jan,2018,Q1,203671070,North Central,Crops,Perishable,High,190.9,210.0,305.7,3045163.0,271.99,0.26666666666666666
Yam tuber,Jan,2018,Q1,203671070,South East,Crops,Perishable,Medium,190.9,210.0,305.7,3045163.0,226.51,3.7000000000000006
Dried Fish Sardine,Jan,2018,Q1,203671070,South South,Fishing,Non-Perishable,Low,190.9,210.0,305.7,108402.7,1455.5,25.0
Iced Sardine,Jan,2018,Q1,203671070,Imported,Fishing,Perishable,High,190.9,210.0,305.7,108402.7,861.07,0.0
Irish potato,Jan,2018,Q1,203671070,North East,Crops,Perishable,Medium,190.9,210.0,305.7,3045163.0,232.87,0.0
Sweet potato,Jan,2018,Q1,203671070,South East,Crops,Perishable,Medium,190.9,210.0,305.7,3045163.0,113.36,3.7000000000000006
Tilapia fish (epiya) fresh,Jan,2018,Q1,203671070,South South,Fishing,Perishable,High,190.9,210.0,305.7,108402.7,864.05,25.0
Titus:frozen,Jan,2018,Q1,203671070,Imported,Fishing,Perishable,High,190.9,210.0,305.7,108402.7,894.7,0.0
Catfish (obokun) fresh,Jan,2018,Q1,203671070,South West,Fishing,Perishable,High,190.9,210.0,305.7,108402.7,1014.62,1.3
Catfish :dried,Jan,2018,Q1,203671070,South West,Fishing,Non-Perishable,Low,190.9,210.0,305.7,108402.7,1852.92,1.3
Catfish Smoked,Jan,2018,Q1,203671070,South West,Fishing,Non-Perishable,Low,190.9,210.0,305.7,108402.7,1540.8,1.3
Mackerel : frozen,Jan,2018,Q1,203671070,Imported,Fishing,Perishable,High,190.9,210.0,305.7,108402.7,915.27,0.0
"Groundnut oil: 1 bottle, specify bottle",Jan,2018,Q1,203671070,North East,Crops,Non-Perishable,Low,190.9,210.0,305.7,3045163.0,528.59,0.0
Maize grain white sold loose,Jan,2018,Q1,203671070,North Central,Crops,Non-Perishable,Low,190.9,210.0,305.7,3045163.0,190.51,0.26666666666666666
Maize grain yellow sold loose,Jan,2018,Q1,203671070,North Central,Crops,Non-Perishable,Low,190.9,210.0,305.7,3045163.0,180.0,0.26666666666666666
"Palm oil: 1 bottle,specify bottle",Jan,2018,Q1,203671070,South South,Crops,Non-Perishable,Low,190.9,210.0,305.7,3045163.0,480.92,25.0
Plantain(ripe),Jan,2018,Q1,203671070,South East,Crops,Perishable,Medium,190.9,210.0,305.7,3045163.0,273.71,3.7000000000000006
Plantain(unripe),Jan,2018,Q1,203671070,South East,Crops,Perishable,Medium,190.9,210.0,305.7,3045163.0,248.72,3.7000000000000006
"Vegetable oil:1 bottle,specify bottle",Jan,2018,Q1,203671070,Imported,Crops,Non-Perishable,Low,190.9,210.0,305.7,3045163.0,540.25,0.0
Wheat flour: prepacked (golden penny 2kg),Jan,2018,Q1,203671070,Imported,Crops,Non-Perishable,Low,190.9,210.0,305.7,3045163.0,655.15,0.0
Agric eggs medium size,Feb,2018,Q1,204202364,South West,Livestock,Perishable,High,172.5,210.0,305.9,292386.84,519.07,50.1
Agric eggs(medium size price of one),Feb,2018,Q1,204202364,South West,Livestock,Perishable,High,172.5,210.0,305.9,292386.84,41.27,50.1
"Beans brown,sold loose",Feb,2018,Q1,204202364,North Central,Crops,Non-Perishable,Low,172.5,210.0,305.9,3045163.0,387.48,15.266666666666667
Beans:white black eye. sold loose,Feb,2018,Q1,204202364,North East,Crops,Non-Perishable,Low,172.5,210.0,305.9,3045163.0,348.55,0.09999999999999999
Beef Bone in,Feb,2018,Q1,204202364,North West,Livestock,Perishable,High,172.5,210.0,305.9,292386.84,1017.28,7.933333333333334
"Beef,boneless",Feb,2018,Q1,204202364,North West,Livestock,Perishable,High,172.5,210.0,305.9,292386.84,1274.71,7.933333333333334
Bread sliced 500g,Feb,2018,Q1,204202364,South West,Crops,Perishable,Medium,172.5,210.0,305.9,3045163.0,314.17,50.1
Bread unsliced 500g,Feb,2018,Q1,204202364,South West,Crops,Perishable,Medium,172.5,210.0,305.9,3045163.0,284.36,50.1
Broken Rice (Ofada),Feb,2018,Q1,204202364,South West,Crops,Non-Perishable,Low,172.5,210.0,305.9,3045163.0,405.69,50.1
Chicken Feet,Feb,2018,Q1,204202364,South East,Livestock,Perishable,High,172.5,210.0,305.9,292386.84,778.64,54.9
Chicken Wings,Feb,2018,Q1,204202364,South East,Livestock,Perishable,High,172.5,210.0,305.9,292386.84,954.99,54.9
Evaporated tinned milk carnation 170g,Feb,2018,Q1,204202364,Imported,Imported,Non-Perishable,Low,172.5,210.0,305.9,0.0,166.55,0.0
"Evaporated tinned milk(peak), 170g",Feb,2018,Q1,204202364,Imported,Imported,Non-Perishable,Low,172.5,210.0,305.9,0.0,191.14,0.0
Frozen chicken,Feb,2018,Q1,204202364,South East,Livestock,Perishable,High,172.5,210.0,305.9,292386.84,1548.87,54.9
"Gari white,sold loose",Feb,2018,Q1,204202364,South West,Crops,Non-Perishable,Low,172.5,210.0,305.9,3045163.0,210.21,50.1
"Gari yellow,sold loose",Feb,2018,Q1,204202364,South West,Crops,Non-Perishable,Low,172.5,210.0,305.9,3045163.0,250.06,50.1
Mudfish (aro) fresh,Feb,2018,Q1,204202364,South South,Fishing,Perishable,High,172.5,210.0,305.9,108402.7,1098.63,144.83333333333334
Mudfish : dried,Feb,2018,Q1,204202364,South South,Fishing,Non-Perishable,Low,172.5,210.0,305.9,108402.7,2066.03,144.83333333333334
Onion bulb,Feb,2018,Q1,204202364,North East,Crops,Perishable,Low,172.5,210.0,305.9,3045163.0,252.03,0.09999999999999999
Rice agric sold loose,Feb,2018,Q1,204202364,North Central,Crops,Non-Perishable,Low,172.5,210.0,305.9,3045163.0,322.81,15.266666666666667
Rice local sold loose,Feb,2018,Q1,204202364,North Central,Crops,Non-Perishable,Low,172.5,210.0,305.9,3045163.0,276.28,15.266666666666667
Rice Medium Grained,Feb,2018,Q1,204202364,North Central,Crops,Non-Perishable,Low,172.5,210.0,305.9,3045163.0,314.77,15.266666666666667
"Rice,imported high quality sold loose",Feb,2018,Q1,204202364,Imported,Imported,Non-Perishable,Low,172.5,210.0,305.9,0.0,365.21,0.0
Tomato,Feb,2018,Q1,204202364,North Central,Crops,Perishable,High,172.5,210.0,305.9,3045163.0,267.1,15.266666666666667
Yam tuber,Feb,2018,Q1,204202364,South East,Crops,Perishable,Medium,172.5,210.0,305.9,3045163.0,230.85,54.9
Dried Fish Sardine,Feb,2018,Q1,204202364,South South,Fishing,Non-Perishable,Low,172.5,210.0,305.9,108402.7,1405.75,144.83333333333334
Iced Sardine,Feb,2018,Q1,204202364,Imported,Fishing,Perishable,High,172.5,210.0,305.9,108402.7,885.14,0.0
Irish potato,Feb,2018,Q1,204202364,North East,Crops,Perishable,Medium,172.5,210.0,305.9,3045163.0,250.93,0.09999999999999999
Sweet potato,Feb,2018,Q1,204202364,South East,Crops,Perishable,Medium,172.5,210.0,305.9,3045163.0,126.44,54.9
Tilapia fish (epiya) fresh,Feb,2018,Q1,204202364,South South,Fishing,Perishable,High,172.5,210.0,305.9,108402.7,885.65,144.83333333333334
Titus:frozen,Feb,2018,Q1,204202364,Imported,Fishing,Perishable,High,172.5,210.0,305.9,108402.7,901.49,0.0
Catfish (obokun) fresh,Feb,2018,Q1,204202364,South West,Fishing,Perishable,High,172.5,210.0,305.9,108402.7,1037.33,50.1
Catfish :dried,Feb,2018,Q1,204202364,South West,Fishing,Non-Perishable,Low,172.5,210.0,305.9,108402.7,1857.25,50.1
Catfish Smoked,Feb,2018,Q1,204202364,South West,Fishing,Non-Perishable,Low,172.5,210.0,305.9,108402.7,1896.94,50.1
Mackerel : frozen,Feb,2018,Q1,204202364,Imported,Fishing,Perishable,High,172.5,210.0,305.9,108402.7,875.31,0.0
"Groundnut oil: 1 bottle, specify bottle",Feb,2018,Q1,204202364,North East,Crops,Non-Perishable,Low,172.5,210.0,305.9,3045163.0,571.1,0.09999999999999999
Maize grain white sold loose,Feb,2018,Q1,204202364,North Central,Crops,Non-Perishable,Low,172.5,210.0,305.9,3045163.0,185.2,15.266666666666667
Maize grain yellow sold loose,Feb,2018,Q1,204202364,North Central,Crops,Non-Perishable,Low,172.5,210.0,305.9,3045163.0,199.84,15.266666666666667
"Palm oil: 1 bottle,specify bottle",Feb,2018,Q1,204202364,South South,Crops,Non-Perishable,Low,172.5,210.0,305.9,3045163.0,510.1,144.83333333333334
Plantain(ripe),Feb,2018,Q1,204202364,South East,Crops,Perishable,Medium,172.5,210.0,305.9,3045163.0,257.63,54.9
Plantain(unripe),Feb,2018,Q1,204202364,South East,Crops,Perishable,Medium,172.5,210.0,305.9,3045163.0,232.19,54.9
"Vegetable oil:1 bottle,specify bottle",Feb,2018,Q1,204202364,Imported,Crops,Non-Perishable,Low,172.5,210.0,305.9,3045163.0,549.02,0.0
Wheat flour: prepacked (golden penny 2kg),Feb,2018,Q1,204202364,Imported,Crops,Non-Perishable,Low,172.5,210.0,305.9,3045163.0,646.0,0.0
Agric eggs medium size,Mar,2018,Q1,204734774,South West,Livestock,Perishable,High,163.4,206.4,305.65,292386.84,527.32,49.666666666666664
Agric eggs(medium size price of one),Mar,2018,Q1,204734774,South West,Livestock,Perishable,High,163.4,206.4,305.65,292386.84,41.21,49.666666666666664
"Beans brown,sold loose",Mar,2018,Q1,204734774,North Central,Crops,Non-Perishable,Low,163.4,206.4,305.65,3045163.0,395.34,13.933333333333332
Beans:white black eye. sold loose,Mar,2018,Q1,204734774,North East,Crops,Non-Perishable,Low,163.4,206.4,305.65,3045163.0,357.04,0.09999999999999999
Beef Bone in,Mar,2018,Q1,204734774,North West,Livestock,Perishable,High,163.4,206.4,305.65,292386.84,1024.64,2.1999999999999997
"Beef,boneless",Mar,2018,Q1,204734774,North West,Livestock,Perishable,High,163.4,206.4,305.65,292386.84,1262.51,2.1999999999999997
Bread sliced 500g,Mar,2018,Q1,204734774,South West,Crops,Perishable,Medium,163.4,206.4,305.65,3045163.0,305.88,49.666666666666664
Bread unsliced 500g,Mar,2018,Q1,204734774,South West,Crops,Perishable,Medium,163.4,206.4,305.65,3045163.0,278.61,49.666666666666664
Broken Rice (Ofada),Mar,2018,Q1,204734774,South West,Crops,Non-Perishable,Low,163.4,206.4,305.65,3045163.0,399.47,49.666666666666664
Chicken Feet,Mar,2018,Q1,204734774,South East,Livestock,Perishable,High,163.4,206.4,305.65,292386.84,772.99,71.8
Chicken Wings,Mar,2018,Q1,204734774,South East,Livestock,Perishable,High,163.4,206.4,305.65,292386.84,935.83,71.8
Evaporated tinned milk carnation 170g,Mar,2018,Q1,204734774,Imported,Imported,Non-Perishable,Low,163.4,206.4,305.65,0.0,158.51,0.0
"Evaporated tinned milk(peak), 170g",Mar,2018,Q1,204734774,Imported,Imported,Non-Perishable,Low,163.4,206.4,305.65,0.0,187.61,0.0
Frozen chicken,Mar,2018,Q1,204734774,South East,Livestock,Perishable,High,163.4,206.4,305.65,292386.84,1544.95,71.8
"Gari white,sold loose",Mar,2018,Q1,204734774,South West,Crops,Non-Perishable,Low,163.4,206.4,305.65,3045163.0,209.12,49.666666666666664
"Gari yellow,sold loose",Mar,2018,Q1,204734774,South West,Crops,Non-Perishable,Low,163.4,206.4,305.65,3045163.0,243.99,49.666666666666664
Mudfish (aro) fresh,Mar,2018,Q1,204734774,South South,Fishing,Perishable,High,163.4,206.4,305.65,108402.7,1069.9,162.0
Mudfish : dried,Mar,2018,Q1,204734774,South South,Fishing,Non-Perishable,Low,163.4,206.4,305.65,108402.7,1945.3,162.0
Onion bulb,Mar,2018,Q1,204734774,North East,Crops,Perishable,Low,163.4,206.4,305.65,3045163.0,235.31,0.09999999999999999
Rice agric sold loose,Mar,2018,Q1,204734774,North Central,Crops,Non-Perishable,Low,163.4,206.4,305.65,3045163.0,326.56,13.933333333333332
Rice local sold loose,Mar,2018,Q1,204734774,North Central,Crops,Non-Perishable,Low,163.4,206.4,305.65,3045163.0,283.57,13.933333333333332
Rice Medium Grained,Mar,2018,Q1,204734774,North Central,Crops,Non-Perishable,Low,163.4,206.4,305.65,3045163.0,317.17,13.933333333333332
"Rice,imported high quality sold loose",Mar,2018,Q1,204734774,Imported,Imported,Non-Perishable,Low,163.4,206.4,305.65,0.0,363.33,0.0
Tomato,Mar,2018,Q1,204734774,North Central,Crops,Perishable,High,163.4,206.4,305.65,3045163.0,267.09,13.933333333333332
Yam tuber,Mar,2018,Q1,204734774,South East,Crops,Perishable,Medium,163.4,206.4,305.65,3045163.0,254.51,71.8
Dried Fish Sardine,Mar,2018,Q1,204734774,South South,Fishing,Non-Perishable,Low,163.4,206.4,305.65,108402.7,1410.11,162.0
Iced Sardine,Mar,2018,Q1,204734774,Imported,Fishing,Perishable,High,163.4,206.4,305.65,108402.7,899.67,0.0
Irish potato,Mar,2018,Q1,204734774,North East,Crops,Perishable,Medium,163.4,206.4,305.65,3045163.0,261.75,0.09999999999999999
Sweet potato,Mar,2018,Q1,204734774,South East,Crops,Perishable,Medium,163.4,206.4,305.65,3045163.0,130.3,71.8
Tilapia fish (epiya) fresh,Mar,2018,Q1,204734774,South South,Fishing,Perishable,High,163.4,206.4,305.65,108402.7,890.1,162.0
Titus:frozen,Mar,2018,Q1,204734774,Imported,Fishing,Perishable,High,163.4,206.4,305.65,108402.7,905.76,0.0
Catfish (obokun) fresh,Mar,2018,Q1,204734774,South West,Fishing,Perishable,High,163.4,206.4,305.65,108402.7,1008.28,49.666666666666664
Catfish :dried,Mar,2018,Q1,204734774,South West,Fishing,Non-Perishable,Low,163.4,206.4,305.65,108402.7,1793.58,49.666666666666664
Catfish Smoked,Mar,2018,Q1,204734774,South West,Fishing,Non-Perishable,Low,163.4,206.4,305.65,108402.7,1524.75,49.666666666666664
Mackerel : frozen,Mar,2018,Q1,204734774,Imported,Fishing,Perishable,High,163.4,206.4,305.65,108402.7,915.92,0.0
"Groundnut oil: 1 bottle, specify bottle",Mar,2018,Q1,204734774,North East,Crops,Non-Perishable,Low,163.4,206.4,305.65,3045163.0,585.15,0.09999999999999999
Maize grain white sold loose,Mar,2018,Q1,204734774,North Central,Crops,Non-Perishable,Low,163.4,206.4,305.65,3045163.0,231.56,13.933333333333332
Maize grain yellow sold loose,Mar,2018,Q1,204734774,North Central,Crops,Non-Perishable,Low,163.4,206.4,305.65,3045163.0,193.82,13.933333333333332
"Palm oil: 1 bottle,specify bottle",Mar,2018,Q1,204734774,South South,Crops,Non-Perishable,Low,163.4,206.4,305.65,3045163.0,492.13,162.0
Plantain(ripe),Mar,2018,Q1,204734774,South East,Crops,Perishable,Medium,163.4,206.4,305.65,3045163.0,259.83,71.8
Plantain(unripe),Mar,2018,Q1,204734774,South East,Crops,Perishable,Medium,163.4,206.4,305.65,3045163.0,242.48,71.8
"Vegetable oil:1 bottle,specify bottle",Mar,2018,Q1,204734774,Imported,Crops,Non-Perishable,Low,163.4,206.4,305.65,3045163.0,533.45,0.0
Wheat flour: prepacked (golden penny 2kg),Mar,2018,Q1,204734774,Imported,Crops,Non-Perishable,Low,163.4,206.4,305.65,3045163.0,657.64,0.0
Agric eggs medium size,Apr,2018,Q2,205268303,South West,Livestock,Perishable,High,151.4,204.3,305.7,283577.7,552.09,66.96666666666667
Agric eggs(medium size price of one),Apr,2018,Q2,205268303,South West,Livestock,Perishable,High,151.4,204.3,305.7,283577.7,42.25,66.96666666666667
"Beans brown,sold loose",Apr,2018,Q2,205268303,North Central,Crops,Non-Perishable,Low,151.4,204.3,305.7,3378030.0,395.19,31.400000000000002
Beans:white black eye. sold loose,Apr,2018,Q2,205268303,North East,Crops,Non-Perishable,Low,151.4,204.3,305.7,3378030.0,355.32,3.033333333333333
Beef Bone in,Apr,2018,Q2,205268303,North West,Livestock,Perishable,High,151.4,204.3,305.7,283577.7,980.26,3.2000000000000006
"Beef,boneless",Apr,2018,Q2,205268303,North West,Livestock,Perishable,High,151.4,204.3,305.7,283577.7,1257.73,3.2000000000000006
Bread sliced 500g,Apr,2018,Q2,205268303,South West,Crops,Perishable,Medium,151.4,204.3,305.7,3378030.0,306.54,66.96666666666667
Bread unsliced 500g,Apr,2018,Q2,205268303,South West,Crops,Perishable,Medium,151.4,204.3,305.7,3378030.0,278.61,66.96666666666667
Broken Rice (Ofada),Apr,2018,Q2,205268303,South West,Crops,Non-Perishable,Low,151.4,204.3,305.7,3378030.0,400.94,66.96666666666667
Chicken Feet,Apr,2018,Q2,205268303,South East,Livestock,Perishable,High,151.4,204.3,305.7,283577.7,758.88,111.8
Chicken Wings,Apr,2018,Q2,205268303,South East,Livestock,Perishable,High,151.4,204.3,305.7,283577.7,921.49,111.8
Evaporated tinned milk carnation 170g,Apr,2018,Q2,205268303,Imported,Imported,Non-Perishable,Low,151.4,204.3,305.7,0.0,160.22,0.0
"Evaporated tinned milk(peak), 170g",Apr,2018,Q2,205268303,Imported,Imported,Non-Perishable,Low,151.4,204.3,305.7,0.0,188.14,0.0
Frozen chicken,Apr,2018,Q2,205268303,South East,Livestock,Perishable,High,151.4,204.3,305.7,283577.7,1537.85,111.8
"Gari white,sold loose",Apr,2018,Q2,205268303,South West,Crops,Non-Perishable,Low,151.4,204.3,305.7,3378030.0,208.21,66.96666666666667
"Gari yellow,sold loose",Apr,2018,Q2,205268303,South West,Crops,Non-Perishable,Low,151.4,204.3,305.7,3378030.0,246.5,66.96666666666667
Mudfish (aro) fresh,Apr,2018,Q2,205268303,South South,Fishing,Perishable,High,151.4,204.3,305.7,80103.89,1039.02,199.29999999999998
Mudfish : dried,Apr,2018,Q2,205268303,South South,Fishing,Non-Perishable,Low,151.4,204.3,305.7,80103.89,1912.69,199.29999999999998
Onion bulb,Apr,2018,Q2,205268303,North East,Crops,Perishable,Low,151.4,204.3,305.7,3378030.0,234.37,3.033333333333333
Rice agric sold loose,Apr,2018,Q2,205268303,North Central,Crops,Non-Perishable,Low,151.4,204.3,305.7,3378030.0,322.54,31.400000000000002
Rice local sold loose,Apr,2018,Q2,205268303,North Central,Crops,Non-Perishable,Low,151.4,204.3,305.7,3378030.0,281.51,31.400000000000002
Rice Medium Grained,Apr,2018,Q2,205268303,North Central,Crops,Non-Perishable,Low,151.4,204.3,305.7,3378030.0,323.56,31.400000000000002
"Rice,imported high quality sold loose",Apr,2018,Q2,205268303,Imported,Imported,Non-Perishable,Low,151.4,204.3,305.7,0.0,369.35,0.0
Tomato,Apr,2018,Q2,205268303,North Central,Crops,Perishable,High,151.4,204.3,305.7,3378030.0,289.49,31.400000000000002
Yam tuber,Apr,2018,Q2,205268303,South East,Crops,Perishable,Medium,151.4,204.3,305.7,3378030.0,279.61,111.8
Dried Fish Sardine,Apr,2018,Q2,205268303,South South,Fishing,Non-Perishable,Low,151.4,204.3,305.7,80103.89,1371.8,199.29999999999998
Iced Sardine,Apr,2018,Q2,205268303,Imported,Fishing,Perishable,High,151.4,204.3,305.7,80103.89,907.89,0.0
Irish potato,Apr,2018,Q2,205268303,North East,Crops,Perishable,Medium,151.4,204.3,305.7,3378030.0,282.06,3.033333333333333
Sweet potato,Apr,2018,Q2,205268303,South East,Crops,Perishable,Medium,151.4,204.3,305.7,3378030.0,137.4,111.8
Tilapia fish (epiya) fresh,Apr,2018,Q2,205268303,South South,Fishing,Perishable,High,151.4,204.3,305.7,80103.89,889.52,199.29999999999998
Titus:frozen,Apr,2018,Q2,205268303,Imported,Fishing,Perishable,High,151.4,204.3,305.7,80103.89,898.62,0.0
Catfish (obokun) fresh,Apr,2018,Q2,205268303,South West,Fishing,Perishable,High,151.4,204.3,305.7,80103.89,993.54,66.96666666666667
Catfish :dried,Apr,2018,Q2,205268303,South West,Fishing,Non-Perishable,Low,151.4,204.3,305.7,80103.89,1753.53,66.96666666666667
Catfish Smoked,Apr,2018,Q2,205268303,South West,Fishing,Non-Perishable,Low,151.4,204.3,305.7,80103.89,1514.53,66.96666666666667
Mackerel : frozen,Apr,2018,Q2,205268303,Imported,Fishing,Perishable,High,151.4,204.3,305.7,80103.89,896.4,0.0
"Groundnut oil: 1 bottle, specify bottle",Apr,2018,Q2,205268303,North East,Crops,Non-Perishable,Low,151.4,204.3,305.7,3378030.0,584.47,3.033333333333333
Maize grain white sold loose,Apr,2018,Q2,205268303,North Central,Crops,Non-Perishable,Low,151.4,204.3,305.7,3378030.0,173.45,31.400000000000002
Maize grain yellow sold loose,Apr,2018,Q2,205268303,North Central,Crops,Non-Perishable,Low,151.4,204.3,305.7,3378030.0,191.05,31.400000000000002
"Palm oil: 1 bottle,specify bottle",Apr,2018,Q2,205268303,South South,Crops,Non-Perishable,Low,151.4,204.3,305.7,3378030.0,486.84,199.29999999999998
Plantain(ripe),Apr,2018,Q2,205268303,South East,Crops,Perishable,Medium,151.4,204.3,305.7,3378030.0,262.31,111.8
Plantain(unripe),Apr,2018,Q2,205268303,South East,Crops,Perishable,Medium,151.4,204.3,305.7,3378030.0,235.7,111.8
"Vegetable oil:1 bottle,specify bottle",Apr,2018,Q2,205268303,Imported,Crops,Non-Perishable,Low,151.4,204.3,305.7,3378030.0,548.01,0.0
Wheat flour: prepacked (golden penny 2kg),Apr,2018,Q2,205268303,Imported,Crops,Non-Perishable,Low,151.4,204.3,305.7,3378030.0,649.92,0.0
Agric eggs medium size,May,2018,Q2,205802954,South West,Livestock,Perishable,High,150.2,205.7,305.95,283577.7,548.66,140.20000000000002
Agric eggs(medium size price of one),May,2018,Q2,205802954,South West,Livestock,Perishable,High,150.2,205.7,305.95,283577.7,41.77,140.20000000000002
"Beans brown,sold loose",May,2018,Q2,205802954,North Central,Crops,Non-Perishable,Low,150.2,205.7,305.95,3378030.0,407.73,76.3
Beans:white black eye. sold loose,May,2018,Q2,205802954,North East,Crops,Non-Perishable,Low,150.2,205.7,305.95,3378030.0,367.23,7.166666666666667
Beef Bone in,May,2018,Q2,205802954,North West,Livestock,Perishable,High,150.2,205.7,305.95,283577.7,1011.11,36.233333333333334
"Beef,boneless",May,2018,Q2,205802954,North West,Livestock,Perishable,High,150.2,205.7,305.95,283577.7,1275.77,36.233333333333334
Bread sliced 500g,May,2018,Q2,205802954,South West,Crops,Perishable,Medium,150.2,205.7,305.95,3378030.0,305.98,140.20000000000002
Bread unsliced 500g,May,2018,Q2,205802954,South West,Crops,Perishable,Medium,150.2,205.7,305.95,3378030.0,278.11,140.20000000000002
Broken Rice (Ofada),May,2018,Q2,205802954,South West,Crops,Non-Perishable,Low,150.2,205.7,305.95,3378030.0,405.03,140.20000000000002
Chicken Feet,May,2018,Q2,205802954,South East,Livestock,Perishable,High,150.2,205.7,305.95,283577.7,782.55,197.6
Chicken Wings,May,2018,Q2,205802954,South East,Livestock,Perishable,High,150.2,205.7,305.95,283577.7,925.54,197.6
Evaporated tinned milk carnation 170g,May,2018,Q2,205802954,Imported,Imported,Non-Perishable,Low,150.2,205.7,305.95,0.0,165.26,0.0
"Evaporated tinned milk(peak), 170g",May,2018,Q2,205802954,Imported,Imported,Non-Perishable,Low,150.2,205.7,305.95,0.0,192.93,0.0
Frozen chicken,May,2018,Q2,205802954,South East,Livestock,Perishable,High,150.2,205.7,305.95,283577.7,1536.52,197.6
"Gari white,sold loose",May,2018,Q2,205802954,South West,Crops,Non-Perishable,Low,150.2,205.7,305.95,3378030.0,216.01,140.20000000000002
"Gari yellow,sold loose",May,2018,Q2,205802954,South West,Crops,Non-Perishable,Low,150.2,205.7,305.95,3378030.0,256.51,140.20000000000002
Mudfish (aro) fresh,May,2018,Q2,205802954,South South,Fishing,Perishable,High,150.2,205.7,305.95,80103.89,1062.74,267.8
Mudfish : dried,May,2018,Q2,205802954,South South,Fishing,Non-Perishable,Low,150.2,205.7,305.95,80103.89,1928.19,267.8
Onion bulb,May,2018,Q2,205802954,North East,Crops,Perishable,Low,150.2,205.7,305.95,3378030.0,234.04,7.166666666666667
Rice agric sold loose,May,2018,Q2,205802954,North Central,Crops,Non-Perishable,Low,150.2,205.7,305.95,3378030.0,327.84,76.3
Rice local sold loose,May,2018,Q2,205802954,North Central,Crops,Non-Perishable,Low,150.2,205.7,305.95,3378030.0,286.16,76.3
Rice Medium Grained,May,2018,Q2,205802954,North Central,Crops,Non-Perishable,Low,150.2,205.7,305.95,3378030.0,325.37,76.3
"Rice,imported high quality sold loose",May,2018,Q2,205802954,Imported,Imported,Non-Perishable,Low,150.2,205.7,305.95,0.0,374.63,0.0
Tomato,May,2018,Q2,205802954,North Central,Crops,Perishable,High,150.2,205.7,305.95,3378030.0,307.14,76.3
Yam tuber,May,2018,Q2,205802954,South East,Crops,Perishable,Medium,150.2,205.7,305.95,3378030.0,291.33,197.6
Dried Fish Sardine,May,2018,Q2,205802954,South South,Fishing,Non-Perishable,Low,150.2,205.7,305.95,80103.89,1399.97,267.8
Iced Sardine,May,2018,Q2,205802954,Imported,Fishing,Perishable,High,150.2,205.7,305.95,80103.89,941.45,0.0
Irish potato,May,2018,Q2,205802954,North East,Crops,Perishable,Medium,150.2,205.7,305.95,3378030.0,300.58,7.166666666666667
Sweet potato,May,2018,Q2,205802954,South East,Crops,Perishable,Medium,150.2,205.7,305.95,3378030.0,150.55,197.6
Tilapia fish (epiya) fresh,May,2018,Q2,205802954,South South,Fishing,Perishable,High,150.2,205.7,305.95,80103.89,924.12,267.8
Titus:frozen,May,2018,Q2,205802954,Imported,Fishing,Perishable,High,150.2,205.7,305.95,80103.89,921.04,0.0
Catfish (obokun) fresh,May,2018,Q2,205802954,South West,Fishing,Perishable,High,150.2,205.7,305.95,80103.89,1013.11,140.20000000000002
Catfish :dried,May,2018,Q2,205802954,South West,Fishing,Non-Perishable,Low,150.2,205.7,305.95,80103.89,1779.71,140.20000000000002
Catfish Smoked,May,2018,Q2,205802954,South West,Fishing,Non-Perishable,Low,150.2,205.7,305.95,80103.89,1520.93,140.20000000000002
Mackerel : frozen,May,2018,Q2,205802954,Imported,Fishing,Perishable,High,150.2,205.7,305.95,80103.89,927.22,0.0
"Groundnut oil: 1 bottle, specify bottle",May,2018,Q2,205802954,North East,Crops,Non-Perishable,Low,150.2,205.7,305.95,3378030.0,601.51,7.166666666666667
Maize grain white sold loose,May,2018,Q2,205802954,North Central,Crops,Non-Perishable,Low,150.2,205.7,305.95,3378030.0,180.5,76.3
Maize grain yellow sold loose,May,2018,Q2,205802954,North Central,Crops,Non-Perishable,Low,150.2,205.7,305.95,3378030.0,195.72,76.3
"Palm oil: 1 bottle,specify bottle",May,2018,Q2,205802954,South South,Crops,Non-Perishable,Low,150.2,205.7,305.95,3378030.0,494.91,267.8
Plantain(ripe),May,2018,Q2,205802954,South East,Crops,Perishable,Medium,150.2,205.7,305.95,3378030.0,273.48,197.6
Plantain(unripe),May,2018,Q2,205802954,South East,Crops,Perishable,Medium,150.2,205.7,305.95,3378030.0,247.09,197.6
"Vegetable oil:1 bottle,specify bottle",May,2018,Q2,205802954,Imported,Crops,Non-Perishable,Low,150.2,205.7,305.95,3378030.0,553.23,0.0
Wheat flour: prepacked (golden penny 2kg),May,2018,Q2,205802954,Imported,Crops,Non-Perishable,Low,150.2,205.7,305.95,3378030.0,659.51,0.0
Agric eggs medium size,Jun,2018,Q2,206338730,South West,Livestock,Perishable,High,148.1,203.8,305.75,283577.7,539.75,207.46666666666667
Agric eggs(medium size price of one),Jun,2018,Q2,206338730,South West,Livestock,Perishable,High,148.1,203.8,305.75,283577.7,41.38,207.46666666666667
"Beans brown,sold loose",Jun,2018,Q2,206338730,North Central,Crops,Non-Perishable,Low,148.1,203.8,305.75,3378030.0,418.78,131.46666666666667
Beans:white black eye. sold loose,Jun,2018,Q2,206338730,North East,Crops,Non-Perishable,Low,148.1,203.8,305.75,3378030.0,369.43,70.36666666666666
Beef Bone in,Jun,2018,Q2,206338730,North West,Livestock,Perishable,High,148.1,203.8,305.75,283577.7,1034.57,79.13333333333334
"Beef,boneless",Jun,2018,Q2,206338730,North West,Livestock,Perishable,High,148.1,203.8,305.75,283577.7,1271.54,79.13333333333334
Bread sliced 500g,Jun,2018,Q2,206338730,South West,Crops,Perishable,Medium,148.1,203.8,305.75,3378030.0,308.0,207.46666666666667
Bread unsliced 500g,Jun,2018,Q2,206338730,South West,Crops,Perishable,Medium,148.1,203.8,305.75,3378030.0,275.6,207.46666666666667
Broken Rice (Ofada),Jun,2018,Q2,206338730,South West,Crops,Non-Perishable,Low,148.1,203.8,305.75,3378030.0,404.43,207.46666666666667
Chicken Feet,Jun,2018,Q2,206338730,South East,Livestock,Perishable,High,148.1,203.8,305.75,283577.7,784.78,221.6
Chicken Wings,Jun,2018,Q2,206338730,South East,Livestock,Perishable,High,148.1,203.8,305.75,283577.7,960.56,221.6
Evaporated tinned milk carnation 170g,Jun,2018,Q2,206338730,Imported,Imported,Non-Perishable,Low,148.1,203.8,305.75,0.0,166.23,0.0
"Evaporated tinned milk(peak), 170g",Jun,2018,Q2,206338730,Imported,Imported,Non-Perishable,Low,148.1,203.8,305.75,0.0,189.93,0.0
Frozen chicken,Jun,2018,Q2,206338730,South East,Livestock,Perishable,High,148.1,203.8,305.75,283577.7,1537.25,221.6
"Gari white,sold loose",Jun,2018,Q2,206338730,South West,Crops,Non-Perishable,Low,148.1,203.8,305.75,3378030.0,216.72,207.46666666666667
"Gari yellow,sold loose",Jun,2018,Q2,206338730,South West,Crops,Non-Perishable,Low,148.1,203.8,305.75,3378030.0,259.83,207.46666666666667
Mudfish (aro) fresh,Jun,2018,Q2,206338730,South South,Fishing,Perishable,High,148.1,203.8,305.75,80103.89,1070.62,459.2666666666667
Mudfish : dried,Jun,2018,Q2,206338730,South South,Fishing,Non-Perishable,Low,148.1,203.8,305.75,80103.89,1941.91,459.2666666666667
Onion bulb,Jun,2018,Q2,206338730,North East,Crops,Perishable,Low,148.1,203.8,305.75,3378030.0,240.01,70.36666666666666
Rice agric sold loose,Jun,2018,Q2,206338730,North Central,Crops,Non-Perishable,Low,148.1,203.8,305.75,3378030.0,331.14,131.46666666666667
Rice local sold loose,Jun,2018,Q2,206338730,North Central,Crops,Non-Perishable,Low,148.1,203.8,305.75,3378030.0,280.76,131.46666666666667
Rice Medium Grained,Jun,2018,Q2,206338730,North Central,Crops,Non-Perishable,Low,148.1,203.8,305.75,3378030.0,323.12,131.46666666666667
"Rice,imported high quality sold loose",Jun,2018,Q2,206338730,Imported,Imported,Non-Perishable,Low,148.1,203.8,305.75,0.0,373.47,0.0
Tomato,Jun,2018,Q2,206338730,North Central,Crops,Perishable,High,148.1,203.8,305.75,3378030.0,317.67,131.46666666666667
Yam tuber,Jun,2018,Q2,206338730,South East,Crops,Perishable,Medium,148.1,203.8,305.75,3378030.0,285.84,221.6
Dried Fish Sardine,Jun,2018,Q2,206338730,South South,Fishing,Non-Perishable,Low,148.1,203.8,305.75,80103.89,1378.57,459.2666666666667
Iced Sardine,Jun,2018,Q2,206338730,Imported,Fishing,Perishable,High,148.1,203.8,305.75,80103.89,923.47,0.0
Irish potato,Jun,2018,Q2,206338730,North East,Crops,Perishable,Medium,148.1,203.8,305.75,3378030.0,297.09,70.36666666666666
Sweet potato,Jun,2018,Q2,206338730,South East,Crops,Perishable,Medium,148.1,203.8,305.75,3378030.0,148.68,221.6
Tilapia fish (epiya) fresh,Jun,2018,Q2,206338730,South South,Fishing,Perishable,High,148.1,203.8,305.75,80103.89,939.36,459.2666666666667
Titus:frozen,Jun,2018,Q2,206338730,Imported,Fishing,Perishable,High,148.1,203.8,305.75,80103.89,950.28,0.0
Catfish (obokun) fresh,Jun,2018,Q2,206338730,South West,Fishing,Perishable,High,148.1,203.8,305.75,80103.89,1062.43,207.46666666666667
Catfish :dried,Jun,2018,Q2,206338730,South West,Fishing,Non-Perishable,Low,148.1,203.8,305.75,80103.89,1770.53,207.46666666666667
Catfish Smoked,Jun,2018,Q2,206338730,South West,Fishing,Non-Perishable,Low,148.1,203.8,305.75,80103.89,1527.82,207.46666666666667
Mackerel : frozen,Jun,2018,Q2,206338730,Imported,Fishing,Perishable,High,148.1,203.8,305.75,80103.89,908.91,0.0
"Groundnut oil: 1 bottle, specify bottle",Jun,2018,Q2,206338730,North East,Crops,Non-Perishable,Low,148.1,203.8,305.75,3378030.0,612.45,70.36666666666666
Maize grain white sold loose,Jun,2018,Q2,206338730,North Central,Crops,Non-Perishable,Low,148.1,203.8,305.75,3378030.0,183.69,131.46666666666667
Maize grain yellow sold loose,Jun,2018,Q2,206338730,North Central,Crops,Non-Perishable,Low,148.1,203.8,305.75,3378030.0,197.27,131.46666666666667
"Palm oil: 1 bottle,specify bottle",Jun,2018,Q2,206338730,South South,Crops,Non-Perishable,Low,148.1,203.8,305.75,3378030.0,499.98,459.2666666666667
Plantain(ripe),Jun,2018,Q2,206338730,South East,Crops,Perishable,Medium,148.1,203.8,305.75,3378030.0,276.6,221.6
Plantain(unripe),Jun,2018,Q2,206338730,South East,Crops,Perishable,Medium,148.1,203.8,305.75,3378030.0,248.47,221.6
"Vegetable oil:1 bottle,specify bottle",Jun,2018,Q2,206338730,Imported,Crops,Non-Perishable,Low,148.1,203.8,305.75,3378030.0,552.08,0.0
Wheat flour: prepacked (golden penny 2kg),Jun,2018,Q2,206338730,Imported,Crops,Non-Perishable,Low,148.1,203.8,305.75,3378030.0,660.13,0.0
Agric eggs medium size,Jul,2018,Q3,206875633,South West,Livestock,Perishable,High,146.8,204.3,305.85,291160.53,471.75,146.76666666666665
Agric eggs(medium size price of one),Jul,2018,Q3,206875633,South West,Livestock,Perishable,High,146.8,204.3,305.85,291160.53,41.22,146.76666666666665
"Beans brown,sold loose",Jul,2018,Q3,206875633,North Central,Crops,Non-Perishable,Low,146.8,204.3,305.85,4877078.5,411.02,139.6
Beans:white black eye. sold loose,Jul,2018,Q3,206875633,North East,Crops,Non-Perishable,Low,146.8,204.3,305.85,4877078.5,361.33,81.36666666666666
Beef Bone in,Jul,2018,Q3,206875633,North West,Livestock,Perishable,High,146.8,204.3,305.85,291160.53,1028.12,105.5
"Beef,boneless",Jul,2018,Q3,206875633,North West,Livestock,Perishable,High,146.8,204.3,305.85,291160.53,1262.73,105.5
Bread sliced 500g,Jul,2018,Q3,206875633,South West,Crops,Perishable,Medium,146.8,204.3,305.85,4877078.5,305.25,146.76666666666665
Bread unsliced 500g,Jul,2018,Q3,206875633,South West,Crops,Perishable,Medium,146.8,204.3,305.85,4877078.5,272.71,146.76666666666665
Broken Rice (Ofada),Jul,2018,Q3,206875633,South West,Crops,Non-Perishable,Low,146.8,204.3,305.85,4877078.5,403.56,146.76666666666665
Chicken Feet,Jul,2018,Q3,206875633,South East,Livestock,Perishable,High,146.8,204.3,305.85,291160.53,930.5,321.8
Chicken Wings,Jul,2018,Q3,206875633,South East,Livestock,Perishable,High,146.8,204.3,305.85,291160.53,963.05,321.8
Evaporated tinned milk carnation 170g,Jul,2018,Q3,206875633,Imported,Imported,Non-Perishable,Low,146.8,204.3,305.85,0.0,165.74,0.0
"Evaporated tinned milk(peak), 170g",Jul,2018,Q3,206875633,Imported,Imported,Non-Perishable,Low,146.8,204.3,305.85,0.0,187.84,0.0
Frozen chicken,Jul,2018,Q3,206875633,South East,Livestock,Perishable,High,146.8,204.3,305.85,291160.53,1541.37,321.8
"Gari white,sold loose",Jul,2018,Q3,206875633,South West,Crops,Non-Perishable,Low,146.8,204.3,305.85,4877078.5,200.67,146.76666666666665
"Gari yellow,sold loose",Jul,2018,Q3,206875633,South West,Crops,Non-Perishable,Low,146.8,204.3,305.85,4877078.5,248.72,146.76666666666665
Mudfish (aro) fresh,Jul,2018,Q3,206875633,South South,Fishing,Perishable,High,146.8,204.3,305.85,76759.2,1065.56,363.8
Mudfish : dried,Jul,2018,Q3,206875633,South South,Fishing,Non-Perishable,Low,146.8,204.3,305.85,76759.2,1907.21,363.8
Onion bulb,Jul,2018,Q3,206875633,North East,Crops,Perishable,Low,146.8,204.3,305.85,4877078.5,246.91,81.36666666666666
Rice agric sold loose,Jul,2018,Q3,206875633,North Central,Crops,Non-Perishable,Low,146.8,204.3,305.85,4877078.5,325.13,139.6
Rice local sold loose,Jul,2018,Q3,206875633,North Central,Crops,Non-Perishable,Low,146.8,204.3,305.85,4877078.5,276.29,139.6
Rice Medium Grained,Jul,2018,Q3,206875633,North Central,Crops,Non-Perishable,Low,146.8,204.3,305.85,4877078.5,319.35,139.6
"Rice,imported high quality sold loose",Jul,2018,Q3,206875633,Imported,Imported,Non-Perishable,Low,146.8,204.3,305.85,0.0,370.79,0.0
Tomato,Jul,2018,Q3,206875633,North Central,Crops,Perishable,High,146.8,204.3,305.85,4877078.5,336.29,139.6
Yam tuber,Jul,2018,Q3,206875633,South East,Crops,Perishable,Medium,146.8,204.3,305.85,4877078.5,280.83,321.8
Dried Fish Sardine,Jul,2018,Q3,206875633,South South,Fishing,Non-Perishable,Low,146.8,204.3,305.85,76759.2,1395.41,363.8
Iced Sardine,Jul,2018,Q3,206875633,Imported,Fishing,Perishable,High,146.8,204.3,305.85,76759.2,940.53,0.0
Irish potato,Jul,2018,Q3,206875633,North East,Crops,Perishable,Medium,146.8,204.3,305.85,4877078.5,296.59,81.36666666666666
Sweet potato,Jul,2018,Q3,206875633,South East,Crops,Perishable,Medium,146.8,204.3,305.85,4877078.5,163.3,321.8
Tilapia fish (epiya) fresh,Jul,2018,Q3,206875633,South South,Fishing,Perishable,High,146.8,204.3,305.85,76759.2,935.16,363.8
Titus:frozen,Jul,2018,Q3,206875633,Imported,Fishing,Perishable,High,146.8,204.3,305.85,76759.2,924.77,0.0
Catfish (obokun) fresh,Jul,2018,Q3,206875633,South West,Fishing,Perishable,High,146.8,204.3,305.85,76759.2,1064.74,146.76666666666665
Catfish :dried,Jul,2018,Q3,206875633,South West,Fishing,Non-Perishable,Low,146.8,204.3,305.85,76759.2,1792.12,146.76666666666665
Catfish Smoked,Jul,2018,Q3,206875633,South West,Fishing,Non-Perishable,Low,146.8,204.3,305.85,76759.2,1504.39,146.76666666666665
Mackerel : frozen,Jul,2018,Q3,206875633,Imported,Fishing,Perishable,High,146.8,204.3,305.85,76759.2,922.91,0.0
"Groundnut oil: 1 bottle, specify bottle",Jul,2018,Q3,206875633,North East,Crops,Non-Perishable,Low,146.8,204.3,305.85,4877078.5,603.58,81.36666666666666
Maize grain white sold loose,Jul,2018,Q3,206875633,North Central,Crops,Non-Perishable,Low,146.8,204.3,305.85,4877078.5,179.39,139.6
Maize grain yellow sold loose,Jul,2018,Q3,206875633,North Central,Crops,Non-Perishable,Low,146.8,204.3,305.85,4877078.5,190.44,139.6
"Palm oil: 1 bottle,specify bottle",Jul,2018,Q3,206875633,South South,Crops,Non-Perishable,Low,146.8,204.3,305.85,4877078.5,496.43,363.8
Plantain(ripe),Jul,2018,Q3,206875633,South East,Crops,Perishable,Medium,146.8,204.3,305.85,4877078.5,270.77,321.8
Plantain(unripe),Jul,2018,Q3,206875633,South East,Crops,Perishable,Medium,146.8,204.3,305.85,4877078.5,248.58,321.8
"Vegetable oil:1 bottle,specify bottle",Jul,2018,Q3,206875633,Imported,Crops,Non-Perishable,Low,146.8,204.3,305.85,4877078.5,547.9,0.0
Wheat flour: prepacked (golden penny 2kg),Jul,2018,Q3,206875633,Imported,Crops,Non-Perishable,Low,146.8,204.3,305.85,4877078.5,657.58,0.0
Agric eggs medium size,Aug,2018,Q3,207413667,South West,Livestock,Perishable,High,146.9,204.3,306.15,291160.53,474.13,258.96666666666664
Agric eggs(medium size price of one),Aug,2018,Q3,207413667,South West,Livestock,Perishable,High,146.9,204.3,306.15,291160.53,41.79,258.96666666666664
"Beans brown,sold loose",Aug,2018,Q3,207413667,North Central,Crops,Non-Perishable,Low,146.9,204.3,306.15,4877078.5,410.16,273.0
Beans:white black eye. sold loose,Aug,2018,Q3,207413667,North East,Crops,Non-Perishable,Low,146.9,204.3,306.15,4877078.5,361.68,174.83333333333334
Beef Bone in,Aug,2018,Q3,207413667,North West,Livestock,Perishable,High,146.9,204.3,306.15,291160.53,1061.78,220.9
"Beef,boneless",Aug,2018,Q3,207413667,North West,Livestock,Perishable,High,146.9,204.3,306.15,291160.53,1281.02,220.9
Bread sliced 500g,Aug,2018,Q3,207413667,South West,Crops,Perishable,Medium,146.9,204.3,306.15,4877078.5,307.97,258.96666666666664
Bread unsliced 500g,Aug,2018,Q3,207413667,South West,Crops,Perishable,Medium,146.9,204.3,306.15,4877078.5,278.27,258.96666666666664
Broken Rice (Ofada),Aug,2018,Q3,207413667,South West,Crops,Non-Perishable,Low,146.9,204.3,306.15,4877078.5,397.29,258.96666666666664
Chicken Feet,Aug,2018,Q3,207413667,South East,Livestock,Perishable,High,146.9,204.3,306.15,291160.53,803.03,253.0666666666667
Chicken Wings,Aug,2018,Q3,207413667,South East,Livestock,Perishable,High,146.9,204.3,306.15,291160.53,992.48,253.0666666666667
Evaporated tinned milk carnation 170g,Aug,2018,Q3,207413667,Imported,Imported,Non-Perishable,Low,146.9,204.3,306.15,0.0,162.99,0.0
"Evaporated tinned milk(peak), 170g",Aug,2018,Q3,207413667,Imported,Imported,Non-Perishable,Low,146.9,204.3,306.15,0.0,184.25,0.0
Frozen chicken,Aug,2018,Q3,207413667,South East,Livestock,Perishable,High,146.9,204.3,306.15,291160.53,1533.22,253.0666666666667
"Gari white,sold loose",Aug,2018,Q3,207413667,South West,Crops,Non-Perishable,Low,146.9,204.3,306.15,4877078.5,198.82,258.96666666666664
"Gari yellow,sold loose",Aug,2018,Q3,207413667,South West,Crops,Non-Perishable,Low,146.9,204.3,306.15,4877078.5,246.75,258.96666666666664
Mudfish (aro) fresh,Aug,2018,Q3,207413667,South South,Fishing,Perishable,High,146.9,204.3,306.15,76759.2,1104.81,347.3666666666666
Mudfish : dried,Aug,2018,Q3,207413667,South South,Fishing,Non-Perishable,Low,146.9,204.3,306.15,76759.2,1897.08,347.3666666666666
Onion bulb,Aug,2018,Q3,207413667,North East,Crops,Perishable,Low,146.9,204.3,306.15,4877078.5,252.09,174.83333333333334
Rice agric sold loose,Aug,2018,Q3,207413667,North Central,Crops,Non-Perishable,Low,146.9,204.3,306.15,4877078.5,327.02,273.0
Rice local sold loose,Aug,2018,Q3,207413667,North Central,Crops,Non-Perishable,Low,146.9,204.3,306.15,4877078.5,280.29,273.0
Rice Medium Grained,Aug,2018,Q3,207413667,North Central,Crops,Non-Perishable,Low,146.9,204.3,306.15,4877078.5,322.55,273.0
"Rice,imported high quality sold loose",Aug,2018,Q3,207413667,Imported,Imported,Non-Perishable,Low,146.9,204.3,306.15,0.0,375.02,0.0
Tomato,Aug,2018,Q3,207413667,North Central,Crops,Perishable,High,146.9,204.3,306.15,4877078.5,336.65,273.0
Yam tuber,Aug,2018,Q3,207413667,South East,Crops,Perishable,Medium,146.9,204.3,306.15,4877078.5,292.97,253.0666666666667
Dried Fish Sardine,Aug,2018,Q3,207413667,South South,Fishing,Non-Perishable,Low,146.9,204.3,306.15,76759.2,1382.94,347.3666666666666
Iced Sardine,Aug,2018,Q3,207413667,Imported,Fishing,Perishable,High,146.9,204.3,306.15,76759.2,937.22,0.0
Irish potato,Aug,2018,Q3,207413667,North East,Crops,Perishable,Medium,146.9,204.3,306.15,4877078.5,309.5,174.83333333333334
Sweet potato,Aug,2018,Q3,207413667,South East,Crops,Perishable,Medium,146.9,204.3,306.15,4877078.5,167.08,253.0666666666667
Tilapia fish (epiya) fresh,Aug,2018,Q3,207413667,South South,Fishing,Perishable,High,146.9,204.3,306.15,76759.2,947.79,347.3666666666666
Titus:frozen,Aug,2018,Q3,207413667,Imported,Fishing,Perishable,High,146.9,204.3,306.15,76759.2,946.55,0.0
Catfish (obokun) fresh,Aug,2018,Q3,207413667,South West,Fishing,Perishable,High,146.9,204.3,306.15,76759.2,1088.95,258.96666666666664
Catfish :dried,Aug,2018,Q3,207413667,South West,Fishing,Non-Perishable,Low,146.9,204.3,306.15,76759.2,1807.11,258.96666666666664
Catfish Smoked,Aug,2018,Q3,207413667,South West,Fishing,Non-Perishable,Low,146.9,204.3,306.15,76759.2,1512.4,258.96666666666664
Mackerel : frozen,Aug,2018,Q3,207413667,Imported,Fishing,Perishable,High,146.9,204.3,306.15,76759.2,926.18,0.0
"Groundnut oil: 1 bottle, specify bottle",Aug,2018,Q3,207413667,North East,Crops,Non-Perishable,Low,146.9,204.3,306.15,4877078.5,603.41,174.83333333333334
Maize grain white sold loose,Aug,2018,Q3,207413667,North Central,Crops,Non-Perishable,Low,146.9,204.3,306.15,4877078.5,180.09,273.0
Maize grain yellow sold loose,Aug,2018,Q3,207413667,North Central,Crops,Non-Perishable,Low,146.9,204.3,306.15,4877078.5,191.06,273.0
"Palm oil: 1 bottle,specify bottle",Aug,2018,Q3,207413667,South South,Crops,Non-Perishable,Low,146.9,204.3,306.15,4877078.5,501.13,347.3666666666666
Plantain(ripe),Aug,2018,Q3,207413667,South East,Crops,Perishable,Medium,146.9,204.3,306.15,4877078.5,275.78,253.0666666666667
Plantain(unripe),Aug,2018,Q3,207413667,South East,Crops,Perishable,Medium,146.9,204.3,306.15,4877078.5,247.06,253.0666666666667
"Vegetable oil:1 bottle,specify bottle",Aug,2018,Q3,207413667,Imported,Crops,Non-Perishable,Low,146.9,204.3,306.15,4877078.5,540.44,0.0
Wheat flour: prepacked (golden penny 2kg),Aug,2018,Q3,207413667,Imported,Crops,Non-Perishable,Low,146.9,204.3,306.15,4877078.5,661.06,0.0
Agric eggs medium size,Sep,2018,Q3,207952834,South West,Livestock,Perishable,High,148.0,205.5,306.35,291160.53,472.73,248.83333333333334
Agric eggs(medium size price of one),Sep,2018,Q3,207952834,South West,Livestock,Perishable,High,148.0,205.5,306.35,291160.53,41.17,248.83333333333334
"Beans brown,sold loose",Sep,2018,Q3,207952834,North Central,Crops,Non-Perishable,Low,148.0,205.5,306.35,4877078.5,416.07,136.63333333333333
Beans:white black eye. sold loose,Sep,2018,Q3,207952834,North East,Crops,Non-Perishable,Low,148.0,205.5,306.35,4877078.5,362.71,105.3
Beef Bone in,Sep,2018,Q3,207952834,North West,Livestock,Perishable,High,148.0,205.5,306.35,291160.53,1027.66,116.06666666666666
"Beef,boneless",Sep,2018,Q3,207952834,North West,Livestock,Perishable,High,148.0,205.5,306.35,291160.53,1281.64,116.06666666666666
Bread sliced 500g,Sep,2018,Q3,207952834,South West,Crops,Perishable,Medium,148.0,205.5,306.35,4877078.5,303.84,248.83333333333334
Bread unsliced 500g,Sep,2018,Q3,207952834,South West,Crops,Perishable,Medium,148.0,205.5,306.35,4877078.5,278.57,248.83333333333334
Broken Rice (Ofada),Sep,2018,Q3,207952834,South West,Crops,Non-Perishable,Low,148.0,205.5,306.35,4877078.5,384.49,248.83333333333334
Chicken Feet,Sep,2018,Q3,207952834,South East,Livestock,Perishable,High,148.0,205.5,306.35,291160.53,808.05,258.76666666666665
Chicken Wings,Sep,2018,Q3,207952834,South East,Livestock,Perishable,High,148.0,205.5,306.35,291160.53,1012.5,258.76666666666665
Evaporated tinned milk carnation 170g,Sep,2018,Q3,207952834,Imported,Imported,Non-Perishable,Low,148.0,205.5,306.35,0.0,166.28,0.0
"Evaporated tinned milk(peak), 170g",Sep,2018,Q3,207952834,Imported,Imported,Non-Perishable,Low,148.0,205.5,306.35,0.0,189.29,0.0
Frozen chicken,Sep,2018,Q3,207952834,South East,Livestock,Perishable,High,148.0,205.5,306.35,291160.53,1534.18,258.76666666666665
"Gari white,sold loose",Sep,2018,Q3,207952834,South West,Crops,Non-Perishable,Low,148.0,205.5,306.35,4877078.5,195.86,248.83333333333334
"Gari yellow,sold loose",Sep,2018,Q3,207952834,South West,Crops,Non-Perishable,Low,148.0,205.5,306.35,4877078.5,253.7,248.83333333333334
Mudfish (aro) fresh,Sep,2018,Q3,207952834,South South,Fishing,Perishable,High,148.0,205.5,306.35,76759.2,1072.12,339.43333333333334
Mudfish : dried,Sep,2018,Q3,207952834,South South,Fishing,Non-Perishable,Low,148.0,205.5,306.35,76759.2,1908.02,339.43333333333334
Onion bulb,Sep,2018,Q3,207952834,North East,Crops,Perishable,Low,148.0,205.5,306.35,4877078.5,251.3,105.3
Rice agric sold loose,Sep,2018,Q3,207952834,North Central,Crops,Non-Perishable,Low,148.0,205.5,306.35,4877078.5,328.42,136.63333333333333
Rice local sold loose,Sep,2018,Q3,207952834,North Central,Crops,Non-Perishable,Low,148.0,205.5,306.35,4877078.5,277.78,136.63333333333333
Rice Medium Grained,Sep,2018,Q3,207952834,North Central,Crops,Non-Perishable,Low,148.0,205.5,306.35,4877078.5,319.46,136.63333333333333
"Rice,imported high quality sold loose",Sep,2018,Q3,207952834,Imported,Imported,Non-Perishable,Low,148.0,205.5,306.35,0.0,371.32,0.0
Tomato,Sep,2018,Q3,207952834,North Central,Crops,Perishable,High,148.0,205.5,306.35,4877078.5,328.26,136.63333333333333
Yam tuber,Sep,2018,Q3,207952834,South East,Crops,Perishable,Medium,148.0,205.5,306.35,4877078.5,280.28,258.76666666666665
Dried Fish Sardine,Sep,2018,Q3,207952834,South South,Fishing,Non-Perishable,Low,148.0,205.5,306.35,76759.2,1374.26,339.43333333333334
Iced Sardine,Sep,2018,Q3,207952834,Imported,Fishing,Perishable,High,148.0,205.5,306.35,76759.2,931.59,0.0
Irish potato,Sep,2018,Q3,207952834,North East,Crops,Perishable,Medium,148.0,205.5,306.35,4877078.5,291.95,105.3
Sweet potato,Sep,2018,Q3,207952834,South East,Crops,Perishable,Medium,148.0,205.5,306.35,4877078.5,167.28,258.76666666666665
Tilapia fish (epiya) fresh,Sep,2018,Q3,207952834,South South,Fishing,Perishable,High,148.0,205.5,306.35,76759.2,979.22,339.43333333333334
Titus:frozen,Sep,2018,Q3,207952834,Imported,Fishing,Perishable,High,148.0,205.5,306.35,76759.2,941.5,0.0
Catfish (obokun) fresh,Sep,2018,Q3,207952834,South West,Fishing,Perishable,High,148.0,205.5,306.35,76759.2,1089.25,248.83333333333334
Catfish :dried,Sep,2018,Q3,207952834,South West,Fishing,Non-Perishable,Low,148.0,205.5,306.35,76759.2,1766.55,248.83333333333334
Catfish Smoked,Sep,2018,Q3,207952834,South West,Fishing,Non-Perishable,Low,148.0,205.5,306.35,76759.2,1499.6,248.83333333333334
Mackerel : frozen,Sep,2018,Q3,207952834,Imported,Fishing,Perishable,High,148.0,205.5,306.35,76759.2,944.5,0.0
"Groundnut oil: 1 bottle, specify bottle",Sep,2018,Q3,207952834,North East,Crops,Non-Perishable,Low,148.0,205.5,306.35,4877078.5,608.35,105.3
Maize grain white sold loose,Sep,2018,Q3,207952834,North Central,Crops,Non-Perishable,Low,148.0,205.5,306.35,4877078.5,179.9,136.63333333333333
Maize grain yellow sold loose,Sep,2018,Q3,207952834,North Central,Crops,Non-Perishable,Low,148.0,205.5,306.35,4877078.5,189.81,136.63333333333333
"Palm oil: 1 bottle,specify bottle",Sep,2018,Q3,207952834,South South,Crops,Non-Perishable,Low,148.0,205.5,306.35,4877078.5,501.02,339.43333333333334
Plantain(ripe),Sep,2018,Q3,207952834,South East,Crops,Perishable,Medium,148.0,205.5,306.35,4877078.5,272.6,258.76666666666665
Plantain(unripe),Sep,2018,Q3,207952834,South East,Crops,Perishable,Medium,148.0,205.5,306.35,4877078.5,244.26,258.76666666666665
"Vegetable oil:1 bottle,specify bottle",Sep,2018,Q3,207952834,Imported,Crops,Non-Perishable,Low,148.0,205.5,306.35,4877078.5,546.85,0.0
Wheat flour: prepacked (golden penny 2kg),Sep,2018,Q3,207952834,Imported,Crops,Non-Perishable,Low,148.0,205.5,306.35,4877078.5,651.87,0.0
Agric eggs medium size,Oct,2018,Q4,208493138,South West,Livestock,Perishable,High,148.0,205.5,306.6,341002.97,482.9,110.73333333333333
Agric eggs(medium size price of one),Oct,2018,Q4,208493138,South West,Livestock,Perishable,High,148.0,205.5,306.6,341002.97,41.73,110.73333333333333
"Beans brown,sold loose",Oct,2018,Q4,208493138,North Central,Crops,Non-Perishable,Low,148.0,205.5,306.6,4486166.0,411.05,74.60000000000001
Beans:white black eye. sold loose,Oct,2018,Q4,208493138,North East,Crops,Non-Perishable,Low,148.0,205.5,306.6,4486166.0,354.22,6.866666666666666
Beef Bone in,Oct,2018,Q4,208493138,North West,Livestock,Perishable,High,148.0,205.5,306.6,341002.97,1003.35,12.366666666666667
"Beef,boneless",Oct,2018,Q4,208493138,North West,Livestock,Perishable,High,148.0,205.5,306.6,341002.97,1260.59,12.366666666666667
Bread sliced 500g,Oct,2018,Q4,208493138,South West,Crops,Perishable,Medium,148.0,205.5,306.6,4486166.0,299.19,110.73333333333333
Bread unsliced 500g,Oct,2018,Q4,208493138,South West,Crops,Perishable,Medium,148.0,205.5,306.6,4486166.0,272.91,110.73333333333333
Broken Rice (Ofada),Oct,2018,Q4,208493138,South West,Crops,Non-Perishable,Low,148.0,205.5,306.6,4486166.0,370.21,110.73333333333333
Chicken Feet,Oct,2018,Q4,208493138,South East,Livestock,Perishable,High,148.0,205.5,306.6,341002.97,775.66,197.53333333333333
Chicken Wings,Oct,2018,Q4,208493138,South East,Livestock,Perishable,High,148.0,205.5,306.6,341002.97,982.51,197.53333333333333
Evaporated tinned milk carnation 170g,Oct,2018,Q4,208493138,Imported,Imported,Non-Perishable,Low,148.0,205.5,306.6,0.0,163.34,0.0
"Evaporated tinned milk(peak), 170g",Oct,2018,Q4,208493138,Imported,Imported,Non-Perishable,Low,148.0,205.5,306.6,0.0,187.25,0.0
Frozen chicken,Oct,2018,Q4,208493138,South East,Livestock,Perishable,High,148.0,205.5,306.6,341002.97,1558.22,197.53333333333333
"Gari white,sold loose",Oct,2018,Q4,208493138,South West,Crops,Non-Perishable,Low,148.0,205.5,306.6,4486166.0,188.39,110.73333333333333
"Gari yellow,sold loose",Oct,2018,Q4,208493138,South West,Crops,Non-Perishable,Low,148.0,205.5,306.6,4486166.0,236.26,110.73333333333333
Mudfish (aro) fresh,Oct,2018,Q4,208493138,South South,Fishing,Perishable,High,148.0,205.5,306.6,101568.29,1052.07,305.2
Mudfish : dried,Oct,2018,Q4,208493138,South South,Fishing,Non-Perishable,Low,148.0,205.5,306.6,101568.29,1874.37,305.2
Onion bulb,Oct,2018,Q4,208493138,North East,Crops,Perishable,Low,148.0,205.5,306.6,4486166.0,232.81,6.866666666666666
Rice agric sold loose,Oct,2018,Q4,208493138,North Central,Crops,Non-Perishable,Low,148.0,205.5,306.6,4486166.0,323.27,74.60000000000001
Rice local sold loose,Oct,2018,Q4,208493138,North Central,Crops,Non-Perishable,Low,148.0,205.5,306.6,4486166.0,277.87,74.60000000000001
Rice Medium Grained,Oct,2018,Q4,208493138,North Central,Crops,Non-Perishable,Low,148.0,205.5,306.6,4486166.0,314.89,74.60000000000001
"Rice,imported high quality sold loose",Oct,2018,Q4,208493138,Imported,Imported,Non-Perishable,Low,148.0,205.5,306.6,0.0,373.04,0.0
Tomato,Oct,2018,Q4,208493138,North Central,Crops,Perishable,High,148.0,205.5,306.6,4486166.0,306.59,74.60000000000001
Yam tuber,Oct,2018,Q4,208493138,South East,Crops,Perishable,Medium,148.0,205.5,306.6,4486166.0,252.21,197.53333333333333
Dried Fish Sardine,Oct,2018,Q4,208493138,South South,Fishing,Non-Perishable,Low,148.0,205.5,306.6,101568.29,1365.68,305.2
Iced Sardine,Oct,2018,Q4,208493138,Imported,Fishing,Perishable,High,148.0,205.5,306.6,101568.29,916.8,0.0
Irish potato,Oct,2018,Q4,208493138,North East,Crops,Perishable,Medium,148.0,205.5,306.6,4486166.0,300.14,6.866666666666666
Sweet potato,Oct,2018,Q4,208493138,South East,Crops,Perishable,Medium,148.0,205.5,306.6,4486166.0,154.73,197.53333333333333
Tilapia fish (epiya) fresh,Oct,2018,Q4,208493138,South South,Fishing,Perishable,High,148.0,205.5,306.6,101568.29,923.12,305.2
Titus:frozen,Oct,2018,Q4,208493138,Imported,Fishing,Perishable,High,148.0,205.5,306.6,101568.29,923.92,0.0
Catfish (obokun) fresh,Oct,2018,Q4,208493138,South West,Fishing,Perishable,High,148.0,205.5,306.6,101568.29,1080.38,110.73333333333333
Catfish :dried,Oct,2018,Q4,208493138,South West,Fishing,Non-Perishable,Low,148.0,205.5,306.6,101568.29,2362.28,110.73333333333333
Catfish Smoked,Oct,2018,Q4,208493138,South West,Fishing,Non-Perishable,Low,148.0,205.5,306.6,101568.29,1482.3,110.73333333333333
Mackerel : frozen,Oct,2018,Q4,208493138,Imported,Fishing,Perishable,High,148.0,205.5,306.6,101568.29,920.99,0.0
"Groundnut oil: 1 bottle, specify bottle",Oct,2018,Q4,208493138,North East,Crops,Non-Perishable,Low,148.0,205.5,306.6,4486166.0,592.51,6.866666666666666
Maize grain white sold loose,Oct,2018,Q4,208493138,North Central,Crops,Non-Perishable,Low,148.0,205.5,306.6,4486166.0,171.14,74.60000000000001
Maize grain yellow sold loose,Oct,2018,Q4,208493138,North Central,Crops,Non-Perishable,Low,148.0,205.5,306.6,4486166.0,178.38,74.60000000000001
"Palm oil: 1 bottle,specify bottle",Oct,2018,Q4,208493138,South South,Crops,Non-Perishable,Low,148.0,205.5,306.6,4486166.0,495.07,305.2
Plantain(ripe),Oct,2018,Q4,208493138,South East,Crops,Perishable,Medium,148.0,205.5,306.6,4486166.0,245.62,197.53333333333333
Plantain(unripe),Oct,2018,Q4,208493138,South East,Crops,Perishable,Medium,148.0,205.5,306.6,4486166.0,226.56,197.53333333333333
"Vegetable oil:1 bottle,specify bottle",Oct,2018,Q4,208493138,Imported,Crops,Non-Perishable,Low,148.0,205.5,306.6,4486166.0,536.08,0.0
Wheat flour: prepacked (golden penny 2kg),Oct,2018,Q4,208493138,Imported,Crops,Non-Perishable,Low,148.0,205.5,306.6,4486166.0,656.8,0.0
Agric eggs medium size,Nov,2018,Q4,209034583,South West,Livestock,Perishable,High,148.0,205.5,306.8,341002.97,477.76,24.433333333333337
Agric eggs(medium size price of one),Nov,2018,Q4,209034583,South West,Livestock,Perishable,High,148.0,205.5,306.8,341002.97,42.4,24.433333333333337
"Beans brown,sold loose",Nov,2018,Q4,209034583,North Central,Crops,Non-Perishable,Low,148.0,205.5,306.8,4486166.0,396.73,6.666666666666667
Beans:white black eye. sold loose,Nov,2018,Q4,209034583,North East,Crops,Non-Perishable,Low,148.0,205.5,306.8,4486166.0,346.41,0.0
Beef Bone in,Nov,2018,Q4,209034583,North West,Livestock,Perishable,High,148.0,205.5,306.8,341002.97,998.67,0.0
"Beef,boneless",Nov,2018,Q4,209034583,North West,Livestock,Perishable,High,148.0,205.5,306.8,341002.97,1251.45,0.0
Bread sliced 500g,Nov,2018,Q4,209034583,South West,Crops,Perishable,Medium,148.0,205.5,306.8,4486166.0,305.48,24.433333333333337
Bread unsliced 500g,Nov,2018,Q4,209034583,South West,Crops,Perishable,Medium,148.0,205.5,306.8,4486166.0,277.87,24.433333333333337
Broken Rice (Ofada),Nov,2018,Q4,209034583,South West,Crops,Non-Perishable,Low,148.0,205.5,306.8,4486166.0,385.61,24.433333333333337
Chicken Feet,Nov,2018,Q4,209034583,South East,Livestock,Perishable,High,148.0,205.5,306.8,341002.97,985.33,63.03333333333333
Chicken Wings,Nov,2018,Q4,209034583,South East,Livestock,Perishable,High,148.0,205.5,306.8,341002.97,981.48,63.03333333333333
Evaporated tinned milk carnation 170g,Nov,2018,Q4,209034583,Imported,Imported,Non-Perishable,Low,148.0,205.5,306.8,0.0,162.42,0.0
"Evaporated tinned milk(peak), 170g",Nov,2018,Q4,209034583,Imported,Imported,Non-Perishable,Low,148.0,205.5,306.8,0.0,187.56,0.0
Frozen chicken,Nov,2018,Q4,209034583,South East,Livestock,Perishable,High,148.0,205.5,306.8,341002.97,1551.25,63.03333333333333
"Gari white,sold loose",Nov,2018,Q4,209034583,South West,Crops,Non-Perishable,Low,148.0,205.5,306.8,4486166.0,183.59,24.433333333333337
"Gari yellow,sold loose",Nov,2018,Q4,209034583,South West,Crops,Non-Perishable,Low,148.0,205.5,306.8,4486166.0,222.42,24.433333333333337
Mudfish (aro) fresh,Nov,2018,Q4,209034583,South South,Fishing,Perishable,High,148.0,205.5,306.8,101568.29,1067.1,173.9
Mudfish : dried,Nov,2018,Q4,209034583,South South,Fishing,Non-Perishable,Low,148.0,205.5,306.8,101568.29,1894.29,173.9
Onion bulb,Nov,2018,Q4,209034583,North East,Crops,Perishable,Low,148.0,205.5,306.8,4486166.0,287.66,0.0
Rice agric sold loose,Nov,2018,Q4,209034583,North Central,Crops,Non-Perishable,Low,148.0,205.5,306.8,4486166.0,329.14,6.666666666666667
Rice local sold loose,Nov,2018,Q4,209034583,North Central,Crops,Non-Perishable,Low,148.0,205.5,306.8,4486166.0,278.46,6.666666666666667
Rice Medium Grained,Nov,2018,Q4,209034583,North Central,Crops,Non-Perishable,Low,148.0,205.5,306.8,4486166.0,318.94,6.666666666666667
"Rice,imported high quality sold loose",Nov,2018,Q4,209034583,Imported,Imported,Non-Perishable,Low,148.0,205.5,306.8,0.0,376.63,0.0
Tomato,Nov,2018,Q4,209034583,North Central,Crops,Perishable,High,148.0,205.5,306.8,4486166.0,294.36,6.666666666666667
Yam tuber,Nov,2018,Q4,209034583,South East,Crops,Perishable,Medium,148.0,205.5,306.8,4486166.0,239.15,63.03333333333333
Dried Fish Sardine,Nov,2018,Q4,209034583,South South,Fishing,Non-Perishable,Low,148.0,205.5,306.8,101568.29,1331.62,173.9
Iced Sardine,Nov,2018,Q4,209034583,Imported,Fishing,Perishable,High,148.0,205.5,306.8,101568.29,920.98,0.0
Irish potato,Nov,2018,Q4,209034583,North East,Crops,Perishable,Medium,148.0,205.5,306.8,4486166.0,330.1,0.0
Sweet potato,Nov,2018,Q4,209034583,South East,Crops,Perishable,Medium,148.0,205.5,306.8,4486166.0,147.7,63.03333333333333
Tilapia fish (epiya) fresh,Nov,2018,Q4,209034583,South South,Fishing,Perishable,High,148.0,205.5,306.8,101568.29,934.07,173.9
Titus:frozen,Nov,2018,Q4,209034583,Imported,Fishing,Perishable,High,148.0,205.5,306.8,101568.29,1105.17,0.0
Catfish (obokun) fresh,Nov,2018,Q4,209034583,South West,Fishing,Perishable,High,148.0,205.5,306.8,101568.29,1112.09,24.433333333333337
Catfish :dried,Nov,2018,Q4,209034583,South West,Fishing,Non-Perishable,Low,148.0,205.5,306.8,101568.29,1814.97,24.433333333333337
Catfish Smoked,Nov,2018,Q4,209034583,South West,Fishing,Non-Perishable,Low,148.0,205.5,306.8,101568.29,1490.84,24.433333333333337
Mackerel : frozen,Nov,2018,Q4,209034583,Imported,Fishing,Perishable,High,148.0,205.5,306.8,101568.29,937.77,0.0
"Groundnut oil: 1 bottle, specify bottle",Nov,2018,Q4,209034583,North East,Crops,Non-Perishable,Low,148.0,205.5,306.8,4486166.0,603.9,0.0
Maize grain white sold loose,Nov,2018,Q4,209034583,North Central,Crops,Non-Perishable,Low,148.0,205.5,306.8,4486166.0,165.03,6.666666666666667
Maize grain yellow sold loose,Nov,2018,Q4,209034583,North Central,Crops,Non-Perishable,Low,148.0,205.5,306.8,4486166.0,168.92,6.666666666666667
"Palm oil: 1 bottle,specify bottle",Nov,2018,Q4,209034583,South South,Crops,Non-Perishable,Low,148.0,205.5,306.8,4486166.0,496.18,173.9
Plantain(ripe),Nov,2018,Q4,209034583,South East,Crops,Perishable,Medium,148.0,205.5,306.8,4486166.0,254.08,63.03333333333333
Plantain(unripe),Nov,2018,Q4,209034583,South East,Crops,Perishable,Medium,148.0,205.5,306.8,4486166.0,225.54,63.03333333333333
"Vegetable oil:1 bottle,specify bottle",Nov,2018,Q4,209034583,Imported,Crops,Non-Perishable,Low,148.0,205.5,306.8,4486166.0,536.53,0.0
Wheat flour: prepacked (golden penny 2kg),Nov,2018,Q4,209034583,Imported,Crops,Non-Perishable,Low,148.0,205.5,306.8,4486166.0,659.65,0.0
Agric eggs medium size,Dec,2018,Q4,209577171,South West,Livestock,Perishable,High,148.0,205.5,307.0,341002.97,466.97,2.6999999999999997
Agric eggs(medium size price of one),Dec,2018,Q4,209577171,South West,Livestock,Perishable,High,148.0,205.5,307.0,341002.97,42.58,2.6999999999999997
"Beans brown,sold loose",Dec,2018,Q4,209577171,North Central,Crops,Non-Perishable,Low,148.0,205.5,307.0,4486166.0,386.78,0.0
Beans:white black eye. sold loose,Dec,2018,Q4,209577171,North East,Crops,Non-Perishable,Low,148.0,205.5,307.0,4486166.0,344.72,0.0
Beef Bone in,Dec,2018,Q4,209577171,North West,Livestock,Perishable,High,148.0,205.5,307.0,341002.97,997.73,0.0
"Beef,boneless",Dec,2018,Q4,209577171,North West,Livestock,Perishable,High,148.0,205.5,307.0,341002.97,1270.81,0.0
Bread sliced 500g,Dec,2018,Q4,209577171,South West,Crops,Perishable,Medium,148.0,205.5,307.0,4486166.0,296.91,2.6999999999999997
Bread unsliced 500g,Dec,2018,Q4,209577171,South West,Crops,Perishable,Medium,148.0,205.5,307.0,4486166.0,271.14,2.6999999999999997
Broken Rice (Ofada),Dec,2018,Q4,209577171,South West,Crops,Non-Perishable,Low,148.0,205.5,307.0,4486166.0,381.64,2.6999999999999997
Chicken Feet,Dec,2018,Q4,209577171,South East,Livestock,Perishable,High,148.0,205.5,307.0,341002.97,737.76,1.6333333333333335
Chicken Wings,Dec,2018,Q4,209577171,South East,Livestock,Perishable,High,148.0,205.5,307.0,341002.97,943.99,1.6333333333333335
Evaporated tinned milk carnation 170g,Dec,2018,Q4,209577171,Imported,Imported,Non-Perishable,Low,148.0,205.5,307.0,0.0,163.28,0.0
"Evaporated tinned milk(peak), 170g",Dec,2018,Q4,209577171,Imported,Imported,Non-Perishable,Low,148.0,205.5,307.0,0.0,189.98,0.0
Frozen chicken,Dec,2018,Q4,209577171,South East,Livestock,Perishable,High,148.0,205.5,307.0,341002.97,1625.05,1.6333333333333335
"Gari white,sold loose",Dec,2018,Q4,209577171,South West,Crops,Non-Perishable,Low,148.0,205.5,307.0,4486166.0,166.64,2.6999999999999997
"Gari yellow,sold loose",Dec,2018,Q4,209577171,South West,Crops,Non-Perishable,Low,148.0,205.5,307.0,4486166.0,195.99,2.6999999999999997
Mudfish (aro) fresh,Dec,2018,Q4,209577171,South South,Fishing,Perishable,High,148.0,205.5,307.0,101568.29,1032.24,36.699999999999996
Mudfish : dried,Dec,2018,Q4,209577171,South South,Fishing,Non-Perishable,Low,148.0,205.5,307.0,101568.29,1861.66,36.699999999999996
Onion bulb,Dec,2018,Q4,209577171,North East,Crops,Perishable,Low,148.0,205.5,307.0,4486166.0,259.38,0.0
Rice agric sold loose,Dec,2018,Q4,209577171,North Central,Crops,Non-Perishable,Low,148.0,205.5,307.0,4486166.0,321.58,0.0
Rice local sold loose,Dec,2018,Q4,209577171,North Central,Crops,Non-Perishable,Low,148.0,205.5,307.0,4486166.0,280.79,0.0
Rice Medium Grained,Dec,2018,Q4,209577171,North Central,Crops,Non-Perishable,Low,148.0,205.5,307.0,4486166.0,318.0,0.0
"Rice,imported high quality sold loose",Dec,2018,Q4,209577171,Imported,Imported,Non-Perishable,Low,148.0,205.5,307.0,0.0,370.57,0.0
Tomato,Dec,2018,Q4,209577171,North Central,Crops,Perishable,High,148.0,205.5,307.0,4486166.0,271.51,0.0
Yam tuber,Dec,2018,Q4,209577171,South East,Crops,Perishable,Medium,148.0,205.5,307.0,4486166.0,212.65,1.6333333333333335
Dried Fish Sardine,Dec,2018,Q4,209577171,South South,Fishing,Non-Perishable,Low,148.0,205.5,307.0,101568.29,1342.97,36.699999999999996
Iced Sardine,Dec,2018,Q4,209577171,Imported,Fishing,Perishable,High,148.0,205.5,307.0,101568.29,906.39,0.0
Irish potato,Dec,2018,Q4,209577171,North East,Crops,Perishable,Medium,148.0,205.5,307.0,4486166.0,298.59,0.0
Sweet potato,Dec,2018,Q4,209577171,South East,Crops,Perishable,Medium,148.0,205.5,307.0,4486166.0,140.7,1.6333333333333335
Tilapia fish (epiya) fresh,Dec,2018,Q4,209577171,South South,Fishing,Perishable,High,148.0,205.5,307.0,101568.29,887.54,36.699999999999996
Titus:frozen,Dec,2018,Q4,209577171,Imported,Fishing,Perishable,High,148.0,205.5,307.0,101568.29,926.42,0.0
Catfish (obokun) fresh,Dec,2018,Q4,209577171,South West,Fishing,Perishable,High,148.0,205.5,307.0,101568.29,1060.83,2.6999999999999997
Catfish :dried,Dec,2018,Q4,209577171,South West,Fishing,Non-Perishable,Low,148.0,205.5,307.0,101568.29,1808.55,2.6999999999999997
Catfish Smoked,Dec,2018,Q4,209577171,South West,Fishing,Non-Perishable,Low,148.0,205.5,307.0,101568.29,1519.8,2.6999999999999997
Mackerel : frozen,Dec,2018,Q4,209577171,Imported,Fishing,Perishable,High,148.0,205.5,307.0,101568.29,934.19,0.0
"Groundnut oil: 1 bottle, specify bottle",Dec,2018,Q4,209577171,North East,Crops,Non-Perishable,Low,148.0,205.5,307.0,4486166.0,585.52,0.0
Maize grain white sold loose,Dec,2018,Q4,209577171,North Central,Crops,Non-Perishable,Low,148.0,205.5,307.0,4486166.0,161.49,0.0
Maize grain yellow sold loose,Dec,2018,Q4,209577171,North Central,Crops,Non-Perishable,Low,148.0,205.5,307.0,4486166.0,160.42,0.0
"Palm oil: 1 bottle,specify bottle",Dec,2018,Q4,209577171,South South,Crops,Non-Perishable,Low,148.0,205.5,307.0,4486166.0,474.53,36.699999999999996
Plantain(ripe),Dec,2018,Q4,209577171,South East,Crops,Perishable,Medium,148.0,205.5,307.0,4486166.0,227.28,1.6333333333333335
Plantain(unripe),Dec,2018,Q4,209577171,South East,Crops,Perishable,Medium,148.0,205.5,307.0,4486166.0,215.73,1.6333333333333335
"Vegetable oil:1 bottle,specify bottle",Dec,2018,Q4,209577171,Imported,Crops,Non-Perishable,Low,148.0,205.5,307.0,4486166.0,507.83,0.0
Wheat flour: prepacked (golden penny 2kg),Dec,2018,Q4,209577171,Imported,Crops,Non-Perishable,Low,148.0,205.5,307.0,4486166.0,662.89,0.0
Agric eggs medium size,Jan,2019,Q1,210120908,South West,Livestock,Perishable,High,145.7,205.5,306.75,514932.0,469.86,27.333333333333332
Agric eggs(medium size price of one),Jan,2019,Q1,210120908,South West,Livestock,Perishable,High,145.7,205.5,306.75,514932.0,42.18,27.333333333333332
"Beans brown,sold loose",Jan,2019,Q1,210120908,North Central,Crops,Non-Perishable,Low,145.7,205.5,306.75,5174393.5,382.76,7.366666666666667
Beans:white black eye. sold loose,Jan,2019,Q1,210120908,North East,Crops,Non-Perishable,Low,145.7,205.5,306.75,5174393.5,336.72,0.0
Beef Bone in,Jan,2019,Q1,210120908,North West,Livestock,Perishable,High,145.7,205.5,306.75,514932.0,994.2,0.0
"Beef,boneless",Jan,2019,Q1,210120908,North West,Livestock,Perishable,High,145.7,205.5,306.75,514932.0,1273.99,0.0
Bread sliced 500g,Jan,2019,Q1,210120908,South West,Crops,Perishable,Medium,145.7,205.5,306.75,5174393.5,300.61,27.333333333333332
Bread unsliced 500g,Jan,2019,Q1,210120908,South West,Crops,Perishable,Medium,145.7,205.5,306.75,5174393.5,272.97,27.333333333333332
Broken Rice (Ofada),Jan,2019,Q1,210120908,South West,Crops,Non-Perishable,Low,145.7,205.5,306.75,5174393.5,382.15,27.333333333333332
Chicken Feet,Jan,2019,Q1,210120908,South East,Livestock,Perishable,High,145.7,205.5,306.75,514932.0,749.53,33.333333333333336
Chicken Wings,Jan,2019,Q1,210120908,South East,Livestock,Perishable,High,145.7,205.5,306.75,514932.0,961.89,33.333333333333336
Evaporated tinned milk carnation 170g,Jan,2019,Q1,210120908,Imported,Imported,Non-Perishable,Low,145.7,205.5,306.75,0.0,164.39,0.0
"Evaporated tinned milk(peak), 170g",Jan,2019,Q1,210120908,Imported,Imported,Non-Perishable,Low,145.7,205.5,306.75,0.0,190.68,0.0
Frozen chicken,Jan,2019,Q1,210120908,South East,Livestock,Perishable,High,145.7,205.5,306.75,514932.0,1614.19,33.333333333333336
"Gari white,sold loose",Jan,2019,Q1,210120908,South West,Crops,Non-Perishable,Low,145.7,205.5,306.75,5174393.5,165.8,27.333333333333332
"Gari yellow,sold loose",Jan,2019,Q1,210120908,South West,Crops,Non-Perishable,Low,145.7,205.5,306.75,5174393.5,191.78,27.333333333333332
Mudfish (aro) fresh,Jan,2019,Q1,210120908,South South,Fishing,Perishable,High,145.7,205.5,306.75,321896.12,1054.49,83.86666666666666
Mudfish : dried,Jan,2019,Q1,210120908,South South,Fishing,Non-Perishable,Low,145.7,205.5,306.75,321896.12,1856.34,83.86666666666666
Onion bulb,Jan,2019,Q1,210120908,North East,Crops,Perishable,Low,145.7,205.5,306.75,5174393.5,257.99,0.0
Rice agric sold loose,Jan,2019,Q1,210120908,North Central,Crops,Non-Perishable,Low,145.7,205.5,306.75,5174393.5,322.45,7.366666666666667
Rice local sold loose,Jan,2019,Q1,210120908,North Central,Crops,Non-Perishable,Low,145.7,205.5,306.75,5174393.5,281.49,7.366666666666667
Rice Medium Grained,Jan,2019,Q1,210120908,North Central,Crops,Non-Perishable,Low,145.7,205.5,306.75,5174393.5,317.63,7.366666666666667
"Rice,imported high quality sold loose",Jan,2019,Q1,210120908,Imported,Imported,Non-Perishable,Low,145.7,205.5,306.75,0.0,366.04,0.0
Tomato,Jan,2019,Q1,210120908,North Central,Crops,Perishable,High,145.7,205.5,306.75,5174393.5,265.49,7.366666666666667
Yam tuber,Jan,2019,Q1,210120908,South East,Crops,Perishable,Medium,145.7,205.5,306.75,5174393.5,211.21,33.333333333333336
Dried Fish Sardine,Jan,2019,Q1,210120908,South South,Fishing,Non-Perishable,Low,145.7,205.5,306.75,321896.12,1342.79,83.86666666666666
Iced Sardine,Jan,2019,Q1,210120908,Imported,Fishing,Perishable,High,145.7,205.5,306.75,321896.12,906.02,0.0
Irish potato,Jan,2019,Q1,210120908,North East,Crops,Perishable,Medium,145.7,205.5,306.75,5174393.5,290.55,0.0
Sweet potato,Jan,2019,Q1,210120908,South East,Crops,Perishable,Medium,145.7,205.5,306.75,5174393.5,139.65,33.333333333333336
Tilapia fish (epiya) fresh,Jan,2019,Q1,210120908,South South,Fishing,Perishable,High,145.7,205.5,306.75,321896.12,910.91,83.86666666666666
Titus:frozen,Jan,2019,Q1,210120908,Imported,Fishing,Perishable,High,145.7,205.5,306.75,321896.12,935.02,0.0
Catfish (obokun) fresh,Jan,2019,Q1,210120908,South West,Fishing,Perishable,High,145.7,205.5,306.75,321896.12,1073.51,27.333333333333332
Catfish :dried,Jan,2019,Q1,210120908,South West,Fishing,Non-Perishable,Low,145.7,205.5,306.75,321896.12,1814.67,27.333333333333332
Catfish Smoked,Jan,2019,Q1,210120908,South West,Fishing,Non-Perishable,Low,145.7,205.5,306.75,321896.12,1509.19,27.333333333333332
Mackerel : frozen,Jan,2019,Q1,210120908,Imported,Fishing,Perishable,High,145.7,205.5,306.75,321896.12,933.94,0.0
"Groundnut oil: 1 bottle, specify bottle",Jan,2019,Q1,210120908,North East,Crops,Non-Perishable,Low,145.7,205.5,306.75,5174393.5,588.6,0.0
Maize grain white sold loose,Jan,2019,Q1,210120908,North Central,Crops,Non-Perishable,Low,145.7,205.5,306.75,5174393.5,158.63,7.366666666666667
Maize grain yellow sold loose,Jan,2019,Q1,210120908,North Central,Crops,Non-Perishable,Low,145.7,205.5,306.75,5174393.5,159.91,7.366666666666667
"Palm oil: 1 bottle,specify bottle",Jan,2019,Q1,210120908,South South,Crops,Non-Perishable,Low,145.7,205.5,306.75,5174393.5,477.09,83.86666666666666
Plantain(ripe),Jan,2019,Q1,210120908,South East,Crops,Perishable,Medium,145.7,205.5,306.75,5174393.5,229.51,33.333333333333336
Plantain(unripe),Jan,2019,Q1,210120908,South East,Crops,Perishable,Medium,145.7,205.5,306.75,5174393.5,217.37,33.333333333333336
"Vegetable oil:1 bottle,specify bottle",Jan,2019,Q1,210120908,Imported,Crops,Non-Perishable,Low,145.7,205.5,306.75,5174393.5,516.72,0.0
Wheat flour: prepacked (golden penny 2kg),Jan,2019,Q1,210120908,Imported,Crops,Non-Perishable,Low,145.7,205.5,306.75,5174393.5,665.12,0.0
Agric eggs medium size,Feb,2019,Q1,210665801,South West,Livestock,Perishable,High,145.3,205.5,306.85,514932.0,464.27,56.166666666666664
Agric eggs(medium size price of one),Feb,2019,Q1,210665801,South West,Livestock,Perishable,High,145.3,205.5,306.85,514932.0,42.23,56.166666666666664
"Beans brown,sold loose",Feb,2019,Q1,210665801,North Central,Crops,Non-Perishable,Low,145.3,205.5,306.85,5174393.5,373.91,26.8
Beans:white black eye. sold loose,Feb,2019,Q1,210665801,North East,Crops,Non-Perishable,Low,145.3,205.5,306.85,5174393.5,338.05,0.6999999999999998
Beef Bone in,Feb,2019,Q1,210665801,North West,Livestock,Perishable,High,145.3,205.5,306.85,514932.0,980.54,2.033333333333333
"Beef,boneless",Feb,2019,Q1,210665801,North West,Livestock,Perishable,High,145.3,205.5,306.85,514932.0,1254.99,2.033333333333333
Bread sliced 500g,Feb,2019,Q1,210665801,South West,Crops,Perishable,Medium,145.3,205.5,306.85,5174393.5,299.11,56.166666666666664
Bread unsliced 500g,Feb,2019,Q1,210665801,South West,Crops,Perishable,Medium,145.3,205.5,306.85,5174393.5,271.74,56.166666666666664
Broken Rice (Ofada),Feb,2019,Q1,210665801,South West,Crops,Non-Perishable,Low,145.3,205.5,306.85,5174393.5,385.81,56.166666666666664
Chicken Feet,Feb,2019,Q1,210665801,South East,Livestock,Perishable,High,145.3,205.5,306.85,514932.0,731.91,48.96666666666667
Chicken Wings,Feb,2019,Q1,210665801,South East,Livestock,Perishable,High,145.3,205.5,306.85,514932.0,932.32,48.96666666666667
Evaporated tinned milk carnation 170g,Feb,2019,Q1,210665801,Imported,Imported,Non-Perishable,Low,145.3,205.5,306.85,0.0,161.6,0.0
"Evaporated tinned milk(peak), 170g",Feb,2019,Q1,210665801,Imported,Imported,Non-Perishable,Low,145.3,205.5,306.85,0.0,190.92,0.0
Frozen chicken,Feb,2019,Q1,210665801,South East,Livestock,Perishable,High,145.3,205.5,306.85,514932.0,1632.71,48.96666666666667
"Gari white,sold loose",Feb,2019,Q1,210665801,South West,Crops,Non-Perishable,Low,145.3,205.5,306.85,5174393.5,166.61,56.166666666666664
"Gari yellow,sold loose",Feb,2019,Q1,210665801,South West,Crops,Non-Perishable,Low,145.3,205.5,306.85,5174393.5,191.06,56.166666666666664
Mudfish (aro) fresh,Feb,2019,Q1,210665801,South South,Fishing,Perishable,High,145.3,205.5,306.85,321896.12,1014.2,95.86666666666667
Mudfish : dried,Feb,2019,Q1,210665801,South South,Fishing,Non-Perishable,Low,145.3,205.5,306.85,321896.12,1824.01,95.86666666666667
Onion bulb,Feb,2019,Q1,210665801,North East,Crops,Perishable,Low,145.3,205.5,306.85,5174393.5,244.3,0.6999999999999998
Rice agric sold loose,Feb,2019,Q1,210665801,North Central,Crops,Non-Perishable,Low,145.3,205.5,306.85,5174393.5,316.08,26.8
Rice local sold loose,Feb,2019,Q1,210665801,North Central,Crops,Non-Perishable,Low,145.3,205.5,306.85,5174393.5,281.25,26.8
Rice Medium Grained,Feb,2019,Q1,210665801,North Central,Crops,Non-Perishable,Low,145.3,205.5,306.85,5174393.5,314.53,26.8
"Rice,imported high quality sold loose",Feb,2019,Q1,210665801,Imported,Imported,Non-Perishable,Low,145.3,205.5,306.85,0.0,364.39,0.0
Tomato,Feb,2019,Q1,210665801,North Central,Crops,Perishable,High,145.3,205.5,306.85,5174393.5,256.51,26.8
Yam tuber,Feb,2019,Q1,210665801,South East,Crops,Perishable,Medium,145.3,205.5,306.85,5174393.5,206.49,48.96666666666667
Dried Fish Sardine,Feb,2019,Q1,210665801,South South,Fishing,Non-Perishable,Low,145.3,205.5,306.85,321896.12,1380.38,95.86666666666667
Iced Sardine,Feb,2019,Q1,210665801,Imported,Fishing,Perishable,High,145.3,205.5,306.85,321896.12,911.33,0.0
Irish potato,Feb,2019,Q1,210665801,North East,Crops,Perishable,Medium,145.3,205.5,306.85,5174393.5,284.31,0.6999999999999998
Sweet potato,Feb,2019,Q1,210665801,South East,Crops,Perishable,Medium,145.3,205.5,306.85,5174393.5,137.46,48.96666666666667
Tilapia fish (epiya) fresh,Feb,2019,Q1,210665801,South South,Fishing,Perishable,High,145.3,205.5,306.85,321896.12,876.13,95.86666666666667
Titus:frozen,Feb,2019,Q1,210665801,Imported,Fishing,Perishable,High,145.3,205.5,306.85,321896.12,945.71,0.0
Catfish (obokun) fresh,Feb,2019,Q1,210665801,South West,Fishing,Perishable,High,145.3,205.5,306.85,321896.12,1066.39,56.166666666666664
Catfish :dried,Feb,2019,Q1,210665801,South West,Fishing,Non-Perishable,Low,145.3,205.5,306.85,321896.12,1799.35,56.166666666666664
Catfish Smoked,Feb,2019,Q1,210665801,South West,Fishing,Non-Perishable,Low,145.3,205.5,306.85,321896.12,1517.84,56.166666666666664
Mackerel : frozen,Feb,2019,Q1,210665801,Imported,Fishing,Perishable,High,145.3,205.5,306.85,321896.12,931.39,0.0
"Groundnut oil: 1 bottle, specify bottle",Feb,2019,Q1,210665801,North East,Crops,Non-Perishable,Low,145.3,205.5,306.85,5174393.5,585.69,0.6999999999999998
Maize grain white sold loose,Feb,2019,Q1,210665801,North Central,Crops,Non-Perishable,Low,145.3,205.5,306.85,5174393.5,155.59,26.8
Maize grain yellow sold loose,Feb,2019,Q1,210665801,North Central,Crops,Non-Perishable,Low,145.3,205.5,306.85,5174393.5,158.29,26.8
"Palm oil: 1 bottle,specify bottle",Feb,2019,Q1,210665801,South South,Crops,Non-Perishable,Low,145.3,205.5,306.85,5174393.5,462.27,95.86666666666667
Plantain(ripe),Feb,2019,Q1,210665801,South East,Crops,Perishable,Medium,145.3,205.5,306.85,5174393.5,225.98,48.96666666666667
Plantain(unripe),Feb,2019,Q1,210665801,South East,Crops,Perishable,Medium,145.3,205.5,306.85,5174393.5,218.36,48.96666666666667
"Vegetable oil:1 bottle,specify bottle",Feb,2019,Q1,210665801,Imported,Crops,Non-Perishable,Low,145.3,205.5,306.85,5174393.5,509.14,0.0
Wheat flour: prepacked (golden penny 2kg),Feb,2019,Q1,210665801,Imported,Crops,Non-Perishable,Low,145.3,205.5,306.85,5174393.5,664.78,0.0
Agric eggs medium size,Mar,2019,Q1,211211855,South West,Livestock,Perishable,High,145.3,205.5,306.95,514932.0,459.81,60.93333333333334
Agric eggs(medium size price of one),Mar,2019,Q1,211211855,South West,Livestock,Perishable,High,145.3,205.5,306.95,514932.0,41.92,60.93333333333334
"Beans brown,sold loose",Mar,2019,Q1,211211855,North Central,Crops,Non-Perishable,Low,145.3,205.5,306.95,5174393.5,368.07,18.433333333333334
Beans:white black eye. sold loose,Mar,2019,Q1,211211855,North East,Crops,Non-Perishable,Low,145.3,205.5,306.95,5174393.5,330.76,0.0
Beef Bone in,Mar,2019,Q1,211211855,North West,Livestock,Perishable,High,145.3,205.5,306.95,514932.0,980.12,2.1999999999999997
"Beef,boneless",Mar,2019,Q1,211211855,North West,Livestock,Perishable,High,145.3,205.5,306.95,514932.0,1253.48,2.1999999999999997
Bread sliced 500g,Mar,2019,Q1,211211855,South West,Crops,Perishable,Medium,145.3,205.5,306.95,5174393.5,299.98,60.93333333333334
Bread unsliced 500g,Mar,2019,Q1,211211855,South West,Crops,Perishable,Medium,145.3,205.5,306.95,5174393.5,273.14,60.93333333333334
Broken Rice (Ofada),Mar,2019,Q1,211211855,South West,Crops,Non-Perishable,Low,145.3,205.5,306.95,5174393.5,382.45,60.93333333333334
Chicken Feet,Mar,2019,Q1,211211855,South East,Livestock,Perishable,High,145.3,205.5,306.95,514932.0,727.61,86.83333333333333
Chicken Wings,Mar,2019,Q1,211211855,South East,Livestock,Perishable,High,145.3,205.5,306.95,514932.0,927.2,86.83333333333333
Evaporated tinned milk carnation 170g,Mar,2019,Q1,211211855,Imported,Imported,Non-Perishable,Low,145.3,205.5,306.95,0.0,161.98,0.0
"Evaporated tinned milk(peak), 170g",Mar,2019,Q1,211211855,Imported,Imported,Non-Perishable,Low,145.3,205.5,306.95,0.0,188.23,0.0
Frozen chicken,Mar,2019,Q1,211211855,South East,Livestock,Perishable,High,145.3,205.5,306.95,514932.0,1910.7,86.83333333333333
"Gari white,sold loose",Mar,2019,Q1,211211855,South West,Crops,Non-Perishable,Low,145.3,205.5,306.95,5174393.5,163.51,60.93333333333334
"Gari yellow,sold loose",Mar,2019,Q1,211211855,South West,Crops,Non-Perishable,Low,145.3,205.5,306.95,5174393.5,184.18,60.93333333333334
Mudfish (aro) fresh,Mar,2019,Q1,211211855,South South,Fishing,Perishable,High,145.3,205.5,306.95,321896.12,1015.53,214.46666666666667
Mudfish : dried,Mar,2019,Q1,211211855,South South,Fishing,Non-Perishable,Low,145.3,205.5,306.95,321896.12,1825.51,214.46666666666667
Onion bulb,Mar,2019,Q1,211211855,North East,Crops,Perishable,Low,145.3,205.5,306.95,5174393.5,231.91,0.0
Rice agric sold loose,Mar,2019,Q1,211211855,North Central,Crops,Non-Perishable,Low,145.3,205.5,306.95,5174393.5,314.88,18.433333333333334
Rice local sold loose,Mar,2019,Q1,211211855,North Central,Crops,Non-Perishable,Low,145.3,205.5,306.95,5174393.5,280.8,18.433333333333334
Rice Medium Grained,Mar,2019,Q1,211211855,North Central,Crops,Non-Perishable,Low,145.3,205.5,306.95,5174393.5,313.55,18.433333333333334
"Rice,imported high quality sold loose",Mar,2019,Q1,211211855,Imported,Imported,Non-Perishable,Low,145.3,205.5,306.95,0.0,361.9,0.0
Tomato,Mar,2019,Q1,211211855,North Central,Crops,Perishable,High,145.3,205.5,306.95,5174393.5,240.3,18.433333333333334
Yam tuber,Mar,2019,Q1,211211855,South East,Crops,Perishable,Medium,145.3,205.5,306.95,5174393.5,200.88,86.83333333333333
Dried Fish Sardine,Mar,2019,Q1,211211855,South South,Fishing,Non-Perishable,Low,145.3,205.5,306.95,321896.12,1381.4,214.46666666666667
Iced Sardine,Mar,2019,Q1,211211855,Imported,Fishing,Perishable,High,145.3,205.5,306.95,321896.12,908.81,0.0
Irish potato,Mar,2019,Q1,211211855,North East,Crops,Perishable,Medium,145.3,205.5,306.95,5174393.5,278.92,0.0
Sweet potato,Mar,2019,Q1,211211855,South East,Crops,Perishable,Medium,145.3,205.5,306.95,5174393.5,134.72,86.83333333333333
Tilapia fish (epiya) fresh,Mar,2019,Q1,211211855,South South,Fishing,Perishable,High,145.3,205.5,306.95,321896.12,876.36,214.46666666666667
Titus:frozen,Mar,2019,Q1,211211855,Imported,Fishing,Perishable,High,145.3,205.5,306.95,321896.12,945.66,0.0
Catfish (obokun) fresh,Mar,2019,Q1,211211855,South West,Fishing,Perishable,High,145.3,205.5,306.95,321896.12,1065.14,60.93333333333334
Catfish :dried,Mar,2019,Q1,211211855,South West,Fishing,Non-Perishable,Low,145.3,205.5,306.95,321896.12,1791.9,60.93333333333334
Catfish Smoked,Mar,2019,Q1,211211855,South West,Fishing,Non-Perishable,Low,145.3,205.5,306.95,321896.12,1517.26,60.93333333333334
Mackerel : frozen,Mar,2019,Q1,211211855,Imported,Fishing,Perishable,High,145.3,205.5,306.95,321896.12,935.3,0.0
"Groundnut oil: 1 bottle, specify bottle",Mar,2019,Q1,211211855,North East,Crops,Non-Perishable,Low,145.3,205.5,306.95,5174393.5,580.55,0.0
Maize grain white sold loose,Mar,2019,Q1,211211855,North Central,Crops,Non-Perishable,Low,145.3,205.5,306.95,5174393.5,147.83,18.433333333333334
Maize grain yellow sold loose,Mar,2019,Q1,211211855,North Central,Crops,Non-Perishable,Low,145.3,205.5,306.95,5174393.5,151.26,18.433333333333334
"Palm oil: 1 bottle,specify bottle",Mar,2019,Q1,211211855,South South,Crops,Non-Perishable,Low,145.3,205.5,306.95,5174393.5,460.32,214.46666666666667
Plantain(ripe),Mar,2019,Q1,211211855,South East,Crops,Perishable,Medium,145.3,205.5,306.95,5174393.5,223.13,86.83333333333333
Plantain(unripe),Mar,2019,Q1,211211855,South East,Crops,Perishable,Medium,145.3,205.5,306.95,5174393.5,212.53,86.83333333333333
"Vegetable oil:1 bottle,specify bottle",Mar,2019,Q1,211211855,Imported,Crops,Non-Perishable,Low,145.3,205.5,306.95,5174393.5,506.65,0.0
Wheat flour: prepacked (golden penny 2kg),Mar,2019,Q1,211211855,Imported,Crops,Non-Perishable,Low,145.3,205.5,306.95,5174393.5,663.9,0.0
Agric eggs medium size,Apr,2019,Q2,211759076,South West,Livestock,Perishable,High,145.9,205.5,306.95,500680.75,467.18,71.53333333333333
Agric eggs(medium size price of one),Apr,2019,Q2,211759076,South West,Livestock,Perishable,High,145.9,205.5,306.95,500680.75,41.95,71.53333333333333
"Beans brown,sold loose",Apr,2019,Q2,211759076,North Central,Crops,Non-Perishable,Low,145.9,205.5,306.95,5947453.5,372.84,36.63333333333333
Beans:white black eye. sold loose,Apr,2019,Q2,211759076,North East,Crops,Non-Perishable,Low,145.9,205.5,306.95,5947453.5,329.45,3.066666666666667
Beef Bone in,Apr,2019,Q2,211759076,North West,Livestock,Perishable,High,145.9,205.5,306.95,500680.75,1025.26,3.6666666666666665
"Beef,boneless",Apr,2019,Q2,211759076,North West,Livestock,Perishable,High,145.9,205.5,306.95,500680.75,1271.1,3.6666666666666665
Bread sliced 500g,Apr,2019,Q2,211759076,South West,Crops,Perishable,Medium,145.9,205.5,306.95,5947453.5,297.87,71.53333333333333
Bread unsliced 500g,Apr,2019,Q2,211759076,South West,Crops,Perishable,Medium,145.9,205.5,306.95,5947453.5,271.49,71.53333333333333
Broken Rice (Ofada),Apr,2019,Q2,211759076,South West,Crops,Non-Perishable,Low,145.9,205.5,306.95,5947453.5,381.13,71.53333333333333
Chicken Feet,Apr,2019,Q2,211759076,South East,Livestock,Perishable,High,145.9,205.5,306.95,500680.75,746.28,138.36666666666667
Chicken Wings,Apr,2019,Q2,211759076,South East,Livestock,Perishable,High,145.9,205.5,306.95,500680.75,947.99,138.36666666666667
Evaporated tinned milk carnation 170g,Apr,2019,Q2,211759076,Imported,Imported,Non-Perishable,Low,145.9,205.5,306.95,0.0,161.68,0.0
"Evaporated tinned milk(peak), 170g",Apr,2019,Q2,211759076,Imported,Imported,Non-Perishable,Low,145.9,205.5,306.95,0.0,188.18,0.0
Frozen chicken,Apr,2019,Q2,211759076,South East,Livestock,Perishable,High,145.9,205.5,306.95,500680.75,1681.11,138.36666666666667
"Gari white,sold loose",Apr,2019,Q2,211759076,South West,Crops,Non-Perishable,Low,145.9,205.5,306.95,5947453.5,163.37,71.53333333333333
"Gari yellow,sold loose",Apr,2019,Q2,211759076,South West,Crops,Non-Perishable,Low,145.9,205.5,306.95,5947453.5,182.59,71.53333333333333
Mudfish (aro) fresh,Apr,2019,Q2,211759076,South South,Fishing,Perishable,High,145.9,205.5,306.95,262604.0,1037.9,270.09999999999997
Mudfish : dried,Apr,2019,Q2,211759076,South South,Fishing,Non-Perishable,Low,145.9,205.5,306.95,262604.0,1826.7,270.09999999999997
Onion bulb,Apr,2019,Q2,211759076,North East,Crops,Perishable,Low,145.9,205.5,306.95,5947453.5,232.3,3.066666666666667
Rice agric sold loose,Apr,2019,Q2,211759076,North Central,Crops,Non-Perishable,Low,145.9,205.5,306.95,5947453.5,319.59,36.63333333333333
Rice local sold loose,Apr,2019,Q2,211759076,North Central,Crops,Non-Perishable,Low,145.9,205.5,306.95,5947453.5,282.78,36.63333333333333
Rice Medium Grained,Apr,2019,Q2,211759076,North Central,Crops,Non-Perishable,Low,145.9,205.5,306.95,5947453.5,316.3,36.63333333333333
"Rice,imported high quality sold loose",Apr,2019,Q2,211759076,Imported,Imported,Non-Perishable,Low,145.9,205.5,306.95,0.0,357.55,0.0
Tomato,Apr,2019,Q2,211759076,North Central,Crops,Perishable,High,145.9,205.5,306.95,5947453.5,257.25,36.63333333333333
Yam tuber,Apr,2019,Q2,211759076,South East,Crops,Perishable,Medium,145.9,205.5,306.95,5947453.5,222.36,138.36666666666667
Dried Fish Sardine,Apr,2019,Q2,211759076,South South,Fishing,Non-Perishable,Low,145.9,205.5,306.95,262604.0,1414.37,270.09999999999997
Iced Sardine,Apr,2019,Q2,211759076,Imported,Fishing,Perishable,High,145.9,205.5,306.95,262604.0,941.44,0.0
Irish potato,Apr,2019,Q2,211759076,North East,Crops,Perishable,Medium,145.9,205.5,306.95,5947453.5,289.67,3.066666666666667
Sweet potato,Apr,2019,Q2,211759076,South East,Crops,Perishable,Medium,145.9,205.5,306.95,5947453.5,141.61,138.36666666666667
Tilapia fish (epiya) fresh,Apr,2019,Q2,211759076,South South,Fishing,Perishable,High,145.9,205.5,306.95,262604.0,894.12,270.09999999999997
Titus:frozen,Apr,2019,Q2,211759076,Imported,Fishing,Perishable,High,145.9,205.5,306.95,262604.0,974.94,0.0
Catfish (obokun) fresh,Apr,2019,Q2,211759076,South West,Fishing,Perishable,High,145.9,205.5,306.95,262604.0,1082.01,71.53333333333333
Catfish :dried,Apr,2019,Q2,211759076,South West,Fishing,Non-Perishable,Low,145.9,205.5,306.95,262604.0,1763.61,71.53333333333333
Catfish Smoked,Apr,2019,Q2,211759076,South West,Fishing,Non-Perishable,Low,145.9,205.5,306.95,262604.0,1548.23,71.53333333333333
Mackerel : frozen,Apr,2019,Q2,211759076,Imported,Fishing,Perishable,High,145.9,205.5,306.95,262604.0,958.05,0.0
"Groundnut oil: 1 bottle, specify bottle",Apr,2019,Q2,211759076,North East,Crops,Non-Perishable,Low,145.9,205.5,306.95,5947453.5,578.52,3.066666666666667
Maize grain white sold loose,Apr,2019,Q2,211759076,North Central,Crops,Non-Perishable,Low,145.9,205.5,306.95,5947453.5,151.7,36.63333333333333
Maize grain yellow sold loose,Apr,2019,Q2,211759076,North Central,Crops,Non-Perishable,Low,145.9,205.5,306.95,5947453.5,155.9,36.63333333333333
"Palm oil: 1 bottle,specify bottle",Apr,2019,Q2,211759076,South South,Crops,Non-Perishable,Low,145.9,205.5,306.95,5947453.5,461.05,270.09999999999997
Plantain(ripe),Apr,2019,Q2,211759076,South East,Crops,Perishable,Medium,145.9,205.5,306.95,5947453.5,228.34,138.36666666666667
Plantain(unripe),Apr,2019,Q2,211759076,South East,Crops,Perishable,Medium,145.9,205.5,306.95,5947453.5,220.91,138.36666666666667
"Vegetable oil:1 bottle,specify bottle",Apr,2019,Q2,211759076,Imported,Crops,Non-Perishable,Low,145.9,205.5,306.95,5947453.5,501.09,0.0
Wheat flour: prepacked (golden penny 2kg),Apr,2019,Q2,211759076,Imported,Crops,Non-Perishable,Low,145.9,205.5,306.95,5947453.5,668.76,0.0
Agric eggs medium size,May,2019,Q2,212307468,South West,Livestock,Perishable,High,145.0,205.5,306.95,500680.75,464.87,112.93333333333334
Agric eggs(medium size price of one),May,2019,Q2,212307468,South West,Livestock,Perishable,High,145.0,205.5,306.95,500680.75,42.82,112.93333333333334
"Beans brown,sold loose",May,2019,Q2,212307468,North Central,Crops,Non-Perishable,Low,145.0,205.5,306.95,5947453.5,365.32,106.83333333333333
Beans:white black eye. sold loose,May,2019,Q2,212307468,North East,Crops,Non-Perishable,Low,145.0,205.5,306.95,5947453.5,329.66,23.0
Beef Bone in,May,2019,Q2,212307468,North West,Livestock,Perishable,High,145.0,205.5,306.95,500680.75,1023.39,46.1
"Beef,boneless",May,2019,Q2,212307468,North West,Livestock,Perishable,High,145.0,205.5,306.95,500680.75,1268.95,46.1
Bread sliced 500g,May,2019,Q2,212307468,South West,Crops,Perishable,Medium,145.0,205.5,306.95,5947453.5,297.28,112.93333333333334
Bread unsliced 500g,May,2019,Q2,212307468,South West,Crops,Perishable,Medium,145.0,205.5,306.95,5947453.5,272.09,112.93333333333334
Broken Rice (Ofada),May,2019,Q2,212307468,South West,Crops,Non-Perishable,Low,145.0,205.5,306.95,5947453.5,377.77,112.93333333333334
Chicken Feet,May,2019,Q2,212307468,South East,Livestock,Perishable,High,145.0,205.5,306.95,500680.75,727.73,223.73333333333335
Chicken Wings,May,2019,Q2,212307468,South East,Livestock,Perishable,High,145.0,205.5,306.95,500680.75,934.05,223.73333333333335
Evaporated tinned milk carnation 170g,May,2019,Q2,212307468,Imported,Imported,Non-Perishable,Low,145.0,205.5,306.95,0.0,163.37,0.0
"Evaporated tinned milk(peak), 170g",May,2019,Q2,212307468,Imported,Imported,Non-Perishable,Low,145.0,205.5,306.95,0.0,189.51,0.0
Frozen chicken,May,2019,Q2,212307468,South East,Livestock,Perishable,High,145.0,205.5,306.95,500680.75,1701.62,223.73333333333335
"Gari white,sold loose",May,2019,Q2,212307468,South West,Crops,Non-Perishable,Low,145.0,205.5,306.95,5947453.5,161.55,112.93333333333334
"Gari yellow,sold loose",May,2019,Q2,212307468,South West,Crops,Non-Perishable,Low,145.0,205.5,306.95,5947453.5,180.75,112.93333333333334
Mudfish (aro) fresh,May,2019,Q2,212307468,South South,Fishing,Perishable,High,145.0,205.5,306.95,262604.0,1026.85,308.2333333333333
Mudfish : dried,May,2019,Q2,212307468,South South,Fishing,Non-Perishable,Low,145.0,205.5,306.95,262604.0,1826.77,308.2333333333333
Onion bulb,May,2019,Q2,212307468,North East,Crops,Perishable,Low,145.0,205.5,306.95,5947453.5,228.26,23.0
Rice agric sold loose,May,2019,Q2,212307468,North Central,Crops,Non-Perishable,Low,145.0,205.5,306.95,5947453.5,321.56,106.83333333333333
Rice local sold loose,May,2019,Q2,212307468,North Central,Crops,Non-Perishable,Low,145.0,205.5,306.95,5947453.5,278.26,106.83333333333333
Rice Medium Grained,May,2019,Q2,212307468,North Central,Crops,Non-Perishable,Low,145.0,205.5,306.95,5947453.5,316.94,106.83333333333333
"Rice,imported high quality sold loose",May,2019,Q2,212307468,Imported,Imported,Non-Perishable,Low,145.0,205.5,306.95,0.0,361.39,0.0
Tomato,May,2019,Q2,212307468,North Central,Crops,Perishable,High,145.0,205.5,306.95,5947453.5,249.52,106.83333333333333
Yam tuber,May,2019,Q2,212307468,South East,Crops,Perishable,Medium,145.0,205.5,306.95,5947453.5,216.03,223.73333333333335
Dried Fish Sardine,May,2019,Q2,212307468,South South,Fishing,Non-Perishable,Low,145.0,205.5,306.95,262604.0,1414.49,308.2333333333333
Iced Sardine,May,2019,Q2,212307468,Imported,Fishing,Perishable,High,145.0,205.5,306.95,262604.0,925.31,0.0
Irish potato,May,2019,Q2,212307468,North East,Crops,Perishable,Medium,145.0,205.5,306.95,5947453.5,288.86,23.0
Sweet potato,May,2019,Q2,212307468,South East,Crops,Perishable,Medium,145.0,205.5,306.95,5947453.5,140.83,223.73333333333335
Tilapia fish (epiya) fresh,May,2019,Q2,212307468,South South,Fishing,Perishable,High,145.0,205.5,306.95,262604.0,884.47,308.2333333333333
Titus:frozen,May,2019,Q2,212307468,Imported,Fishing,Perishable,High,145.0,205.5,306.95,262604.0,949.22,0.0
Catfish (obokun) fresh,May,2019,Q2,212307468,South West,Fishing,Perishable,High,145.0,205.5,306.95,262604.0,1063.03,112.93333333333334
Catfish :dried,May,2019,Q2,212307468,South West,Fishing,Non-Perishable,Low,145.0,205.5,306.95,262604.0,1766.55,112.93333333333334
Catfish Smoked,May,2019,Q2,212307468,South West,Fishing,Non-Perishable,Low,145.0,205.5,306.95,262604.0,1552.13,112.93333333333334
Mackerel : frozen,May,2019,Q2,212307468,Imported,Fishing,Perishable,High,145.0,205.5,306.95,262604.0,942.42,0.0
"Groundnut oil: 1 bottle, specify bottle",May,2019,Q2,212307468,North East,Crops,Non-Perishable,Low,145.0,205.5,306.95,5947453.5,573.4,23.0
Maize grain white sold loose,May,2019,Q2,212307468,North Central,Crops,Non-Perishable,Low,145.0,205.5,306.95,5947453.5,149.6,106.83333333333333
Maize grain yellow sold loose,May,2019,Q2,212307468,North Central,Crops,Non-Perishable,Low,145.0,205.5,306.95,5947453.5,154.37,106.83333333333333
"Palm oil: 1 bottle,specify bottle",May,2019,Q2,212307468,South South,Crops,Non-Perishable,Low,145.0,205.5,306.95,5947453.5,456.41,308.2333333333333
Plantain(ripe),May,2019,Q2,212307468,South East,Crops,Perishable,Medium,145.0,205.5,306.95,5947453.5,226.34,223.73333333333335
Plantain(unripe),May,2019,Q2,212307468,South East,Crops,Perishable,Medium,145.0,205.5,306.95,5947453.5,217.15,223.73333333333335
"Vegetable oil:1 bottle,specify bottle",May,2019,Q2,212307468,Imported,Crops,Non-Perishable,Low,145.0,205.5,306.95,5947453.5,496.64,0.0
Wheat flour: prepacked (golden penny 2kg),May,2019,Q2,212307468,Imported,Crops,Non-Perishable,Low,145.0,205.5,306.95,5947453.5,668.37,0.0
Agric eggs medium size,Jun,2019,Q2,212857035,South West,Livestock,Perishable,High,145.4,205.5,306.9,500680.75,495.33,171.53333333333333
Agric eggs(medium size price of one),Jun,2019,Q2,212857035,South West,Livestock,Perishable,High,145.4,205.5,306.9,500680.75,39.31,171.53333333333333
"Beans brown,sold loose",Jun,2019,Q2,212857035,North Central,Crops,Non-Perishable,Low,145.4,205.5,306.9,5947453.5,342.82,151.86666666666667
Beans:white black eye. sold loose,Jun,2019,Q2,212857035,North East,Crops,Non-Perishable,Low,145.4,205.5,306.9,5947453.5,311.4,59.4
Beef Bone in,Jun,2019,Q2,212857035,North West,Livestock,Perishable,High,145.4,205.5,306.9,500680.75,1003.2,50.93333333333333
"Beef,boneless",Jun,2019,Q2,212857035,North West,Livestock,Perishable,High,145.4,205.5,306.9,500680.75,1240.44,50.93333333333333
Bread sliced 500g,Jun,2019,Q2,212857035,South West,Crops,Perishable,Medium,145.4,205.5,306.9,5947453.5,292.73,171.53333333333333
Bread unsliced 500g,Jun,2019,Q2,212857035,South West,Crops,Perishable,Medium,145.4,205.5,306.9,5947453.5,274.49,171.53333333333333
Broken Rice (Ofada),Jun,2019,Q2,212857035,South West,Crops,Non-Perishable,Low,145.4,205.5,306.9,5947453.5,373.49,171.53333333333333
Chicken Feet,Jun,2019,Q2,212857035,South East,Livestock,Perishable,High,145.4,205.5,306.9,500680.75,693.61,308.9666666666667
Chicken Wings,Jun,2019,Q2,212857035,South East,Livestock,Perishable,High,145.4,205.5,306.9,500680.75,905.44,308.9666666666667
Evaporated tinned milk carnation 170g,Jun,2019,Q2,212857035,Imported,Imported,Non-Perishable,Low,145.4,205.5,306.9,0.0,156.95,0.0
"Evaporated tinned milk(peak), 170g",Jun,2019,Q2,212857035,Imported,Imported,Non-Perishable,Low,145.4,205.5,306.9,0.0,188.9,0.0
Frozen chicken,Jun,2019,Q2,212857035,South East,Livestock,Perishable,High,145.4,205.5,306.9,500680.75,1752.97,308.9666666666667
"Gari white,sold loose",Jun,2019,Q2,212857035,South West,Crops,Non-Perishable,Low,145.4,205.5,306.9,5947453.5,145.31,171.53333333333333
"Gari yellow,sold loose",Jun,2019,Q2,212857035,South West,Crops,Non-Perishable,Low,145.4,205.5,306.9,5947453.5,156.02,171.53333333333333
Mudfish (aro) fresh,Jun,2019,Q2,212857035,South South,Fishing,Perishable,High,145.4,205.5,306.9,262604.0,991.45,521.3000000000001
Mudfish : dried,Jun,2019,Q2,212857035,South South,Fishing,Non-Perishable,Low,145.4,205.5,306.9,262604.0,1786.8,521.3000000000001
Onion bulb,Jun,2019,Q2,212857035,North East,Crops,Perishable,Low,145.4,205.5,306.9,5947453.5,208.87,59.4
Rice agric sold loose,Jun,2019,Q2,212857035,North Central,Crops,Non-Perishable,Low,145.4,205.5,306.9,5947453.5,318.26,151.86666666666667
Rice local sold loose,Jun,2019,Q2,212857035,North Central,Crops,Non-Perishable,Low,145.4,205.5,306.9,5947453.5,271.1,151.86666666666667
Rice Medium Grained,Jun,2019,Q2,212857035,North Central,Crops,Non-Perishable,Low,145.4,205.5,306.9,5947453.5,308.07,151.86666666666667
"Rice,imported high quality sold loose",Jun,2019,Q2,212857035,Imported,Imported,Non-Perishable,Low,145.4,205.5,306.9,0.0,352.83,0.0
Tomato,Jun,2019,Q2,212857035,North Central,Crops,Perishable,High,145.4,205.5,306.9,5947453.5,226.07,151.86666666666667
Yam tuber,Jun,2019,Q2,212857035,South East,Crops,Perishable,Medium,145.4,205.5,306.9,5947453.5,182.15,308.9666666666667
Dried Fish Sardine,Jun,2019,Q2,212857035,South South,Fishing,Non-Perishable,Low,145.4,205.5,306.9,262604.0,1394.73,521.3000000000001
Iced Sardine,Jun,2019,Q2,212857035,Imported,Fishing,Perishable,High,145.4,205.5,306.9,262604.0,899.83,0.0
Irish potato,Jun,2019,Q2,212857035,North East,Crops,Perishable,Medium,145.4,205.5,306.9,5947453.5,274.1,59.4
Sweet potato,Jun,2019,Q2,212857035,South East,Crops,Perishable,Medium,145.4,205.5,306.9,5947453.5,135.2,308.9666666666667
Tilapia fish (epiya) fresh,Jun,2019,Q2,212857035,South South,Fishing,Perishable,High,145.4,205.5,306.9,262604.0,845.73,521.3000000000001
Titus:frozen,Jun,2019,Q2,212857035,Imported,Fishing,Perishable,High,145.4,205.5,306.9,262604.0,940.57,0.0
Catfish (obokun) fresh,Jun,2019,Q2,212857035,South West,Fishing,Perishable,High,145.4,205.5,306.9,262604.0,1024.68,171.53333333333333
Catfish :dried,Jun,2019,Q2,212857035,South West,Fishing,Non-Perishable,Low,145.4,205.5,306.9,262604.0,1727.36,171.53333333333333
Catfish Smoked,Jun,2019,Q2,212857035,South West,Fishing,Non-Perishable,Low,145.4,205.5,306.9,262604.0,1528.98,171.53333333333333
Mackerel : frozen,Jun,2019,Q2,212857035,Imported,Fishing,Perishable,High,145.4,205.5,306.9,262604.0,926.08,0.0
"Groundnut oil: 1 bottle, specify bottle",Jun,2019,Q2,212857035,North East,Crops,Non-Perishable,Low,145.4,205.5,306.9,5947453.5,558.3,59.4
Maize grain white sold loose,Jun,2019,Q2,212857035,North Central,Crops,Non-Perishable,Low,145.4,205.5,306.9,5947453.5,140.41,151.86666666666667
Maize grain yellow sold loose,Jun,2019,Q2,212857035,North Central,Crops,Non-Perishable,Low,145.4,205.5,306.9,5947453.5,143.25,151.86666666666667
"Palm oil: 1 bottle,specify bottle",Jun,2019,Q2,212857035,South South,Crops,Non-Perishable,Low,145.4,205.5,306.9,5947453.5,461.52,521.3000000000001
Plantain(ripe),Jun,2019,Q2,212857035,South East,Crops,Perishable,Medium,145.4,205.5,306.9,5947453.5,220.44,308.9666666666667
Plantain(unripe),Jun,2019,Q2,212857035,South East,Crops,Perishable,Medium,145.4,205.5,306.9,5947453.5,207.37,308.9666666666667
"Vegetable oil:1 bottle,specify bottle",Jun,2019,Q2,212857035,Imported,Crops,Non-Perishable,Low,145.4,205.5,306.9,5947453.5,495.41,0.0
Wheat flour: prepacked (golden penny 2kg),Jun,2019,Q2,212857035,Imported,Crops,Non-Perishable,Low,145.4,205.5,306.9,5947453.5,674.83,0.0
Agric eggs medium size,Jul,2019,Q3,213407783,South West,Livestock,Perishable,High,145.0,205.5,306.85,497422.38,468.31,168.29999999999998
Agric eggs(medium size price of one),Jul,2019,Q3,213407783,South West,Livestock,Perishable,High,145.0,205.5,306.85,497422.38,38.38,168.29999999999998
"Beans brown,sold loose",Jul,2019,Q3,213407783,North Central,Crops,Non-Perishable,Low,145.0,205.5,306.85,8963202.0,327.18,281.6666666666667
Beans:white black eye. sold loose,Jul,2019,Q3,213407783,North East,Crops,Non-Perishable,Low,145.0,205.5,306.85,8963202.0,289.78,112.40000000000002
Beef Bone in,Jul,2019,Q3,213407783,North West,Livestock,Perishable,High,145.0,205.5,306.85,497422.38,1009.69,112.76666666666667
"Beef,boneless",Jul,2019,Q3,213407783,North West,Livestock,Perishable,High,145.0,205.5,306.85,497422.38,1246.78,112.76666666666667
Bread sliced 500g,Jul,2019,Q3,213407783,South West,Crops,Perishable,Medium,145.0,205.5,306.85,8963202.0,293.49,168.29999999999998
Bread unsliced 500g,Jul,2019,Q3,213407783,South West,Crops,Perishable,Medium,145.0,205.5,306.85,8963202.0,271.02,168.29999999999998
Broken Rice (Ofada),Jul,2019,Q3,213407783,South West,Crops,Non-Perishable,Low,145.0,205.5,306.85,8963202.0,367.44,168.29999999999998
Chicken Feet,Jul,2019,Q3,213407783,South East,Livestock,Perishable,High,145.0,205.5,306.85,497422.38,663.03,352.8333333333333
Chicken Wings,Jul,2019,Q3,213407783,South East,Livestock,Perishable,High,145.0,205.5,306.85,497422.38,877.13,352.8333333333333
Evaporated tinned milk carnation 170g,Jul,2019,Q3,213407783,Imported,Imported,Non-Perishable,Low,145.0,205.5,306.85,0.0,157.14,0.0
"Evaporated tinned milk(peak), 170g",Jul,2019,Q3,213407783,Imported,Imported,Non-Perishable,Low,145.0,205.5,306.85,0.0,188.59,0.0
Frozen chicken,Jul,2019,Q3,213407783,South East,Livestock,Perishable,High,145.0,205.5,306.85,497422.38,1783.38,352.8333333333333
"Gari white,sold loose",Jul,2019,Q3,213407783,South West,Crops,Non-Perishable,Low,145.0,205.5,306.85,8963202.0,151.73,168.29999999999998
"Gari yellow,sold loose",Jul,2019,Q3,213407783,South West,Crops,Non-Perishable,Low,145.0,205.5,306.85,8963202.0,154.05,168.29999999999998
Mudfish (aro) fresh,Jul,2019,Q3,213407783,South South,Fishing,Perishable,High,145.0,205.5,306.85,256348.16,971.74,487.3
Mudfish : dried,Jul,2019,Q3,213407783,South South,Fishing,Non-Perishable,Low,145.0,205.5,306.85,256348.16,1763.72,487.3
Onion bulb,Jul,2019,Q3,213407783,North East,Crops,Perishable,Low,145.0,205.5,306.85,8963202.0,193.56,112.40000000000002
Rice agric sold loose,Jul,2019,Q3,213407783,North Central,Crops,Non-Perishable,Low,145.0,205.5,306.85,8963202.0,314.56,281.6666666666667
Rice local sold loose,Jul,2019,Q3,213407783,North Central,Crops,Non-Perishable,Low,145.0,205.5,306.85,8963202.0,277.38,281.6666666666667
Rice Medium Grained,Jul,2019,Q3,213407783,North Central,Crops,Non-Perishable,Low,145.0,205.5,306.85,8963202.0,305.93,281.6666666666667
"Rice,imported high quality sold loose",Jul,2019,Q3,213407783,Imported,Imported,Non-Perishable,Low,145.0,205.5,306.85,0.0,356.1,0.0
Tomato,Jul,2019,Q3,213407783,North Central,Crops,Perishable,High,145.0,205.5,306.85,8963202.0,203.55,281.6666666666667
Yam tuber,Jul,2019,Q3,213407783,South East,Crops,Perishable,Medium,145.0,205.5,306.85,8963202.0,170.85,352.8333333333333
Dried Fish Sardine,Jul,2019,Q3,213407783,South South,Fishing,Non-Perishable,Low,145.0,205.5,306.85,256348.16,1373.11,487.3
Iced Sardine,Jul,2019,Q3,213407783,Imported,Fishing,Perishable,High,145.0,205.5,306.85,256348.16,887.69,0.0
Irish potato,Jul,2019,Q3,213407783,North East,Crops,Perishable,Medium,145.0,205.5,306.85,8963202.0,250.34,112.40000000000002
Sweet potato,Jul,2019,Q3,213407783,South East,Crops,Perishable,Medium,145.0,205.5,306.85,8963202.0,137.48,352.8333333333333
Tilapia fish (epiya) fresh,Jul,2019,Q3,213407783,South South,Fishing,Perishable,High,145.0,205.5,306.85,256348.16,812.22,487.3
Titus:frozen,Jul,2019,Q3,213407783,Imported,Fishing,Perishable,High,145.0,205.5,306.85,256348.16,927.61,0.0
Catfish (obokun) fresh,Jul,2019,Q3,213407783,South West,Fishing,Perishable,High,145.0,205.5,306.85,256348.16,994.21,168.29999999999998
Catfish :dried,Jul,2019,Q3,213407783,South West,Fishing,Non-Perishable,Low,145.0,205.5,306.85,256348.16,1700.51,168.29999999999998
Catfish Smoked,Jul,2019,Q3,213407783,South West,Fishing,Non-Perishable,Low,145.0,205.5,306.85,256348.16,1504.2,168.29999999999998
Mackerel : frozen,Jul,2019,Q3,213407783,Imported,Fishing,Perishable,High,145.0,205.5,306.85,256348.16,911.43,0.0
"Groundnut oil: 1 bottle, specify bottle",Jul,2019,Q3,213407783,North East,Crops,Non-Perishable,Low,145.0,205.5,306.85,8963202.0,545.13,112.40000000000002
Maize grain white sold loose,Jul,2019,Q3,213407783,North Central,Crops,Non-Perishable,Low,145.0,205.5,306.85,8963202.0,135.76,281.6666666666667
Maize grain yellow sold loose,Jul,2019,Q3,213407783,North Central,Crops,Non-Perishable,Low,145.0,205.5,306.85,8963202.0,140.09,281.6666666666667
"Palm oil: 1 bottle,specify bottle",Jul,2019,Q3,213407783,South South,Crops,Non-Perishable,Low,145.0,205.5,306.85,8963202.0,447.4,487.3
Plantain(ripe),Jul,2019,Q3,213407783,South East,Crops,Perishable,Medium,145.0,205.5,306.85,8963202.0,217.22,352.8333333333333
Plantain(unripe),Jul,2019,Q3,213407783,South East,Crops,Perishable,Medium,145.0,205.5,306.85,8963202.0,203.44,352.8333333333333
"Vegetable oil:1 bottle,specify bottle",Jul,2019,Q3,213407783,Imported,Crops,Non-Perishable,Low,145.0,205.5,306.85,8963202.0,485.05,0.0
Rice agric sold loose,Sep,2019,Q3,214512846,North Central,Crops,Non-Perishable,Low,145.0,205.5,307.0,8963202.0,322.1,191.36666666666667
Wheat flour: prepacked (golden penny 2kg),Jul,2019,Q3,213407783,Imported,Crops,Non-Perishable,Low,145.0,205.5,306.85,8963202.0,667.97,0.0
Agric eggs medium size,Aug,2019,Q3,213959718,South West,Livestock,Perishable,High,145.0,205.5,307.0,497422.38,461.89,110.53333333333335
Agric eggs(medium size price of one),Aug,2019,Q3,213959718,South West,Livestock,Perishable,High,145.0,205.5,307.0,497422.38,40.57,110.53333333333335
"Beans brown,sold loose",Aug,2019,Q3,213959718,North Central,Crops,Non-Perishable,Low,145.0,205.5,307.0,8963202.0,307.27,229.33333333333334
Beans:white black eye. sold loose,Aug,2019,Q3,213959718,North East,Crops,Non-Perishable,Low,145.0,205.5,307.0,8963202.0,273.71,243.66666666666666
Beef Bone in,Aug,2019,Q3,213959718,North West,Livestock,Perishable,High,145.0,205.5,307.0,497422.38,1007.39,191.36666666666667
"Beef,boneless",Aug,2019,Q3,213959718,North West,Livestock,Perishable,High,145.0,205.5,307.0,497422.38,1244.23,191.36666666666667
Bread sliced 500g,Aug,2019,Q3,213959718,South West,Crops,Perishable,Medium,145.0,205.5,307.0,8963202.0,301.36,110.53333333333335
Bread unsliced 500g,Aug,2019,Q3,213959718,South West,Crops,Perishable,Medium,145.0,205.5,307.0,8963202.0,275.4,110.53333333333335
Broken Rice (Ofada),Aug,2019,Q3,213959718,South West,Crops,Non-Perishable,Low,145.0,205.5,307.0,8963202.0,366.22,110.53333333333335
Chicken Feet,Aug,2019,Q3,213959718,South East,Livestock,Perishable,High,145.0,205.5,307.0,497422.38,685.16,218.9
Chicken Wings,Aug,2019,Q3,213959718,South East,Livestock,Perishable,High,145.0,205.5,307.0,497422.38,891.87,218.9
Evaporated tinned milk carnation 170g,Aug,2019,Q3,213959718,Imported,Imported,Non-Perishable,Low,145.0,205.5,307.0,0.0,156.98,0.0
"Evaporated tinned milk(peak), 170g",Aug,2019,Q3,213959718,Imported,Imported,Non-Perishable,Low,145.0,205.5,307.0,0.0,186.61,0.0
Frozen chicken,Aug,2019,Q3,213959718,South East,Livestock,Perishable,High,145.0,205.5,307.0,497422.38,1770.45,218.9
"Gari white,sold loose",Aug,2019,Q3,213959718,South West,Crops,Non-Perishable,Low,145.0,205.5,307.0,8963202.0,154.1,110.53333333333335
"Gari yellow,sold loose",Aug,2019,Q3,213959718,South West,Crops,Non-Perishable,Low,145.0,205.5,307.0,8963202.0,167.34,110.53333333333335
Mudfish (aro) fresh,Aug,2019,Q3,213959718,South South,Fishing,Perishable,High,145.0,205.5,307.0,256348.16,979.84,236.63333333333333
Mudfish : dried,Aug,2019,Q3,213959718,South South,Fishing,Non-Perishable,Low,145.0,205.5,307.0,256348.16,1768.23,236.63333333333333
Onion bulb,Aug,2019,Q3,213959718,North East,Crops,Perishable,Low,145.0,205.5,307.0,8963202.0,206.04,243.66666666666666
Rice agric sold loose,Aug,2019,Q3,213959718,North Central,Crops,Non-Perishable,Low,145.0,205.5,307.0,8963202.0,310.03,229.33333333333334
Rice local sold loose,Aug,2019,Q3,213959718,North Central,Crops,Non-Perishable,Low,145.0,205.5,307.0,8963202.0,272.77,229.33333333333334
Rice Medium Grained,Aug,2019,Q3,213959718,North Central,Crops,Non-Perishable,Low,145.0,205.5,307.0,8963202.0,309.27,229.33333333333334
"Rice,imported high quality sold loose",Aug,2019,Q3,213959718,Imported,Imported,Non-Perishable,Low,145.0,205.5,307.0,0.0,356.61,0.0
Tomato,Aug,2019,Q3,213959718,North Central,Crops,Perishable,High,145.0,205.5,307.0,8963202.0,223.86,229.33333333333334
Yam tuber,Aug,2019,Q3,213959718,South East,Crops,Perishable,Medium,145.0,205.5,307.0,8963202.0,190.04,218.9
Dried Fish Sardine,Aug,2019,Q3,213959718,South South,Fishing,Non-Perishable,Low,145.0,205.5,307.0,256348.16,1379.51,236.63333333333333
Iced Sardine,Aug,2019,Q3,213959718,Imported,Fishing,Perishable,High,145.0,205.5,307.0,256348.16,907.7,0.0
Irish potato,Aug,2019,Q3,213959718,North East,Crops,Perishable,Medium,145.0,205.5,307.0,8963202.0,271.48,243.66666666666666
Sweet potato,Aug,2019,Q3,213959718,South East,Crops,Perishable,Medium,145.0,205.5,307.0,8963202.0,137.61,218.9
Tilapia fish (epiya) fresh,Aug,2019,Q3,213959718,South South,Fishing,Perishable,High,145.0,205.5,307.0,256348.16,833.59,236.63333333333333
Titus:frozen,Aug,2019,Q3,213959718,Imported,Fishing,Perishable,High,145.0,205.5,307.0,256348.16,949.05,0.0
Catfish (obokun) fresh,Aug,2019,Q3,213959718,South West,Fishing,Perishable,High,145.0,205.5,307.0,256348.16,1008.32,110.53333333333335
Catfish :dried,Aug,2019,Q3,213959718,South West,Fishing,Non-Perishable,Low,145.0,205.5,307.0,256348.16,1712.11,110.53333333333335
Catfish Smoked,Aug,2019,Q3,213959718,South West,Fishing,Non-Perishable,Low,145.0,205.5,307.0,256348.16,1515.95,110.53333333333335
Mackerel : frozen,Aug,2019,Q3,213959718,Imported,Fishing,Perishable,High,145.0,205.5,307.0,256348.16,914.58,0.0
"Groundnut oil: 1 bottle, specify bottle",Aug,2019,Q3,213959718,North East,Crops,Non-Perishable,Low,145.0,205.5,307.0,8963202.0,557.44,243.66666666666666
Maize grain white sold loose,Aug,2019,Q3,213959718,North Central,Crops,Non-Perishable,Low,145.0,205.5,307.0,8963202.0,138.26,229.33333333333334
Maize grain yellow sold loose,Aug,2019,Q3,213959718,North Central,Crops,Non-Perishable,Low,145.0,205.5,307.0,8963202.0,142.0,229.33333333333334
"Palm oil: 1 bottle,specify bottle",Aug,2019,Q3,213959718,South South,Crops,Non-Perishable,Low,145.0,205.5,307.0,8963202.0,454.62,236.63333333333333
Plantain(ripe),Aug,2019,Q3,213959718,South East,Crops,Perishable,Medium,145.0,205.5,307.0,8963202.0,225.04,218.9
Plantain(unripe),Aug,2019,Q3,213959718,South East,Crops,Perishable,Medium,145.0,205.5,307.0,8963202.0,210.27,218.9
"Vegetable oil:1 bottle,specify bottle",Aug,2019,Q3,213959718,Imported,Crops,Non-Perishable,Low,145.0,205.5,307.0,8963202.0,491.41,0.0
Wheat flour: prepacked (golden penny 2kg),Aug,2019,Q3,213959718,Imported,Crops,Non-Perishable,Low,145.0,205.5,307.0,8963202.0,663.26,0.0
Agric eggs medium size,Sep,2019,Q3,214512846,South West,Livestock,Perishable,High,145.0,205.5,307.0,497422.38,456.81,300.8666666666667
Agric eggs(medium size price of one),Sep,2019,Q3,214512846,South West,Livestock,Perishable,High,145.0,205.5,307.0,497422.38,41.3,300.8666666666667
"Beans brown,sold loose",Sep,2019,Q3,214512846,North Central,Crops,Non-Perishable,Low,145.0,205.5,307.0,8963202.0,318.99,191.36666666666667
Beans:white black eye. sold loose,Sep,2019,Q3,214512846,North East,Crops,Non-Perishable,Low,145.0,205.5,307.0,8963202.0,285.74,91.26666666666665
Beef Bone in,Sep,2019,Q3,214512846,North West,Livestock,Perishable,High,145.0,205.5,307.0,497422.38,1021.84,88.60000000000001
"Beef,boneless",Sep,2019,Q3,214512846,North West,Livestock,Perishable,High,145.0,205.5,307.0,497422.38,1257.58,88.60000000000001
Bread sliced 500g,Sep,2019,Q3,214512846,South West,Crops,Perishable,Medium,145.0,205.5,307.0,8963202.0,302.59,300.8666666666667
Bread unsliced 500g,Sep,2019,Q3,214512846,South West,Crops,Perishable,Medium,145.0,205.5,307.0,8963202.0,275.89,300.8666666666667
Broken Rice (Ofada),Sep,2019,Q3,214512846,South West,Crops,Non-Perishable,Low,145.0,205.5,307.0,8963202.0,370.3,300.8666666666667
Chicken Feet,Sep,2019,Q3,214512846,South East,Livestock,Perishable,High,145.0,205.5,307.0,497422.38,670.87,312.5333333333333
Chicken Wings,Sep,2019,Q3,214512846,South East,Livestock,Perishable,High,145.0,205.5,307.0,497422.38,874.72,312.5333333333333
Evaporated tinned milk carnation 170g,Sep,2019,Q3,214512846,Imported,Imported,Non-Perishable,Low,145.0,205.5,307.0,0.0,159.61,0.0
"Evaporated tinned milk(peak), 170g",Sep,2019,Q3,214512846,Imported,Imported,Non-Perishable,Low,145.0,205.5,307.0,0.0,186.15,0.0
Frozen chicken,Sep,2019,Q3,214512846,South East,Livestock,Perishable,High,145.0,205.5,307.0,497422.38,1901.64,312.5333333333333
"Gari white,sold loose",Sep,2019,Q3,214512846,South West,Crops,Non-Perishable,Low,145.0,205.5,307.0,8963202.0,154.55,300.8666666666667
"Gari yellow,sold loose",Sep,2019,Q3,214512846,South West,Crops,Non-Perishable,Low,145.0,205.5,307.0,8963202.0,172.23,300.8666666666667
Mudfish (aro) fresh,Sep,2019,Q3,214512846,South South,Fishing,Perishable,High,145.0,205.5,307.0,256348.16,978.23,486.6333333333334
Mudfish : dried,Sep,2019,Q3,214512846,South South,Fishing,Non-Perishable,Low,145.0,205.5,307.0,256348.16,1762.5,486.6333333333334
Onion bulb,Sep,2019,Q3,214512846,North East,Crops,Perishable,Low,145.0,205.5,307.0,8963202.0,203.54,91.26666666666665
Rice local sold loose,Sep,2019,Q3,214512846,North Central,Crops,Non-Perishable,Low,145.0,205.5,307.0,8963202.0,290.16,191.36666666666667
Rice Medium Grained,Sep,2019,Q3,214512846,North Central,Crops,Non-Perishable,Low,145.0,205.5,307.0,8963202.0,326.4,191.36666666666667
"Rice,imported high quality sold loose",Sep,2019,Q3,214512846,Imported,Imported,Non-Perishable,Low,145.0,205.5,307.0,0.0,371.13,0.0
Tomato,Sep,2019,Q3,214512846,North Central,Crops,Perishable,High,145.0,205.5,307.0,8963202.0,227.5,191.36666666666667
Yam tuber,Sep,2019,Q3,214512846,South East,Crops,Perishable,Medium,145.0,205.5,307.0,8963202.0,190.23,312.5333333333333
Dried Fish Sardine,Sep,2019,Q3,214512846,South South,Fishing,Non-Perishable,Low,145.0,205.5,307.0,256348.16,1381.57,486.6333333333334
Iced Sardine,Sep,2019,Q3,214512846,Imported,Fishing,Perishable,High,145.0,205.5,307.0,256348.16,913.41,0.0
Irish potato,Sep,2019,Q3,214512846,North East,Crops,Perishable,Medium,145.0,205.5,307.0,8963202.0,268.57,91.26666666666665
Sweet potato,Sep,2019,Q3,214512846,South East,Crops,Perishable,Medium,145.0,205.5,307.0,8963202.0,142.0,312.5333333333333
Tilapia fish (epiya) fresh,Sep,2019,Q3,214512846,South South,Fishing,Perishable,High,145.0,205.5,307.0,256348.16,813.43,486.6333333333334
Titus:frozen,Sep,2019,Q3,214512846,Imported,Fishing,Perishable,High,145.0,205.5,307.0,256348.16,952.31,0.0
Catfish (obokun) fresh,Sep,2019,Q3,214512846,South West,Fishing,Perishable,High,145.0,205.5,307.0,256348.16,1002.53,300.8666666666667
Catfish :dried,Sep,2019,Q3,214512846,South West,Fishing,Non-Perishable,Low,145.0,205.5,307.0,256348.16,1709.8,300.8666666666667
Catfish Smoked,Sep,2019,Q3,214512846,South West,Fishing,Non-Perishable,Low,145.0,205.5,307.0,256348.16,1499.7,300.8666666666667
Mackerel : frozen,Sep,2019,Q3,214512846,Imported,Fishing,Perishable,High,145.0,205.5,307.0,256348.16,921.47,0.0
"Groundnut oil: 1 bottle, specify bottle",Sep,2019,Q3,214512846,North East,Crops,Non-Perishable,Low,145.0,205.5,307.0,8963202.0,557.51,91.26666666666665
Maize grain white sold loose,Sep,2019,Q3,214512846,North Central,Crops,Non-Perishable,Low,145.0,205.5,307.0,8963202.0,141.75,191.36666666666667
Maize grain yellow sold loose,Sep,2019,Q3,214512846,North Central,Crops,Non-Perishable,Low,145.0,205.5,307.0,8963202.0,142.19,191.36666666666667
"Palm oil: 1 bottle,specify bottle",Sep,2019,Q3,214512846,South South,Crops,Non-Perishable,Low,145.0,205.5,307.0,8963202.0,457.49,486.6333333333334
Plantain(ripe),Sep,2019,Q3,214512846,South East,Crops,Perishable,Medium,145.0,205.5,307.0,8963202.0,220.42,312.5333333333333
Plantain(unripe),Sep,2019,Q3,214512846,South East,Crops,Perishable,Medium,145.0,205.5,307.0,8963202.0,204.02,312.5333333333333
"Vegetable oil:1 bottle,specify bottle",Sep,2019,Q3,214512846,Imported,Crops,Non-Perishable,Low,145.0,205.5,307.0,8963202.0,486.9,0.0
Wheat flour: prepacked (golden penny 2kg),Sep,2019,Q3,214512846,Imported,Crops,Non-Perishable,Low,145.0,205.5,307.0,8963202.0,664.02,0.0
Agric eggs medium size,Oct,2019,Q4,215067170,South West,Livestock,Perishable,High,145.0,205.5,307.0,595909.9,462.46,355.8333333333333
Agric eggs(medium size price of one),Oct,2019,Q4,215067170,South West,Livestock,Perishable,High,145.0,205.5,307.0,595909.9,40.51,355.8333333333333
"Beans brown,sold loose",Oct,2019,Q4,215067170,North Central,Crops,Non-Perishable,Low,145.0,205.5,307.0,8211878.0,308.93,212.20000000000002
Beans:white black eye. sold loose,Oct,2019,Q4,215067170,North East,Crops,Non-Perishable,Low,145.0,205.5,307.0,8211878.0,292.0,77.23333333333333
Beef Bone in,Oct,2019,Q4,215067170,North West,Livestock,Perishable,High,145.0,205.5,307.0,595909.9,1025.69,88.86666666666667
"Beef,boneless",Oct,2019,Q4,215067170,North West,Livestock,Perishable,High,145.0,205.5,307.0,595909.9,1281.59,88.86666666666667
Bread sliced 500g,Oct,2019,Q4,215067170,South West,Crops,Perishable,Medium,145.0,205.5,307.0,8211878.0,296.56,355.8333333333333
Bread unsliced 500g,Oct,2019,Q4,215067170,South West,Crops,Perishable,Medium,145.0,205.5,307.0,8211878.0,278.66,355.8333333333333
Broken Rice (Ofada),Oct,2019,Q4,215067170,South West,Crops,Non-Perishable,Low,145.0,205.5,307.0,8211878.0,371.89,355.8333333333333
Chicken Feet,Oct,2019,Q4,215067170,South East,Livestock,Perishable,High,145.0,205.5,307.0,595909.9,659.6,337.8666666666666
Chicken Wings,Oct,2019,Q4,215067170,South East,Livestock,Perishable,High,145.0,205.5,307.0,595909.9,880.9,337.8666666666666
Evaporated tinned milk carnation 170g,Oct,2019,Q4,215067170,Imported,Imported,Non-Perishable,Low,145.0,205.5,307.0,0.0,159.51,0.0
"Evaporated tinned milk(peak), 170g",Oct,2019,Q4,215067170,Imported,Imported,Non-Perishable,Low,145.0,205.5,307.0,0.0,187.44,0.0
Frozen chicken,Oct,2019,Q4,215067170,South East,Livestock,Perishable,High,145.0,205.5,307.0,595909.9,1993.98,337.8666666666666
"Gari white,sold loose",Oct,2019,Q4,215067170,South West,Crops,Non-Perishable,Low,145.0,205.5,307.0,8211878.0,162.42,355.8333333333333
"Gari yellow,sold loose",Oct,2019,Q4,215067170,South West,Crops,Non-Perishable,Low,145.0,205.5,307.0,8211878.0,175.57,355.8333333333333
Mudfish (aro) fresh,Oct,2019,Q4,215067170,South South,Fishing,Perishable,High,145.0,205.5,307.0,371541.9,979.2,397.3666666666666
Mudfish : dried,Oct,2019,Q4,215067170,South South,Fishing,Non-Perishable,Low,145.0,205.5,307.0,371541.9,1741.27,397.3666666666666
Onion bulb,Oct,2019,Q4,215067170,North East,Crops,Perishable,Low,145.0,205.5,307.0,8211878.0,202.88,77.23333333333333
Rice agric sold loose,Oct,2019,Q4,215067170,North Central,Crops,Non-Perishable,Low,145.0,205.5,307.0,8211878.0,340.27,212.20000000000002
Rice local sold loose,Oct,2019,Q4,215067170,North Central,Crops,Non-Perishable,Low,145.0,205.5,307.0,8211878.0,303.69,212.20000000000002
Rice Medium Grained,Oct,2019,Q4,215067170,North Central,Crops,Non-Perishable,Low,145.0,205.5,307.0,8211878.0,339.78,212.20000000000002
"Rice,imported high quality sold loose",Oct,2019,Q4,215067170,Imported,Imported,Non-Perishable,Low,145.0,205.5,307.0,0.0,382.57,0.0
Tomato,Oct,2019,Q4,215067170,North Central,Crops,Perishable,High,145.0,205.5,307.0,8211878.0,233.38,212.20000000000002
Yam tuber,Oct,2019,Q4,215067170,South East,Crops,Perishable,Medium,145.0,205.5,307.0,8211878.0,179.75,337.8666666666666
Dried Fish Sardine,Oct,2019,Q4,215067170,South South,Fishing,Non-Perishable,Low,145.0,205.5,307.0,371541.9,1397.91,397.3666666666666
Iced Sardine,Oct,2019,Q4,215067170,Imported,Fishing,Perishable,High,145.0,205.5,307.0,371541.9,925.05,0.0
Irish potato,Oct,2019,Q4,215067170,North East,Crops,Perishable,Medium,145.0,205.5,307.0,8211878.0,264.29,77.23333333333333
Sweet potato,Oct,2019,Q4,215067170,South East,Crops,Perishable,Medium,145.0,205.5,307.0,8211878.0,138.46,337.8666666666666
Tilapia fish (epiya) fresh,Oct,2019,Q4,215067170,South South,Fishing,Perishable,High,145.0,205.5,307.0,371541.9,815.55,397.3666666666666
Titus:frozen,Oct,2019,Q4,215067170,Imported,Fishing,Perishable,High,145.0,205.5,307.0,371541.9,956.75,0.0
Catfish (obokun) fresh,Oct,2019,Q4,215067170,South West,Fishing,Perishable,High,145.0,205.5,307.0,371541.9,1004.38,355.8333333333333
Catfish :dried,Oct,2019,Q4,215067170,South West,Fishing,Non-Perishable,Low,145.0,205.5,307.0,371541.9,1697.55,355.8333333333333
Catfish Smoked,Oct,2019,Q4,215067170,South West,Fishing,Non-Perishable,Low,145.0,205.5,307.0,371541.9,1494.81,355.8333333333333
Mackerel : frozen,Oct,2019,Q4,215067170,Imported,Fishing,Perishable,High,145.0,205.5,307.0,371541.9,938.02,0.0
"Groundnut oil: 1 bottle, specify bottle",Oct,2019,Q4,215067170,North East,Crops,Non-Perishable,Low,145.0,205.5,307.0,8211878.0,562.59,77.23333333333333
Maize grain white sold loose,Oct,2019,Q4,215067170,North Central,Crops,Non-Perishable,Low,145.0,205.5,307.0,8211878.0,142.25,212.20000000000002
Maize grain yellow sold loose,Oct,2019,Q4,215067170,North Central,Crops,Non-Perishable,Low,145.0,205.5,307.0,8211878.0,138.74,212.20000000000002
"Palm oil: 1 bottle,specify bottle",Oct,2019,Q4,215067170,South South,Crops,Non-Perishable,Low,145.0,205.5,307.0,8211878.0,464.7,397.3666666666666
Plantain(ripe),Oct,2019,Q4,215067170,South East,Crops,Perishable,Medium,145.0,205.5,307.0,8211878.0,208.69,337.8666666666666
Plantain(unripe),Oct,2019,Q4,215067170,South East,Crops,Perishable,Medium,145.0,205.5,307.0,8211878.0,200.11,337.8666666666666
"Vegetable oil:1 bottle,specify bottle",Oct,2019,Q4,215067170,Imported,Crops,Non-Perishable,Low,145.0,205.5,307.0,8211878.0,502.34,0.0
Wheat flour: prepacked (golden penny 2kg),Oct,2019,Q4,215067170,Imported,Crops,Non-Perishable,Low,145.0,205.5,307.0,8211878.0,675.3,0.0
Agric eggs medium size,Nov,2019,Q4,215622696,South West,Livestock,Perishable,High,145.0,205.5,307.0,595909.9,463.91,30.733333333333334
Agric eggs(medium size price of one),Nov,2019,Q4,215622696,South West,Livestock,Perishable,High,145.0,205.5,307.0,595909.9,41.18,30.733333333333334
"Beans brown,sold loose",Nov,2019,Q4,215622696,North Central,Crops,Non-Perishable,Low,145.0,205.5,307.0,8211878.0,307.3,9.9
Beans:white black eye. sold loose,Nov,2019,Q4,215622696,North East,Crops,Non-Perishable,Low,145.0,205.5,307.0,8211878.0,284.65,0.06666666666666667
Beef Bone in,Nov,2019,Q4,215622696,North West,Livestock,Perishable,High,145.0,205.5,307.0,595909.9,1026.24,0.06666666666666667
"Beef,boneless",Nov,2019,Q4,215622696,North West,Livestock,Perishable,High,145.0,205.5,307.0,595909.9,1293.0,0.06666666666666667
Bread sliced 500g,Nov,2019,Q4,215622696,South West,Crops,Perishable,Medium,145.0,205.5,307.0,8211878.0,299.59,30.733333333333334
Bread unsliced 500g,Nov,2019,Q4,215622696,South West,Crops,Perishable,Medium,145.0,205.5,307.0,8211878.0,280.51,30.733333333333334
Broken Rice (Ofada),Nov,2019,Q4,215622696,South West,Crops,Non-Perishable,Low,145.0,205.5,307.0,8211878.0,396.86,30.733333333333334
Chicken Feet,Nov,2019,Q4,215622696,South East,Livestock,Perishable,High,145.0,205.5,307.0,595909.9,686.71,106.63333333333334
Chicken Wings,Nov,2019,Q4,215622696,South East,Livestock,Perishable,High,145.0,205.5,307.0,595909.9,893.0,106.63333333333334
Evaporated tinned milk carnation 170g,Nov,2019,Q4,215622696,Imported,Imported,Non-Perishable,Low,145.0,205.5,307.0,0.0,157.21,0.0
"Evaporated tinned milk(peak), 170g",Nov,2019,Q4,215622696,Imported,Imported,Non-Perishable,Low,145.0,205.5,307.0,0.0,183.56,0.0
Frozen chicken,Nov,2019,Q4,215622696,South East,Livestock,Perishable,High,145.0,205.5,307.0,595909.9,2008.39,106.63333333333334
"Gari white,sold loose",Nov,2019,Q4,215622696,South West,Crops,Non-Perishable,Low,145.0,205.5,307.0,8211878.0,160.06,30.733333333333334
"Gari yellow,sold loose",Nov,2019,Q4,215622696,South West,Crops,Non-Perishable,Low,145.0,205.5,307.0,8211878.0,181.32,30.733333333333334
Mudfish (aro) fresh,Nov,2019,Q4,215622696,South South,Fishing,Perishable,High,145.0,205.5,307.0,371541.9,1002.74,227.63333333333333
Mudfish : dried,Nov,2019,Q4,215622696,South South,Fishing,Non-Perishable,Low,145.0,205.5,307.0,371541.9,1756.42,227.63333333333333
Onion bulb,Nov,2019,Q4,215622696,North East,Crops,Perishable,Low,145.0,205.5,307.0,8211878.0,226.06,0.06666666666666667
Rice agric sold loose,Nov,2019,Q4,215622696,North Central,Crops,Non-Perishable,Low,145.0,205.5,307.0,8211878.0,384.04,9.9
Rice local sold loose,Nov,2019,Q4,215622696,North Central,Crops,Non-Perishable,Low,145.0,205.5,307.0,8211878.0,344.01,9.9
Rice Medium Grained,Nov,2019,Q4,215622696,North Central,Crops,Non-Perishable,Low,145.0,205.5,307.0,8211878.0,378.5,9.9
"Rice,imported high quality sold loose",Nov,2019,Q4,215622696,Imported,Imported,Non-Perishable,Low,145.0,205.5,307.0,0.0,445.45,0.0
Tomato,Nov,2019,Q4,215622696,North Central,Crops,Perishable,High,145.0,205.5,307.0,8211878.0,251.21,9.9
Yam tuber,Nov,2019,Q4,215622696,South East,Crops,Perishable,Medium,145.0,205.5,307.0,8211878.0,203.2,106.63333333333334
Dried Fish Sardine,Nov,2019,Q4,215622696,South South,Fishing,Non-Perishable,Low,145.0,205.5,307.0,371541.9,1423.23,227.63333333333333
Iced Sardine,Nov,2019,Q4,215622696,Imported,Fishing,Perishable,High,145.0,205.5,307.0,371541.9,956.79,0.0
Irish potato,Nov,2019,Q4,215622696,North East,Crops,Perishable,Medium,145.0,205.5,307.0,8211878.0,289.23,0.06666666666666667
Sweet potato,Nov,2019,Q4,215622696,South East,Crops,Perishable,Medium,145.0,205.5,307.0,8211878.0,146.58,106.63333333333334
Tilapia fish (epiya) fresh,Nov,2019,Q4,215622696,South South,Fishing,Perishable,High,145.0,205.5,307.0,371541.9,859.55,227.63333333333333
Titus:frozen,Nov,2019,Q4,215622696,Imported,Fishing,Perishable,High,145.0,205.5,307.0,371541.9,975.39,0.0
Catfish (obokun) fresh,Nov,2019,Q4,215622696,South West,Fishing,Perishable,High,145.0,205.5,307.0,371541.9,1027.76,30.733333333333334
Catfish :dried,Nov,2019,Q4,215622696,South West,Fishing,Non-Perishable,Low,145.0,205.5,307.0,371541.9,1723.23,30.733333333333334
Catfish Smoked,Nov,2019,Q4,215622696,South West,Fishing,Non-Perishable,Low,145.0,205.5,307.0,371541.9,1501.28,30.733333333333334
Mackerel : frozen,Nov,2019,Q4,215622696,Imported,Fishing,Perishable,High,145.0,205.5,307.0,371541.9,951.67,0.0
"Groundnut oil: 1 bottle, specify bottle",Nov,2019,Q4,215622696,North East,Crops,Non-Perishable,Low,145.0,205.5,307.0,8211878.0,580.03,0.06666666666666667
Maize grain white sold loose,Nov,2019,Q4,215622696,North Central,Crops,Non-Perishable,Low,145.0,205.5,307.0,8211878.0,149.63,9.9
Maize grain yellow sold loose,Nov,2019,Q4,215622696,North Central,Crops,Non-Perishable,Low,145.0,205.5,307.0,8211878.0,151.65,9.9
"Palm oil: 1 bottle,specify bottle",Nov,2019,Q4,215622696,South South,Crops,Non-Perishable,Low,145.0,205.5,307.0,8211878.0,466.93,227.63333333333333
Plantain(ripe),Nov,2019,Q4,215622696,South East,Crops,Perishable,Medium,145.0,205.5,307.0,8211878.0,218.01,106.63333333333334
Plantain(unripe),Nov,2019,Q4,215622696,South East,Crops,Perishable,Medium,145.0,205.5,307.0,8211878.0,203.49,106.63333333333334
"Vegetable oil:1 bottle,specify bottle",Nov,2019,Q4,215622696,Imported,Crops,Non-Perishable,Low,145.0,205.5,307.0,8211878.0,512.53,0.0
Wheat flour: prepacked (golden penny 2kg),Nov,2019,Q4,215622696,Imported,Crops,Non-Perishable,Low,145.0,205.5,307.0,8211878.0,673.48,0.0
Agric eggs medium size,Dec,2019,Q4,216179427,South West,Livestock,Perishable,High,145.0,205.5,307.0,595909.9,457.8,4.733333333333333
Agric eggs(medium size price of one),Dec,2019,Q4,216179427,South West,Livestock,Perishable,High,145.0,205.5,307.0,595909.9,40.72,4.733333333333333
"Beans brown,sold loose",Dec,2019,Q4,216179427,North Central,Crops,Non-Perishable,Low,145.0,205.5,307.0,8211878.0,299.48,0.0
Beans:white black eye. sold loose,Dec,2019,Q4,216179427,North East,Crops,Non-Perishable,Low,145.0,205.5,307.0,8211878.0,281.6,0.0
Beef Bone in,Dec,2019,Q4,216179427,North West,Livestock,Perishable,High,145.0,205.5,307.0,595909.9,1045.86,0.0
"Beef,boneless",Dec,2019,Q4,216179427,North West,Livestock,Perishable,High,145.0,205.5,307.0,595909.9,1292.52,0.0
Bread sliced 500g,Dec,2019,Q4,216179427,South West,Crops,Perishable,Medium,145.0,205.5,307.0,8211878.0,304.06,4.733333333333333
Bread unsliced 500g,Dec,2019,Q4,216179427,South West,Crops,Perishable,Medium,145.0,205.5,307.0,8211878.0,277.79,4.733333333333333
Broken Rice (Ofada),Dec,2019,Q4,216179427,South West,Crops,Non-Perishable,Low,145.0,205.5,307.0,8211878.0,406.94,4.733333333333333
Chicken Feet,Dec,2019,Q4,216179427,South East,Livestock,Perishable,High,145.0,205.5,307.0,595909.9,699.06,4.3999999999999995
Chicken Wings,Dec,2019,Q4,216179427,South East,Livestock,Perishable,High,145.0,205.5,307.0,595909.9,915.62,4.3999999999999995
Evaporated tinned milk carnation 170g,Dec,2019,Q4,216179427,Imported,Imported,Non-Perishable,Low,145.0,205.5,307.0,0.0,157.89,0.0
"Evaporated tinned milk(peak), 170g",Dec,2019,Q4,216179427,Imported,Imported,Non-Perishable,Low,145.0,205.5,307.0,0.0,184.8,0.0
Frozen chicken,Dec,2019,Q4,216179427,South East,Livestock,Perishable,High,145.0,205.5,307.0,595909.9,1995.58,4.3999999999999995
"Gari white,sold loose",Dec,2019,Q4,216179427,South West,Crops,Non-Perishable,Low,145.0,205.5,307.0,8211878.0,159.39,4.733333333333333
"Gari yellow,sold loose",Dec,2019,Q4,216179427,South West,Crops,Non-Perishable,Low,145.0,205.5,307.0,8211878.0,183.26,4.733333333333333
Mudfish (aro) fresh,Dec,2019,Q4,216179427,South South,Fishing,Perishable,High,145.0,205.5,307.0,371541.9,1010.99,31.5
Mudfish : dried,Dec,2019,Q4,216179427,South South,Fishing,Non-Perishable,Low,145.0,205.5,307.0,371541.9,1774.96,31.5
Onion bulb,Dec,2019,Q4,216179427,North East,Crops,Perishable,Low,145.0,205.5,307.0,8211878.0,240.55,0.0
Rice agric sold loose,Dec,2019,Q4,216179427,North Central,Crops,Non-Perishable,Low,145.0,205.5,307.0,8211878.0,390.18,0.0
Rice local sold loose,Dec,2019,Q4,216179427,North Central,Crops,Non-Perishable,Low,145.0,205.5,307.0,8211878.0,345.94,0.0
Rice Medium Grained,Dec,2019,Q4,216179427,North Central,Crops,Non-Perishable,Low,145.0,205.5,307.0,8211878.0,381.68,0.0
"Rice,imported high quality sold loose",Dec,2019,Q4,216179427,Imported,Imported,Non-Perishable,Low,145.0,205.5,307.0,0.0,459.9,0.0
Tomato,Dec,2019,Q4,216179427,North Central,Crops,Perishable,High,145.0,205.5,307.0,8211878.0,263.9,0.0
Yam tuber,Dec,2019,Q4,216179427,South East,Crops,Perishable,Medium,145.0,205.5,307.0,8211878.0,206.82,4.3999999999999995
Dried Fish Sardine,Dec,2019,Q4,216179427,South South,Fishing,Non-Perishable,Low,145.0,205.5,307.0,371541.9,1444.94,31.5
Iced Sardine,Dec,2019,Q4,216179427,Imported,Fishing,Perishable,High,145.0,205.5,307.0,371541.9,969.6,0.0
Irish potato,Dec,2019,Q4,216179427,North East,Crops,Perishable,Medium,145.0,205.5,307.0,8211878.0,304.46,0.0
Sweet potato,Dec,2019,Q4,216179427,South East,Crops,Perishable,Medium,145.0,205.5,307.0,8211878.0,147.46,4.3999999999999995
Tilapia fish (epiya) fresh,Dec,2019,Q4,216179427,South South,Fishing,Perishable,High,145.0,205.5,307.0,371541.9,884.07,31.5
Titus:frozen,Dec,2019,Q4,216179427,Imported,Fishing,Perishable,High,145.0,205.5,307.0,371541.9,981.21,0.0
Catfish (obokun) fresh,Dec,2019,Q4,216179427,South West,Fishing,Perishable,High,145.0,205.5,307.0,371541.9,1043.41,4.733333333333333
Catfish :dried,Dec,2019,Q4,216179427,South West,Fishing,Non-Perishable,Low,145.0,205.5,307.0,371541.9,1732.45,4.733333333333333
Catfish Smoked,Dec,2019,Q4,216179427,South West,Fishing,Non-Perishable,Low,145.0,205.5,307.0,371541.9,1507.39,4.733333333333333
Mackerel : frozen,Dec,2019,Q4,216179427,Imported,Fishing,Perishable,High,145.0,205.5,307.0,371541.9,953.29,0.0
"Groundnut oil: 1 bottle, specify bottle",Dec,2019,Q4,216179427,North East,Crops,Non-Perishable,Low,145.0,205.5,307.0,8211878.0,580.45,0.0
Maize grain white sold loose,Dec,2019,Q4,216179427,North Central,Crops,Non-Perishable,Low,145.0,205.5,307.0,8211878.0,151.88,0.0
Maize grain yellow sold loose,Dec,2019,Q4,216179427,North Central,Crops,Non-Perishable,Low,145.0,205.5,307.0,8211878.0,153.0,0.0
"Palm oil: 1 bottle,specify bottle",Dec,2019,Q4,216179427,South South,Crops,Non-Perishable,Low,145.0,205.5,307.0,8211878.0,469.43,31.5
Plantain(ripe),Dec,2019,Q4,216179427,South East,Crops,Perishable,Medium,145.0,205.5,307.0,8211878.0,213.04,4.3999999999999995
Plantain(unripe),Dec,2019,Q4,216179427,South East,Crops,Perishable,Medium,145.0,205.5,307.0,8211878.0,204.3,4.3999999999999995
"Vegetable oil:1 bottle,specify bottle",Dec,2019,Q4,216179427,Imported,Crops,Non-Perishable,Low,145.0,205.5,307.0,8211878.0,516.29,0.0
Wheat flour: prepacked (golden penny 2kg),Dec,2019,Q4,216179427,Imported,Crops,Non-Perishable,Low,145.0,205.5,307.0,8211878.0,676.2,0.0
Agric eggs medium size,Jan,2020,Q1,216737370,South West,Livestock,Perishable,High,145.0,205.5,307.0,509547.72,454.17,0.3333333333333333
Agric eggs(medium size price of one),Jan,2020,Q1,216737370,South West,Livestock,Perishable,High,145.0,205.5,307.0,509547.72,40.17,0.3333333333333333
"Beans brown,sold loose",Jan,2020,Q1,216737370,North Central,Crops,Non-Perishable,Low,145.0,205.5,307.0,6410647.0,285.61,0.0
Beans:white black eye. sold loose,Jan,2020,Q1,216737370,North East,Crops,Non-Perishable,Low,145.0,205.5,307.0,6410647.0,268.8,0.0
Beef Bone in,Jan,2020,Q1,216737370,North West,Livestock,Perishable,High,145.0,205.5,307.0,509547.72,1031.53,0.0
"Beef,boneless",Jan,2020,Q1,216737370,North West,Livestock,Perishable,High,145.0,205.5,307.0,509547.72,1289.8,0.0
Bread sliced 500g,Jan,2020,Q1,216737370,South West,Crops,Perishable,Medium,145.0,205.5,307.0,6410647.0,302.45,0.3333333333333333
Bread unsliced 500g,Jan,2020,Q1,216737370,South West,Crops,Perishable,Medium,145.0,205.5,307.0,6410647.0,276.26,0.3333333333333333
Broken Rice (Ofada),Jan,2020,Q1,216737370,South West,Crops,Non-Perishable,Low,145.0,205.5,307.0,6410647.0,409.31,0.3333333333333333
Chicken Feet,Jan,2020,Q1,216737370,South East,Livestock,Perishable,High,145.0,205.5,307.0,509547.72,685.98,0.9
Chicken Wings,Jan,2020,Q1,216737370,South East,Livestock,Perishable,High,145.0,205.5,307.0,509547.72,909.31,0.9
Evaporated tinned milk carnation 170g,Jan,2020,Q1,216737370,Imported,Imported,Non-Perishable,Low,145.0,205.5,307.0,0.0,157.11,0.0
"Evaporated tinned milk(peak), 170g",Jan,2020,Q1,216737370,Imported,Imported,Non-Perishable,Low,145.0,205.5,307.0,0.0,185.63,0.0
Frozen chicken,Jan,2020,Q1,216737370,South East,Livestock,Perishable,High,145.0,205.5,307.0,509547.72,1983.14,0.9
"Gari white,sold loose",Jan,2020,Q1,216737370,South West,Crops,Non-Perishable,Low,145.0,205.5,307.0,6410647.0,159.64,0.3333333333333333
"Gari yellow,sold loose",Jan,2020,Q1,216737370,South West,Crops,Non-Perishable,Low,145.0,205.5,307.0,6410647.0,182.19,0.3333333333333333
Mudfish (aro) fresh,Jan,2020,Q1,216737370,South South,Fishing,Perishable,High,145.0,205.5,307.0,458368.2,1000.41,7.733333333333334
Mudfish : dried,Jan,2020,Q1,216737370,South South,Fishing,Non-Perishable,Low,145.0,205.5,307.0,458368.2,1758.76,7.733333333333334
Onion bulb,Jan,2020,Q1,216737370,North East,Crops,Perishable,Low,145.0,205.5,307.0,6410647.0,225.83,0.0
Rice agric sold loose,Jan,2020,Q1,216737370,North Central,Crops,Non-Perishable,Low,145.0,205.5,307.0,6410647.0,382.21,0.0
Rice local sold loose,Jan,2020,Q1,216737370,North Central,Crops,Non-Perishable,Low,145.0,205.5,307.0,6410647.0,338.58,0.0
Rice Medium Grained,Jan,2020,Q1,216737370,North Central,Crops,Non-Perishable,Low,145.0,205.5,307.0,6410647.0,381.42,0.0
"Rice,imported high quality sold loose",Jan,2020,Q1,216737370,Imported,Imported,Non-Perishable,Low,145.0,205.5,307.0,0.0,453.24,0.0
Tomato,Jan,2020,Q1,216737370,North Central,Crops,Perishable,High,145.0,205.5,307.0,6410647.0,237.22,0.0
Yam tuber,Jan,2020,Q1,216737370,South East,Crops,Perishable,Medium,145.0,205.5,307.0,6410647.0,193.04,0.9
Dried Fish Sardine,Jan,2020,Q1,216737370,South South,Fishing,Non-Perishable,Low,145.0,205.5,307.0,458368.2,1454.59,7.733333333333334
Iced Sardine,Jan,2020,Q1,216737370,Imported,Fishing,Perishable,High,145.0,205.5,307.0,458368.2,964.4,0.0
Irish potato,Jan,2020,Q1,216737370,North East,Crops,Perishable,Medium,145.0,205.5,307.0,6410647.0,281.09,0.0
Sweet potato,Jan,2020,Q1,216737370,South East,Crops,Perishable,Medium,145.0,205.5,307.0,6410647.0,141.23,0.9
Tilapia fish (epiya) fresh,Jan,2020,Q1,216737370,South South,Fishing,Perishable,High,145.0,205.5,307.0,458368.2,870.06,7.733333333333334
Titus:frozen,Jan,2020,Q1,216737370,Imported,Fishing,Perishable,High,145.0,205.5,307.0,458368.2,962.96,0.0
Catfish (obokun) fresh,Jan,2020,Q1,216737370,South West,Fishing,Perishable,High,145.0,205.5,307.0,458368.2,1025.13,0.3333333333333333
Catfish :dried,Jan,2020,Q1,216737370,South West,Fishing,Non-Perishable,Low,145.0,205.5,307.0,458368.2,1720.55,0.3333333333333333
Catfish Smoked,Jan,2020,Q1,216737370,South West,Fishing,Non-Perishable,Low,145.0,205.5,307.0,458368.2,1502.48,0.3333333333333333
Mackerel : frozen,Jan,2020,Q1,216737370,Imported,Fishing,Perishable,High,145.0,205.5,307.0,458368.2,946.05,0.0
"Groundnut oil: 1 bottle, specify bottle",Jan,2020,Q1,216737370,North East,Crops,Non-Perishable,Low,145.0,205.5,307.0,6410647.0,571.88,0.0
Maize grain white sold loose,Jan,2020,Q1,216737370,North Central,Crops,Non-Perishable,Low,145.0,205.5,307.0,6410647.0,148.86,0.0
Maize grain yellow sold loose,Jan,2020,Q1,216737370,North Central,Crops,Non-Perishable,Low,145.0,205.5,307.0,6410647.0,149.62,0.0
"Palm oil: 1 bottle,specify bottle",Jan,2020,Q1,216737370,South South,Crops,Non-Perishable,Low,145.0,205.5,307.0,6410647.0,457.59,7.733333333333334
Plantain(ripe),Jan,2020,Q1,216737370,South East,Crops,Perishable,Medium,145.0,205.5,307.0,6410647.0,206.17,0.9
Plantain(unripe),Jan,2020,Q1,216737370,South East,Crops,Perishable,Medium,145.0,205.5,307.0,6410647.0,197.06,0.9
"Vegetable oil:1 bottle,specify bottle",Jan,2020,Q1,216737370,Imported,Crops,Non-Perishable,Low,145.0,205.5,307.0,6410647.0,515.48,0.0
Wheat flour: prepacked (golden penny 2kg),Jan,2020,Q1,216737370,Imported,Crops,Non-Perishable,Low,145.0,205.5,307.0,6410647.0,672.79,0.0
Agric eggs medium size,Feb,2020,Q1,217296528,South West,Livestock,Perishable,High,145.0,205.5,306.95,509547.72,448.26,2.5666666666666664
Agric eggs(medium size price of one),Feb,2020,Q1,217296528,South West,Livestock,Perishable,High,145.0,205.5,306.95,509547.72,39.29,2.5666666666666664
"Beans brown,sold loose",Feb,2020,Q1,217296528,North Central,Crops,Non-Perishable,Low,145.0,205.5,306.95,6410647.0,276.3,0.0
Beans:white black eye. sold loose,Feb,2020,Q1,217296528,North East,Crops,Non-Perishable,Low,145.0,205.5,306.95,6410647.0,255.25,0.0
Beef Bone in,Feb,2020,Q1,217296528,North West,Livestock,Perishable,High,145.0,205.5,306.95,509547.72,1035.38,0.0
"Beef,boneless",Feb,2020,Q1,217296528,North West,Livestock,Perishable,High,145.0,205.5,306.95,509547.72,1279.6,0.0
Bread sliced 500g,Feb,2020,Q1,217296528,South West,Crops,Perishable,Medium,145.0,205.5,306.95,6410647.0,303.06,2.5666666666666664
Bread unsliced 500g,Feb,2020,Q1,217296528,South West,Crops,Perishable,Medium,145.0,205.5,306.95,6410647.0,275.2,2.5666666666666664
Broken Rice (Ofada),Feb,2020,Q1,217296528,South West,Crops,Non-Perishable,Low,145.0,205.5,306.95,6410647.0,404.32,2.5666666666666664
Chicken Feet,Feb,2020,Q1,217296528,South East,Livestock,Perishable,High,145.0,205.5,306.95,509547.72,684.5,0.6
Chicken Wings,Feb,2020,Q1,217296528,South East,Livestock,Perishable,High,145.0,205.5,306.95,509547.72,922.52,0.6
Evaporated tinned milk carnation 170g,Feb,2020,Q1,217296528,Imported,Imported,Non-Perishable,Low,145.0,205.5,306.95,0.0,150.54,0.0
"Evaporated tinned milk(peak), 170g",Feb,2020,Q1,217296528,Imported,Imported,Non-Perishable,Low,145.0,205.5,306.95,0.0,183.81,0.0
Frozen chicken,Feb,2020,Q1,217296528,South East,Livestock,Perishable,High,145.0,205.5,306.95,509547.72,1948.59,0.6
"Gari white,sold loose",Feb,2020,Q1,217296528,South West,Crops,Non-Perishable,Low,145.0,205.5,306.95,6410647.0,159.33,2.5666666666666664
"Gari yellow,sold loose",Feb,2020,Q1,217296528,South West,Crops,Non-Perishable,Low,145.0,205.5,306.95,6410647.0,186.35,2.5666666666666664
Mudfish (aro) fresh,Feb,2020,Q1,217296528,South South,Fishing,Perishable,High,145.0,205.5,306.95,458368.2,992.95,18.366666666666664
Mudfish : dried,Feb,2020,Q1,217296528,South South,Fishing,Non-Perishable,Low,145.0,205.5,306.95,458368.2,1764.13,18.366666666666664
Onion bulb,Feb,2020,Q1,217296528,North East,Crops,Perishable,Low,145.0,205.5,306.95,6410647.0,231.6,0.0
Rice agric sold loose,Feb,2020,Q1,217296528,North Central,Crops,Non-Perishable,Low,145.0,205.5,306.95,6410647.0,377.69,0.0
Rice local sold loose,Feb,2020,Q1,217296528,North Central,Crops,Non-Perishable,Low,145.0,205.5,306.95,6410647.0,334.11,0.0
Rice Medium Grained,Feb,2020,Q1,217296528,North Central,Crops,Non-Perishable,Low,145.0,205.5,306.95,6410647.0,373.16,0.0
"Rice,imported high quality sold loose",Feb,2020,Q1,217296528,Imported,Imported,Non-Perishable,Low,145.0,205.5,306.95,0.0,444.04,0.0
Tomato,Feb,2020,Q1,217296528,North Central,Crops,Perishable,High,145.0,205.5,306.95,6410647.0,241.78,0.0
Yam tuber,Feb,2020,Q1,217296528,South East,Crops,Perishable,Medium,145.0,205.5,306.95,6410647.0,189.53,0.6
Dried Fish Sardine,Feb,2020,Q1,217296528,South South,Fishing,Non-Perishable,Low,145.0,205.5,306.95,458368.2,1440.71,18.366666666666664
Iced Sardine,Feb,2020,Q1,217296528,Imported,Fishing,Perishable,High,145.0,205.5,306.95,458368.2,961.21,0.0
Irish potato,Feb,2020,Q1,217296528,North East,Crops,Perishable,Medium,145.0,205.5,306.95,6410647.0,286.21,0.0
Sweet potato,Feb,2020,Q1,217296528,South East,Crops,Perishable,Medium,145.0,205.5,306.95,6410647.0,141.34,0.6
Tilapia fish (epiya) fresh,Feb,2020,Q1,217296528,South South,Fishing,Perishable,High,145.0,205.5,306.95,458368.2,863.29,18.366666666666664
Titus:frozen,Feb,2020,Q1,217296528,Imported,Fishing,Perishable,High,145.0,205.5,306.95,458368.2,948.14,0.0
Catfish (obokun) fresh,Feb,2020,Q1,217296528,South West,Fishing,Perishable,High,145.0,205.5,306.95,458368.2,1022.84,2.5666666666666664
Catfish :dried,Feb,2020,Q1,217296528,South West,Fishing,Non-Perishable,Low,145.0,205.5,306.95,458368.2,1713.3,2.5666666666666664
Catfish Smoked,Feb,2020,Q1,217296528,South West,Fishing,Non-Perishable,Low,145.0,205.5,306.95,458368.2,1496.07,2.5666666666666664
Mackerel : frozen,Feb,2020,Q1,217296528,Imported,Fishing,Perishable,High,145.0,205.5,306.95,458368.2,932.21,0.0
"Groundnut oil: 1 bottle, specify bottle",Feb,2020,Q1,217296528,North East,Crops,Non-Perishable,Low,145.0,205.5,306.95,6410647.0,572.36,0.0
Maize grain white sold loose,Feb,2020,Q1,217296528,North Central,Crops,Non-Perishable,Low,145.0,205.5,306.95,6410647.0,150.15,0.0
Maize grain yellow sold loose,Feb,2020,Q1,217296528,North Central,Crops,Non-Perishable,Low,145.0,205.5,306.95,6410647.0,151.53,0.0
"Palm oil: 1 bottle,specify bottle",Feb,2020,Q1,217296528,South South,Crops,Non-Perishable,Low,145.0,205.5,306.95,6410647.0,457.31,18.366666666666664
Plantain(ripe),Feb,2020,Q1,217296528,South East,Crops,Perishable,Medium,145.0,205.5,306.95,6410647.0,207.82,0.6
Plantain(unripe),Feb,2020,Q1,217296528,South East,Crops,Perishable,Medium,145.0,205.5,306.95,6410647.0,201.83,0.6
"Vegetable oil:1 bottle,specify bottle",Feb,2020,Q1,217296528,Imported,Crops,Non-Perishable,Low,145.0,205.5,306.95,6410647.0,520.95,0.0
Wheat flour: prepacked (golden penny 2kg),Feb,2020,Q1,217296528,Imported,Crops,Non-Perishable,Low,145.0,205.5,306.95,6410647.0,668.01,0.0
Agric eggs medium size,Mar,2020,Q1,217856906,South West,Livestock,Perishable,High,145.0,205.5,361.0,509547.72,461.15,38.63333333333333
Agric eggs(medium size price of one),Mar,2020,Q1,217856906,South West,Livestock,Perishable,High,145.0,205.5,361.0,509547.72,39.9,38.63333333333333
"Beans brown,sold loose",Mar,2020,Q1,217856906,North Central,Crops,Non-Perishable,Low,145.0,205.5,361.0,6410647.0,267.81,8.600000000000001
Beans:white black eye. sold loose,Mar,2020,Q1,217856906,North East,Crops,Non-Perishable,Low,145.0,205.5,361.0,6410647.0,241.74,0.13333333333333333
Beef Bone in,Mar,2020,Q1,217856906,North West,Livestock,Perishable,High,145.0,205.5,361.0,509547.72,1025.48,0.4666666666666666
"Beef,boneless",Mar,2020,Q1,217856906,North West,Livestock,Perishable,High,145.0,205.5,361.0,509547.72,1276.1,0.4666666666666666
Bread sliced 500g,Mar,2020,Q1,217856906,South West,Crops,Perishable,Medium,145.0,205.5,361.0,6410647.0,304.6,38.63333333333333
Bread unsliced 500g,Mar,2020,Q1,217856906,South West,Crops,Perishable,Medium,145.0,205.5,361.0,6410647.0,278.79,38.63333333333333
Broken Rice (Ofada),Mar,2020,Q1,217856906,South West,Crops,Non-Perishable,Low,145.0,205.5,361.0,6410647.0,390.54,38.63333333333333
Chicken Feet,Mar,2020,Q1,217856906,South East,Livestock,Perishable,High,145.0,205.5,361.0,509547.72,691.7,74.60000000000001
Chicken Wings,Mar,2020,Q1,217856906,South East,Livestock,Perishable,High,145.0,205.5,361.0,509547.72,920.52,74.60000000000001
Evaporated tinned milk carnation 170g,Mar,2020,Q1,217856906,Imported,Imported,Non-Perishable,Low,145.0,205.5,361.0,0.0,153.37,0.0
"Evaporated tinned milk(peak), 170g",Mar,2020,Q1,217856906,Imported,Imported,Non-Perishable,Low,145.0,205.5,361.0,0.0,183.12,0.0
Frozen chicken,Mar,2020,Q1,217856906,South East,Livestock,Perishable,High,145.0,205.5,361.0,509547.72,1941.04,74.60000000000001
"Gari white,sold loose",Mar,2020,Q1,217856906,South West,Crops,Non-Perishable,Low,145.0,205.5,361.0,6410647.0,164.6,38.63333333333333
"Gari yellow,sold loose",Mar,2020,Q1,217856906,South West,Crops,Non-Perishable,Low,145.0,205.5,361.0,6410647.0,192.41,38.63333333333333
Mudfish (aro) fresh,Mar,2020,Q1,217856906,South South,Fishing,Perishable,High,145.0,205.5,361.0,458368.2,991.44,160.20000000000002
Mudfish : dried,Mar,2020,Q1,217856906,South South,Fishing,Non-Perishable,Low,145.0,205.5,361.0,458368.2,1742.72,160.20000000000002
Onion bulb,Mar,2020,Q1,217856906,North East,Crops,Perishable,Low,145.0,205.5,361.0,6410647.0,236.36,0.13333333333333333
Rice agric sold loose,Mar,2020,Q1,217856906,North Central,Crops,Non-Perishable,Low,145.0,205.5,361.0,6410647.0,369.89,8.600000000000001
Rice local sold loose,Mar,2020,Q1,217856906,North Central,Crops,Non-Perishable,Low,145.0,205.5,361.0,6410647.0,313.1,8.600000000000001
Rice Medium Grained,Mar,2020,Q1,217856906,North Central,Crops,Non-Perishable,Low,145.0,205.5,361.0,6410647.0,368.36,8.600000000000001
"Rice,imported high quality sold loose",Mar,2020,Q1,217856906,Imported,Imported,Non-Perishable,Low,145.0,205.5,361.0,0.0,438.66,0.0
Tomato,Mar,2020,Q1,217856906,North Central,Crops,Perishable,High,145.0,205.5,361.0,6410647.0,255.33,8.600000000000001
Yam tuber,Mar,2020,Q1,217856906,South East,Crops,Perishable,Medium,145.0,205.5,361.0,6410647.0,206.12,74.60000000000001
Dried Fish Sardine,Mar,2020,Q1,217856906,South South,Fishing,Non-Perishable,Low,145.0,205.5,361.0,458368.2,1432.95,160.20000000000002
Iced Sardine,Mar,2020,Q1,217856906,Imported,Fishing,Perishable,High,145.0,205.5,361.0,458368.2,960.69,0.0
Irish potato,Mar,2020,Q1,217856906,North East,Crops,Perishable,Medium,145.0,205.5,361.0,6410647.0,301.24,0.13333333333333333
Sweet potato,Mar,2020,Q1,217856906,South East,Crops,Perishable,Medium,145.0,205.5,361.0,6410647.0,149.46,74.60000000000001
Tilapia fish (epiya) fresh,Mar,2020,Q1,217856906,South South,Fishing,Perishable,High,145.0,205.5,361.0,458368.2,854.86,160.20000000000002
Titus:frozen,Mar,2020,Q1,217856906,Imported,Fishing,Perishable,High,145.0,205.5,361.0,458368.2,960.47,0.0
Catfish (obokun) fresh,Mar,2020,Q1,217856906,South West,Fishing,Perishable,High,145.0,205.5,361.0,458368.2,1027.3,38.63333333333333
Catfish :dried,Mar,2020,Q1,217856906,South West,Fishing,Non-Perishable,Low,145.0,205.5,361.0,458368.2,1711.32,38.63333333333333
Catfish Smoked,Mar,2020,Q1,217856906,South West,Fishing,Non-Perishable,Low,145.0,205.5,361.0,458368.2,1501.97,38.63333333333333
Mackerel : frozen,Mar,2020,Q1,217856906,Imported,Fishing,Perishable,High,145.0,205.5,361.0,458368.2,928.27,0.0
"Groundnut oil: 1 bottle, specify bottle",Mar,2020,Q1,217856906,North East,Crops,Non-Perishable,Low,145.0,205.5,361.0,6410647.0,583.22,0.13333333333333333
Maize grain white sold loose,Mar,2020,Q1,217856906,North Central,Crops,Non-Perishable,Low,145.0,205.5,361.0,6410647.0,150.78,8.600000000000001
Maize grain yellow sold loose,Mar,2020,Q1,217856906,North Central,Crops,Non-Perishable,Low,145.0,205.5,361.0,6410647.0,150.97,8.600000000000001
"Palm oil: 1 bottle,specify bottle",Mar,2020,Q1,217856906,South South,Crops,Non-Perishable,Low,145.0,205.5,361.0,6410647.0,451.37,160.20000000000002
Plantain(ripe),Mar,2020,Q1,217856906,South East,Crops,Perishable,Medium,145.0,205.5,361.0,6410647.0,220.91,74.60000000000001
Plantain(unripe),Mar,2020,Q1,217856906,South East,Crops,Perishable,Medium,145.0,205.5,361.0,6410647.0,218.05,74.60000000000001
"Vegetable oil:1 bottle,specify bottle",Mar,2020,Q1,217856906,Imported,Crops,Non-Perishable,Low,145.0,205.5,361.0,6410647.0,530.85,0.0
Wheat flour: prepacked (golden penny 2kg),Mar,2020,Q1,217856906,Imported,Crops,Non-Perishable,Low,145.0,205.5,361.0,6410647.0,674.14,0.0
Agric eggs medium size,Apr,2020,Q2,218418506,South West,Livestock,Perishable,High,145.0,205.5,361.0,503341.6,476.72,32.300000000000004
Agric eggs(medium size price of one),Apr,2020,Q2,218418506,South West,Livestock,Perishable,High,145.0,205.5,361.0,503341.6,41.54,32.300000000000004
"Beans brown,sold loose",Apr,2020,Q2,218418506,North Central,Crops,Non-Perishable,Low,145.0,205.5,361.0,7198345.5,277.05,17.866666666666664
Beans:white black eye. sold loose,Apr,2020,Q2,218418506,North East,Crops,Non-Perishable,Low,145.0,205.5,361.0,7198345.5,250.33,0.4666666666666666
Beef Bone in,Apr,2020,Q2,218418506,North West,Livestock,Perishable,High,145.0,205.5,361.0,503341.6,1047.12,1.7000000000000002
"Beef,boneless",Apr,2020,Q2,218418506,North West,Livestock,Perishable,High,145.0,205.5,361.0,503341.6,1307.68,1.7000000000000002
Bread sliced 500g,Apr,2020,Q2,218418506,South West,Crops,Perishable,Medium,145.0,205.5,361.0,7198345.5,316.55,32.300000000000004
Bread unsliced 500g,Apr,2020,Q2,218418506,South West,Crops,Perishable,Medium,145.0,205.5,361.0,7198345.5,288.45,32.300000000000004
Broken Rice (Ofada),Apr,2020,Q2,218418506,South West,Crops,Non-Perishable,Low,145.0,205.5,361.0,7198345.5,408.05,32.300000000000004
Chicken Feet,Apr,2020,Q2,218418506,South East,Livestock,Perishable,High,145.0,205.5,361.0,503341.6,711.61,79.83333333333333
Chicken Wings,Apr,2020,Q2,218418506,South East,Livestock,Perishable,High,145.0,205.5,361.0,503341.6,935.6,79.83333333333333
Evaporated tinned milk carnation 170g,Apr,2020,Q2,218418506,Imported,Imported,Non-Perishable,Low,145.0,205.5,361.0,0.0,160.98,0.0
"Evaporated tinned milk(peak), 170g",Apr,2020,Q2,218418506,Imported,Imported,Non-Perishable,Low,145.0,205.5,361.0,0.0,190.17,0.0
Frozen chicken,Apr,2020,Q2,218418506,South East,Livestock,Perishable,High,145.0,205.5,361.0,503341.6,1958.1,79.83333333333333
"Gari white,sold loose",Apr,2020,Q2,218418506,South West,Crops,Non-Perishable,Low,145.0,205.5,361.0,7198345.5,190.23,32.300000000000004
"Gari yellow,sold loose",Apr,2020,Q2,218418506,South West,Crops,Non-Perishable,Low,145.0,205.5,361.0,7198345.5,211.83,32.300000000000004
Mudfish (aro) fresh,Apr,2020,Q2,218418506,South South,Fishing,Perishable,High,145.0,205.5,361.0,362339.22,1004.18,191.33333333333334
Mudfish : dried,Apr,2020,Q2,218418506,South South,Fishing,Non-Perishable,Low,145.0,205.5,361.0,362339.22,1762.88,191.33333333333334
Onion bulb,Apr,2020,Q2,218418506,North East,Crops,Perishable,Low,145.0,205.5,361.0,7198345.5,227.59,0.4666666666666666
Rice agric sold loose,Apr,2020,Q2,218418506,North Central,Crops,Non-Perishable,Low,145.0,205.5,361.0,7198345.5,393.34,17.866666666666664
Rice local sold loose,Apr,2020,Q2,218418506,North Central,Crops,Non-Perishable,Low,145.0,205.5,361.0,7198345.5,342.49,17.866666666666664
Rice Medium Grained,Apr,2020,Q2,218418506,North Central,Crops,Non-Perishable,Low,145.0,205.5,361.0,7198345.5,394.56,17.866666666666664
"Rice,imported high quality sold loose",Apr,2020,Q2,218418506,Imported,Imported,Non-Perishable,Low,145.0,205.5,361.0,0.0,471.84,0.0
Tomato,Apr,2020,Q2,218418506,North Central,Crops,Perishable,High,145.0,205.5,361.0,7198345.5,277.0,17.866666666666664
Yam tuber,Apr,2020,Q2,218418506,South East,Crops,Perishable,Medium,145.0,205.5,361.0,7198345.5,230.09,79.83333333333333
Dried Fish Sardine,Apr,2020,Q2,218418506,South South,Fishing,Non-Perishable,Low,145.0,205.5,361.0,362339.22,1447.58,191.33333333333334
Iced Sardine,Apr,2020,Q2,218418506,Imported,Fishing,Perishable,High,145.0,205.5,361.0,362339.22,987.1,0.0
Irish potato,Apr,2020,Q2,218418506,North East,Crops,Perishable,Medium,145.0,205.5,361.0,7198345.5,309.85,0.4666666666666666
Sweet potato,Apr,2020,Q2,218418506,South East,Crops,Perishable,Medium,145.0,205.5,361.0,7198345.5,153.89,79.83333333333333
Tilapia fish (epiya) fresh,Apr,2020,Q2,218418506,South South,Fishing,Perishable,High,145.0,205.5,361.0,362339.22,870.49,191.33333333333334
Titus:frozen,Apr,2020,Q2,218418506,Imported,Fishing,Perishable,High,145.0,205.5,361.0,362339.22,986.88,0.0
Catfish (obokun) fresh,Apr,2020,Q2,218418506,South West,Fishing,Perishable,High,145.0,205.5,361.0,362339.22,1048.9,32.300000000000004
Catfish :dried,Apr,2020,Q2,218418506,South West,Fishing,Non-Perishable,Low,145.0,205.5,361.0,362339.22,1724.52,32.300000000000004
Catfish Smoked,Apr,2020,Q2,218418506,South West,Fishing,Non-Perishable,Low,145.0,205.5,361.0,362339.22,1524.8,32.300000000000004
Mackerel : frozen,Apr,2020,Q2,218418506,Imported,Fishing,Perishable,High,145.0,205.5,361.0,362339.22,953.14,0.0
"Groundnut oil: 1 bottle, specify bottle",Apr,2020,Q2,218418506,North East,Crops,Non-Perishable,Low,145.0,205.5,361.0,7198345.5,601.03,0.4666666666666666
Maize grain white sold loose,Apr,2020,Q2,218418506,North Central,Crops,Non-Perishable,Low,145.0,205.5,361.0,7198345.5,165.83,17.866666666666664
Maize grain yellow sold loose,Apr,2020,Q2,218418506,North Central,Crops,Non-Perishable,Low,145.0,205.5,361.0,7198345.5,166.42,17.866666666666664
"Palm oil: 1 bottle,specify bottle",Apr,2020,Q2,218418506,South South,Crops,Non-Perishable,Low,145.0,205.5,361.0,7198345.5,464.08,191.33333333333334
Plantain(ripe),Apr,2020,Q2,218418506,South East,Crops,Perishable,Medium,145.0,205.5,361.0,7198345.5,236.49,79.83333333333333
Plantain(unripe),Apr,2020,Q2,218418506,South East,Crops,Perishable,Medium,145.0,205.5,361.0,7198345.5,230.2,79.83333333333333
"Vegetable oil:1 bottle,specify bottle",Apr,2020,Q2,218418506,Imported,Crops,Non-Perishable,Low,145.0,205.5,361.0,7198345.5,551.92,0.0
Wheat flour: prepacked (golden penny 2kg),Apr,2020,Q2,218418506,Imported,Crops,Non-Perishable,Low,145.0,205.5,361.0,7198345.5,692.6,0.0
Agric eggs medium size,May,2020,Q2,218981330,South West,Livestock,Perishable,High,145.0,205.5,361.0,503341.6,462.46,71.96666666666667
Agric eggs(medium size price of one),May,2020,Q2,218981330,South West,Livestock,Perishable,High,145.0,205.5,361.0,503341.6,40.84,71.96666666666667
"Beans brown,sold loose",May,2020,Q2,218981330,North Central,Crops,Non-Perishable,Low,145.0,205.5,361.0,7198345.5,277.49,41.9
Beans:white black eye. sold loose,May,2020,Q2,218981330,North East,Crops,Non-Perishable,Low,145.0,205.5,361.0,7198345.5,251.43,4.866666666666666
Beef Bone in,May,2020,Q2,218981330,North West,Livestock,Perishable,High,145.0,205.5,361.0,503341.6,1053.47,15.733333333333334
"Beef,boneless",May,2020,Q2,218981330,North West,Livestock,Perishable,High,145.0,205.5,361.0,503341.6,1306.47,15.733333333333334
Bread sliced 500g,May,2020,Q2,218981330,South West,Crops,Perishable,Medium,145.0,205.5,361.0,7198345.5,315.0,71.96666666666667
Bread unsliced 500g,May,2020,Q2,218981330,South West,Crops,Perishable,Medium,145.0,205.5,361.0,7198345.5,285.17,71.96666666666667
Broken Rice (Ofada),May,2020,Q2,218981330,South West,Crops,Non-Perishable,Low,145.0,205.5,361.0,7198345.5,405.58,71.96666666666667
Chicken Feet,May,2020,Q2,218981330,South East,Livestock,Perishable,High,145.0,205.5,361.0,503341.6,701.66,142.03333333333333
Chicken Wings,May,2020,Q2,218981330,South East,Livestock,Perishable,High,145.0,205.5,361.0,503341.6,929.24,142.03333333333333
Evaporated tinned milk carnation 170g,May,2020,Q2,218981330,Imported,Imported,Non-Perishable,Low,145.0,205.5,361.0,0.0,161.16,0.0
"Evaporated tinned milk(peak), 170g",May,2020,Q2,218981330,Imported,Imported,Non-Perishable,Low,145.0,205.5,361.0,0.0,190.0,0.0
Frozen chicken,May,2020,Q2,218981330,South East,Livestock,Perishable,High,145.0,205.5,361.0,503341.6,1944.56,142.03333333333333
"Gari white,sold loose",May,2020,Q2,218981330,South West,Crops,Non-Perishable,Low,145.0,205.5,361.0,7198345.5,196.16,71.96666666666667
"Gari yellow,sold loose",May,2020,Q2,218981330,South West,Crops,Non-Perishable,Low,145.0,205.5,361.0,7198345.5,222.25,71.96666666666667
Mudfish (aro) fresh,May,2020,Q2,218981330,South South,Fishing,Perishable,High,145.0,205.5,361.0,362339.22,997.39,238.66666666666666
Mudfish : dried,May,2020,Q2,218981330,South South,Fishing,Non-Perishable,Low,145.0,205.5,361.0,362339.22,1751.08,238.66666666666666
Onion bulb,May,2020,Q2,218981330,North East,Crops,Perishable,Low,145.0,205.5,361.0,7198345.5,221.4,4.866666666666666
Rice agric sold loose,May,2020,Q2,218981330,North Central,Crops,Non-Perishable,Low,145.0,205.5,361.0,7198345.5,389.77,41.9
Rice local sold loose,May,2020,Q2,218981330,North Central,Crops,Non-Perishable,Low,145.0,205.5,361.0,7198345.5,344.91,41.9
Rice Medium Grained,May,2020,Q2,218981330,North Central,Crops,Non-Perishable,Low,145.0,205.5,361.0,7198345.5,392.54,41.9
"Rice,imported high quality sold loose",May,2020,Q2,218981330,Imported,Imported,Non-Perishable,Low,145.0,205.5,361.0,0.0,463.21,0.0
Tomato,May,2020,Q2,218981330,North Central,Crops,Perishable,High,145.0,205.5,361.0,7198345.5,278.23,41.9
Yam tuber,May,2020,Q2,218981330,South East,Crops,Perishable,Medium,145.0,205.5,361.0,7198345.5,236.9,142.03333333333333
Dried Fish Sardine,May,2020,Q2,218981330,South South,Fishing,Non-Perishable,Low,145.0,205.5,361.0,362339.22,1445.67,238.66666666666666
Iced Sardine,May,2020,Q2,218981330,Imported,Fishing,Perishable,High,145.0,205.5,361.0,362339.22,994.47,0.0
Irish potato,May,2020,Q2,218981330,North East,Crops,Perishable,Medium,145.0,205.5,361.0,7198345.5,304.6,4.866666666666666
Sweet potato,May,2020,Q2,218981330,South East,Crops,Perishable,Medium,145.0,205.5,361.0,7198345.5,154.62,142.03333333333333
Tilapia fish (epiya) fresh,May,2020,Q2,218981330,South South,Fishing,Perishable,High,145.0,205.5,361.0,362339.22,860.95,238.66666666666666
Titus:frozen,May,2020,Q2,218981330,Imported,Fishing,Perishable,High,145.0,205.5,361.0,362339.22,1004.66,0.0
Catfish (obokun) fresh,May,2020,Q2,218981330,South West,Fishing,Perishable,High,145.0,205.5,361.0,362339.22,1044.13,71.96666666666667
Catfish :dried,May,2020,Q2,218981330,South West,Fishing,Non-Perishable,Low,145.0,205.5,361.0,362339.22,1709.24,71.96666666666667
Catfish Smoked,May,2020,Q2,218981330,South West,Fishing,Non-Perishable,Low,145.0,205.5,361.0,362339.22,1523.47,71.96666666666667
Mackerel : frozen,May,2020,Q2,218981330,Imported,Fishing,Perishable,High,145.0,205.5,361.0,362339.22,959.22,0.0
"Groundnut oil: 1 bottle, specify bottle",May,2020,Q2,218981330,North East,Crops,Non-Perishable,Low,145.0,205.5,361.0,7198345.5,601.14,4.866666666666666
Maize grain white sold loose,May,2020,Q2,218981330,North Central,Crops,Non-Perishable,Low,145.0,205.5,361.0,7198345.5,167.88,41.9
Maize grain yellow sold loose,May,2020,Q2,218981330,North Central,Crops,Non-Perishable,Low,145.0,205.5,361.0,7198345.5,169.75,41.9
"Palm oil: 1 bottle,specify bottle",May,2020,Q2,218981330,South South,Crops,Non-Perishable,Low,145.0,205.5,361.0,7198345.5,463.5,238.66666666666666
Plantain(ripe),May,2020,Q2,218981330,South East,Crops,Perishable,Medium,145.0,205.5,361.0,7198345.5,226.36,142.03333333333333
Plantain(unripe),May,2020,Q2,218981330,South East,Crops,Perishable,Medium,145.0,205.5,361.0,7198345.5,218.81,142.03333333333333
"Vegetable oil:1 bottle,specify bottle",May,2020,Q2,218981330,Imported,Crops,Non-Perishable,Low,145.0,205.5,361.0,7198345.5,554.77,0.0
Wheat flour: prepacked (golden penny 2kg),May,2020,Q2,218981330,Imported,Crops,Non-Perishable,Low,145.0,205.5,361.0,7198345.5,698.45,0.0
Agric eggs medium size,Jun,2020,Q2,219545384,South West,Livestock,Perishable,High,145.0,205.5,361.0,503341.6,472.83,180.76666666666665
Agric eggs(medium size price of one),Jun,2020,Q2,219545384,South West,Livestock,Perishable,High,145.0,205.5,361.0,503341.6,42.18,180.76666666666665
"Beans brown,sold loose",Jun,2020,Q2,219545384,North Central,Crops,Non-Perishable,Low,145.0,205.5,361.0,7198345.5,289.89,99.0
Beans:white black eye. sold loose,Jun,2020,Q2,219545384,North East,Crops,Non-Perishable,Low,145.0,205.5,361.0,7198345.5,259.39,13.533333333333333
Beef Bone in,Jun,2020,Q2,219545384,North West,Livestock,Perishable,High,145.0,205.5,361.0,503341.6,1069.85,39.26666666666667
"Beef,boneless",Jun,2020,Q2,219545384,North West,Livestock,Perishable,High,145.0,205.5,361.0,503341.6,1317.04,39.26666666666667
Bread sliced 500g,Jun,2020,Q2,219545384,South West,Crops,Perishable,Medium,145.0,205.5,361.0,7198345.5,320.1,180.76666666666665
Bread unsliced 500g,Jun,2020,Q2,219545384,South West,Crops,Perishable,Medium,145.0,205.5,361.0,7198345.5,284.51,180.76666666666665
Broken Rice (Ofada),Jun,2020,Q2,219545384,South West,Crops,Non-Perishable,Low,145.0,205.5,361.0,7198345.5,420.31,180.76666666666665
Chicken Feet,Jun,2020,Q2,219545384,South East,Livestock,Perishable,High,145.0,205.5,361.0,503341.6,712.19,194.4333333333333
Chicken Wings,Jun,2020,Q2,219545384,South East,Livestock,Perishable,High,145.0,205.5,361.0,503341.6,948.24,194.4333333333333
Evaporated tinned milk carnation 170g,Jun,2020,Q2,219545384,Imported,Imported,Non-Perishable,Low,145.0,205.5,361.0,0.0,162.85,0.0
"Evaporated tinned milk(peak), 170g",Jun,2020,Q2,219545384,Imported,Imported,Non-Perishable,Low,145.0,205.5,361.0,0.0,191.71,0.0
Frozen chicken,Jun,2020,Q2,219545384,South East,Livestock,Perishable,High,145.0,205.5,361.0,503341.6,1950.47,194.4333333333333
"Gari white,sold loose",Jun,2020,Q2,219545384,South West,Crops,Non-Perishable,Low,145.0,205.5,361.0,7198345.5,214.73,180.76666666666665
"Gari yellow,sold loose",Jun,2020,Q2,219545384,South West,Crops,Non-Perishable,Low,145.0,205.5,361.0,7198345.5,241.58,180.76666666666665
Mudfish (aro) fresh,Jun,2020,Q2,219545384,South South,Fishing,Perishable,High,145.0,205.5,361.0,362339.22,1005.84,258.56666666666666
Mudfish : dried,Jun,2020,Q2,219545384,South South,Fishing,Non-Perishable,Low,145.0,205.5,361.0,362339.22,1744.34,258.56666666666666
Onion bulb,Jun,2020,Q2,219545384,North East,Crops,Perishable,Low,145.0,205.5,361.0,7198345.5,233.24,13.533333333333333
Rice agric sold loose,Jun,2020,Q2,219545384,North Central,Crops,Non-Perishable,Low,145.0,205.5,361.0,7198345.5,394.57,99.0
Rice local sold loose,Jun,2020,Q2,219545384,North Central,Crops,Non-Perishable,Low,145.0,205.5,361.0,7198345.5,347.54,99.0
Rice Medium Grained,Jun,2020,Q2,219545384,North Central,Crops,Non-Perishable,Low,145.0,205.5,361.0,7198345.5,400.73,99.0
"Rice,imported high quality sold loose",Jun,2020,Q2,219545384,Imported,Imported,Non-Perishable,Low,145.0,205.5,361.0,0.0,479.74,0.0
Tomato,Jun,2020,Q2,219545384,North Central,Crops,Perishable,High,145.0,205.5,361.0,7198345.5,294.46,99.0
Yam tuber,Jun,2020,Q2,219545384,South East,Crops,Perishable,Medium,145.0,205.5,361.0,7198345.5,250.7,194.4333333333333
Dried Fish Sardine,Jun,2020,Q2,219545384,South South,Fishing,Non-Perishable,Low,145.0,205.5,361.0,362339.22,1455.32,258.56666666666666
Iced Sardine,Jun,2020,Q2,219545384,Imported,Fishing,Perishable,High,145.0,205.5,361.0,362339.22,1008.23,0.0
Irish potato,Jun,2020,Q2,219545384,North East,Crops,Perishable,Medium,145.0,205.5,361.0,7198345.5,324.81,13.533333333333333
Sweet potato,Jun,2020,Q2,219545384,South East,Crops,Perishable,Medium,145.0,205.5,361.0,7198345.5,171.94,194.4333333333333
Tilapia fish (epiya) fresh,Jun,2020,Q2,219545384,South South,Fishing,Perishable,High,145.0,205.5,361.0,362339.22,872.94,258.56666666666666
Titus:frozen,Jun,2020,Q2,219545384,Imported,Fishing,Perishable,High,145.0,205.5,361.0,362339.22,1018.79,0.0
Catfish (obokun) fresh,Jun,2020,Q2,219545384,South West,Fishing,Perishable,High,145.0,205.5,361.0,362339.22,1058.9,180.76666666666665
Catfish :dried,Jun,2020,Q2,219545384,South West,Fishing,Non-Perishable,Low,145.0,205.5,361.0,362339.22,1722.18,180.76666666666665
Catfish Smoked,Jun,2020,Q2,219545384,South West,Fishing,Non-Perishable,Low,145.0,205.5,361.0,362339.22,1529.88,180.76666666666665
Mackerel : frozen,Jun,2020,Q2,219545384,Imported,Fishing,Perishable,High,145.0,205.5,361.0,362339.22,976.99,0.0
"Groundnut oil: 1 bottle, specify bottle",Jun,2020,Q2,219545384,North East,Crops,Non-Perishable,Low,145.0,205.5,361.0,7198345.5,620.31,13.533333333333333
Maize grain white sold loose,Jun,2020,Q2,219545384,North Central,Crops,Non-Perishable,Low,145.0,205.5,361.0,7198345.5,178.26,99.0
Maize grain yellow sold loose,Jun,2020,Q2,219545384,North Central,Crops,Non-Perishable,Low,145.0,205.5,361.0,7198345.5,181.9,99.0
"Palm oil: 1 bottle,specify bottle",Jun,2020,Q2,219545384,South South,Crops,Non-Perishable,Low,145.0,205.5,361.0,7198345.5,473.75,258.56666666666666
Plantain(ripe),Jun,2020,Q2,219545384,South East,Crops,Perishable,Medium,145.0,205.5,361.0,7198345.5,245.86,194.4333333333333
Plantain(unripe),Jun,2020,Q2,219545384,South East,Crops,Perishable,Medium,145.0,205.5,361.0,7198345.5,238.58,194.4333333333333
"Vegetable oil:1 bottle,specify bottle",Jun,2020,Q2,219545384,Imported,Crops,Non-Perishable,Low,145.0,205.5,361.0,7198345.5,568.5,0.0
Wheat flour: prepacked (golden penny 2kg),Jun,2020,Q2,219545384,Imported,Crops,Non-Perishable,Low,145.0,205.5,361.0,7198345.5,707.31,0.0
Agric eggs medium size,Jul,2020,Q3,220110668,South West,Livestock,Perishable,High,145.0,205.5,361.0,509946.4,474.12,175.4666666666667
Agric eggs(medium size price of one),Jul,2020,Q3,220110668,South West,Livestock,Perishable,High,145.0,205.5,361.0,509946.4,42.45,175.4666666666667
"Beans brown,sold loose",Jul,2020,Q3,220110668,North Central,Crops,Non-Perishable,Low,145.0,205.5,361.0,10192217.0,300.26,254.03333333333333
Beans:white black eye. sold loose,Jul,2020,Q3,220110668,North East,Crops,Non-Perishable,Low,145.0,205.5,361.0,10192217.0,268.38,102.2
Beef Bone in,Jul,2020,Q3,220110668,North West,Livestock,Perishable,High,145.0,205.5,361.0,509946.4,1075.68,120.5
"Beef,boneless",Jul,2020,Q3,220110668,North West,Livestock,Perishable,High,145.0,205.5,361.0,509946.4,1330.83,120.5
Bread sliced 500g,Jul,2020,Q3,220110668,South West,Crops,Perishable,Medium,145.0,205.5,361.0,10192217.0,318.56,175.4666666666667
Bread unsliced 500g,Jul,2020,Q3,220110668,South West,Crops,Perishable,Medium,145.0,205.5,361.0,10192217.0,287.74,175.4666666666667
Broken Rice (Ofada),Jul,2020,Q3,220110668,South West,Crops,Non-Perishable,Low,145.0,205.5,361.0,10192217.0,426.36,175.4666666666667
Chicken Feet,Jul,2020,Q3,220110668,South East,Livestock,Perishable,High,145.0,205.5,361.0,509946.4,715.89,333.1333333333333
Chicken Wings,Jul,2020,Q3,220110668,South East,Livestock,Perishable,High,145.0,205.5,361.0,509946.4,953.89,333.1333333333333
Evaporated tinned milk carnation 170g,Jul,2020,Q3,220110668,Imported,Imported,Non-Perishable,Low,145.0,205.5,361.0,0.0,163.74,0.0
"Evaporated tinned milk(peak), 170g",Jul,2020,Q3,220110668,Imported,Imported,Non-Perishable,Low,145.0,205.5,361.0,0.0,193.03,0.0
Frozen chicken,Jul,2020,Q3,220110668,South East,Livestock,Perishable,High,145.0,205.5,361.0,509946.4,1955.54,333.1333333333333
"Gari white,sold loose",Jul,2020,Q3,220110668,South West,Crops,Non-Perishable,Low,145.0,205.5,361.0,10192217.0,222.47,175.4666666666667
"Gari yellow,sold loose",Jul,2020,Q3,220110668,South West,Crops,Non-Perishable,Low,145.0,205.5,361.0,10192217.0,255.1,175.4666666666667
Mudfish (aro) fresh,Jul,2020,Q3,220110668,South South,Fishing,Perishable,High,145.0,205.5,361.0,334665.47,1009.02,494.9333333333334
Mudfish : dried,Jul,2020,Q3,220110668,South South,Fishing,Non-Perishable,Low,145.0,205.5,361.0,334665.47,1743.76,494.9333333333334
Onion bulb,Jul,2020,Q3,220110668,North East,Crops,Perishable,Low,145.0,205.5,361.0,10192217.0,238.65,102.2
Rice agric sold loose,Jul,2020,Q3,220110668,North Central,Crops,Non-Perishable,Low,145.0,205.5,361.0,10192217.0,405.97,254.03333333333333
Rice local sold loose,Jul,2020,Q3,220110668,North Central,Crops,Non-Perishable,Low,145.0,205.5,361.0,10192217.0,362.97,254.03333333333333
Rice Medium Grained,Jul,2020,Q3,220110668,North Central,Crops,Non-Perishable,Low,145.0,205.5,361.0,10192217.0,410.69,254.03333333333333
"Rice,imported high quality sold loose",Jul,2020,Q3,220110668,Imported,Imported,Non-Perishable,Low,145.0,205.5,361.0,0.0,490.44,0.0
Tomato,Jul,2020,Q3,220110668,North Central,Crops,Perishable,High,145.0,205.5,361.0,10192217.0,304.01,254.03333333333333
Yam tuber,Jul,2020,Q3,220110668,South East,Crops,Perishable,Medium,145.0,205.5,361.0,10192217.0,256.44,333.1333333333333
Dried Fish Sardine,Jul,2020,Q3,220110668,South South,Fishing,Non-Perishable,Low,145.0,205.5,361.0,334665.47,1466.13,494.9333333333334
Iced Sardine,Jul,2020,Q3,220110668,Imported,Fishing,Perishable,High,145.0,205.5,361.0,334665.47,1005.46,0.0
Irish potato,Jul,2020,Q3,220110668,North East,Crops,Perishable,Medium,145.0,205.5,361.0,10192217.0,328.07,102.2
Sweet potato,Jul,2020,Q3,220110668,South East,Crops,Perishable,Medium,145.0,205.5,361.0,10192217.0,177.17,333.1333333333333
Tilapia fish (epiya) fresh,Jul,2020,Q3,220110668,South South,Fishing,Perishable,High,145.0,205.5,361.0,334665.47,872.74,494.9333333333334
Titus:frozen,Jul,2020,Q3,220110668,Imported,Fishing,Perishable,High,145.0,205.5,361.0,334665.47,1021.08,0.0
Catfish (obokun) fresh,Jul,2020,Q3,220110668,South West,Fishing,Perishable,High,145.0,205.5,361.0,334665.47,1061.25,175.4666666666667
Catfish :dried,Jul,2020,Q3,220110668,South West,Fishing,Non-Perishable,Low,145.0,205.5,361.0,334665.47,1677.22,175.4666666666667
Catfish Smoked,Jul,2020,Q3,220110668,South West,Fishing,Non-Perishable,Low,145.0,205.5,361.0,334665.47,1536.03,175.4666666666667
Mackerel : frozen,Jul,2020,Q3,220110668,Imported,Fishing,Perishable,High,145.0,205.5,361.0,334665.47,989.44,0.0
"Groundnut oil: 1 bottle, specify bottle",Jul,2020,Q3,220110668,North East,Crops,Non-Perishable,Low,145.0,205.5,361.0,10192217.0,623.09,102.2
Maize grain white sold loose,Jul,2020,Q3,220110668,North Central,Crops,Non-Perishable,Low,145.0,205.5,361.0,10192217.0,190.0,254.03333333333333
Maize grain yellow sold loose,Jul,2020,Q3,220110668,North Central,Crops,Non-Perishable,Low,145.0,205.5,361.0,10192217.0,191.64,254.03333333333333
"Palm oil: 1 bottle,specify bottle",Jul,2020,Q3,220110668,South South,Crops,Non-Perishable,Low,145.0,205.5,361.0,10192217.0,486.25,494.9333333333334
Plantain(ripe),Jul,2020,Q3,220110668,South East,Crops,Perishable,Medium,145.0,205.5,361.0,10192217.0,245.04,333.1333333333333
Plantain(unripe),Jul,2020,Q3,220110668,South East,Crops,Perishable,Medium,145.0,205.5,361.0,10192217.0,237.18,333.1333333333333
"Vegetable oil:1 bottle,specify bottle",Jul,2020,Q3,220110668,Imported,Crops,Non-Perishable,Low,145.0,205.5,361.0,10192217.0,576.89,0.0
Wheat flour: prepacked (golden penny 2kg),Jul,2020,Q3,220110668,Imported,Crops,Non-Perishable,Low,145.0,205.5,361.0,10192217.0,712.95,0.0
Agric eggs medium size,Aug,2020,Q3,220677185,South West,Livestock,Perishable,High,145.0,205.5,380.0,509946.4,478.97,55.93333333333334
Agric eggs(medium size price of one),Aug,2020,Q3,220677185,South West,Livestock,Perishable,High,145.0,205.5,380.0,509946.4,42.78,55.93333333333334
"Beans brown,sold loose",Aug,2020,Q3,220677185,North Central,Crops,Non-Perishable,Low,145.0,205.5,380.0,10192217.0,305.43,137.5
Beans:white black eye. sold loose,Aug,2020,Q3,220677185,North East,Crops,Non-Perishable,Low,145.0,205.5,380.0,10192217.0,274.8,211.76666666666665
Beef Bone in,Aug,2020,Q3,220677185,North West,Livestock,Perishable,High,145.0,205.5,380.0,509946.4,1064.27,268.06666666666666
"Beef,boneless",Aug,2020,Q3,220677185,North West,Livestock,Perishable,High,145.0,205.5,380.0,509946.4,1339.74,268.06666666666666
Bread sliced 500g,Aug,2020,Q3,220677185,South West,Crops,Perishable,Medium,145.0,205.5,380.0,10192217.0,312.74,55.93333333333334
Bread unsliced 500g,Aug,2020,Q3,220677185,South West,Crops,Perishable,Medium,145.0,205.5,380.0,10192217.0,283.97,55.93333333333334
Broken Rice (Ofada),Aug,2020,Q3,220677185,South West,Crops,Non-Perishable,Low,145.0,205.5,380.0,10192217.0,429.81,55.93333333333334
Chicken Feet,Aug,2020,Q3,220677185,South East,Livestock,Perishable,High,145.0,205.5,380.0,509946.4,724.19,105.46666666666665
Chicken Wings,Aug,2020,Q3,220677185,South East,Livestock,Perishable,High,145.0,205.5,380.0,509946.4,940.13,105.46666666666665
Evaporated tinned milk carnation 170g,Aug,2020,Q3,220677185,Imported,Imported,Non-Perishable,Low,145.0,205.5,380.0,0.0,162.23,0.0
"Evaporated tinned milk(peak), 170g",Aug,2020,Q3,220677185,Imported,Imported,Non-Perishable,Low,145.0,205.5,380.0,0.0,194.11,0.0
Frozen chicken,Aug,2020,Q3,220677185,South East,Livestock,Perishable,High,145.0,205.5,380.0,509946.4,1948.12,105.46666666666665
"Gari white,sold loose",Aug,2020,Q3,220677185,South West,Crops,Non-Perishable,Low,145.0,205.5,380.0,10192217.0,224.53,55.93333333333334
"Gari yellow,sold loose",Aug,2020,Q3,220677185,South West,Crops,Non-Perishable,Low,145.0,205.5,380.0,10192217.0,253.02,55.93333333333334
Mudfish (aro) fresh,Aug,2020,Q3,220677185,South South,Fishing,Perishable,High,145.0,205.5,380.0,334665.47,1002.45,102.56666666666666
Mudfish : dried,Aug,2020,Q3,220677185,South South,Fishing,Non-Perishable,Low,145.0,205.5,380.0,334665.47,1742.48,102.56666666666666
Onion bulb,Aug,2020,Q3,220677185,North East,Crops,Perishable,Low,145.0,205.5,380.0,10192217.0,241.97,211.76666666666665
Rice agric sold loose,Aug,2020,Q3,220677185,North Central,Crops,Non-Perishable,Low,145.0,205.5,380.0,10192217.0,413.13,137.5
Rice local sold loose,Aug,2020,Q3,220677185,North Central,Crops,Non-Perishable,Low,145.0,205.5,380.0,10192217.0,375.08,137.5
Rice Medium Grained,Aug,2020,Q3,220677185,North Central,Crops,Non-Perishable,Low,145.0,205.5,380.0,10192217.0,415.43,137.5
"Rice,imported high quality sold loose",Aug,2020,Q3,220677185,Imported,Imported,Non-Perishable,Low,145.0,205.5,380.0,0.0,501.71,0.0
Tomato,Aug,2020,Q3,220677185,North Central,Crops,Perishable,High,145.0,205.5,380.0,10192217.0,289.86,137.5
Yam tuber,Aug,2020,Q3,220677185,South East,Crops,Perishable,Medium,145.0,205.5,380.0,10192217.0,256.06,105.46666666666665
Dried Fish Sardine,Aug,2020,Q3,220677185,South South,Fishing,Non-Perishable,Low,145.0,205.5,380.0,334665.47,1466.66,102.56666666666666
Iced Sardine,Aug,2020,Q3,220677185,Imported,Fishing,Perishable,High,145.0,205.5,380.0,334665.47,1005.58,0.0
Irish potato,Aug,2020,Q3,220677185,North East,Crops,Perishable,Medium,145.0,205.5,380.0,10192217.0,320.45,211.76666666666665
Sweet potato,Aug,2020,Q3,220677185,South East,Crops,Perishable,Medium,145.0,205.5,380.0,10192217.0,173.11,105.46666666666665
Tilapia fish (epiya) fresh,Aug,2020,Q3,220677185,South South,Fishing,Perishable,High,145.0,205.5,380.0,334665.47,855.5,102.56666666666666
Titus:frozen,Aug,2020,Q3,220677185,Imported,Fishing,Perishable,High,145.0,205.5,380.0,334665.47,1022.7,0.0
Catfish (obokun) fresh,Aug,2020,Q3,220677185,South West,Fishing,Perishable,High,145.0,205.5,380.0,334665.47,1056.58,55.93333333333334
Catfish :dried,Aug,2020,Q3,220677185,South West,Fishing,Non-Perishable,Low,145.0,205.5,380.0,334665.47,1711.18,55.93333333333334
Catfish Smoked,Aug,2020,Q3,220677185,South West,Fishing,Non-Perishable,Low,145.0,205.5,380.0,334665.47,1526.12,55.93333333333334
Mackerel : frozen,Aug,2020,Q3,220677185,Imported,Fishing,Perishable,High,145.0,205.5,380.0,334665.47,997.01,0.0
"Groundnut oil: 1 bottle, specify bottle",Aug,2020,Q3,220677185,North East,Crops,Non-Perishable,Low,145.0,205.5,380.0,10192217.0,626.69,211.76666666666665
Maize grain white sold loose,Aug,2020,Q3,220677185,North Central,Crops,Non-Perishable,Low,145.0,205.5,380.0,10192217.0,189.53,137.5
Maize grain yellow sold loose,Aug,2020,Q3,220677185,North Central,Crops,Non-Perishable,Low,145.0,205.5,380.0,10192217.0,192.43,137.5
"Palm oil: 1 bottle,specify bottle",Aug,2020,Q3,220677185,South South,Crops,Non-Perishable,Low,145.0,205.5,380.0,10192217.0,499.67,102.56666666666666
Plantain(ripe),Aug,2020,Q3,220677185,South East,Crops,Perishable,Medium,145.0,205.5,380.0,10192217.0,242.78,105.46666666666665
Plantain(unripe),Aug,2020,Q3,220677185,South East,Crops,Perishable,Medium,145.0,205.5,380.0,10192217.0,233.5,105.46666666666665
"Vegetable oil:1 bottle,specify bottle",Aug,2020,Q3,220677185,Imported,Crops,Non-Perishable,Low,145.0,205.5,380.0,10192217.0,583.76,0.0
Wheat flour: prepacked (golden penny 2kg),Aug,2020,Q3,220677185,Imported,Crops,Non-Perishable,Low,145.0,205.5,380.0,10192217.0,718.39,0.0
Agric eggs medium size,Sep,2020,Q3,221244938,South West,Livestock,Perishable,High,145.0,205.5,380.0,509946.4,480.76,229.86666666666667
Agric eggs(medium size price of one),Sep,2020,Q3,221244938,South West,Livestock,Perishable,High,145.0,205.5,380.0,509946.4,42.9,229.86666666666667
"Beans brown,sold loose",Sep,2020,Q3,221244938,North Central,Crops,Non-Perishable,Low,145.0,205.5,380.0,10192217.0,312.66,222.80000000000004
Beans:white black eye. sold loose,Sep,2020,Q3,221244938,North East,Crops,Non-Perishable,Low,145.0,205.5,380.0,10192217.0,284.87,94.60000000000001
Beef Bone in,Sep,2020,Q3,221244938,North West,Livestock,Perishable,High,145.0,205.5,380.0,509946.4,1070.44,111.23333333333333
"Beef,boneless",Sep,2020,Q3,221244938,North West,Livestock,Perishable,High,145.0,205.5,380.0,509946.4,1351.66,111.23333333333333
Bread sliced 500g,Sep,2020,Q3,221244938,South West,Crops,Perishable,Medium,145.0,205.5,380.0,10192217.0,318.11,229.86666666666667
Bread unsliced 500g,Sep,2020,Q3,221244938,South West,Crops,Perishable,Medium,145.0,205.5,380.0,10192217.0,291.04,229.86666666666667
Broken Rice (Ofada),Sep,2020,Q3,221244938,South West,Crops,Non-Perishable,Low,145.0,205.5,380.0,10192217.0,442.77,229.86666666666667
Chicken Feet,Sep,2020,Q3,221244938,South East,Livestock,Perishable,High,145.0,205.5,380.0,509946.4,715.44,424.3
Chicken Wings,Sep,2020,Q3,221244938,South East,Livestock,Perishable,High,145.0,205.5,380.0,509946.4,962.13,424.3
Evaporated tinned milk carnation 170g,Sep,2020,Q3,221244938,Imported,Imported,Non-Perishable,Low,145.0,205.5,380.0,0.0,163.8,0.0
"Evaporated tinned milk(peak), 170g",Sep,2020,Q3,221244938,Imported,Imported,Non-Perishable,Low,145.0,205.5,380.0,0.0,195.58,0.0
Frozen chicken,Sep,2020,Q3,221244938,South East,Livestock,Perishable,High,145.0,205.5,380.0,509946.4,1931.95,424.3
"Gari white,sold loose",Sep,2020,Q3,221244938,South West,Crops,Non-Perishable,Low,145.0,205.5,380.0,10192217.0,235.77,229.86666666666667
"Gari yellow,sold loose",Sep,2020,Q3,221244938,South West,Crops,Non-Perishable,Low,145.0,205.5,380.0,10192217.0,263.57,229.86666666666667
Mudfish (aro) fresh,Sep,2020,Q3,221244938,South South,Fishing,Perishable,High,145.0,205.5,380.0,334665.47,1006.22,428.43333333333334
Mudfish : dried,Sep,2020,Q3,221244938,South South,Fishing,Non-Perishable,Low,145.0,205.5,380.0,334665.47,1751.89,428.43333333333334
Onion bulb,Sep,2020,Q3,221244938,North East,Crops,Perishable,Low,145.0,205.5,380.0,10192217.0,244.75,94.60000000000001
Rice agric sold loose,Sep,2020,Q3,221244938,North Central,Crops,Non-Perishable,Low,145.0,205.5,380.0,10192217.0,425.79,222.80000000000004
Rice local sold loose,Sep,2020,Q3,221244938,North Central,Crops,Non-Perishable,Low,145.0,205.5,380.0,10192217.0,390.68,222.80000000000004
Rice Medium Grained,Sep,2020,Q3,221244938,North Central,Crops,Non-Perishable,Low,145.0,205.5,380.0,10192217.0,423.04,222.80000000000004
"Rice,imported high quality sold loose",Sep,2020,Q3,221244938,Imported,Imported,Non-Perishable,Low,145.0,205.5,380.0,0.0,516.13,0.0
Tomato,Sep,2020,Q3,221244938,North Central,Crops,Perishable,High,145.0,205.5,380.0,10192217.0,286.92,222.80000000000004
Yam tuber,Sep,2020,Q3,221244938,South East,Crops,Perishable,Medium,145.0,205.5,380.0,10192217.0,245.62,424.3
Dried Fish Sardine,Sep,2020,Q3,221244938,South South,Fishing,Non-Perishable,Low,145.0,205.5,380.0,334665.47,1477.56,428.43333333333334
Iced Sardine,Sep,2020,Q3,221244938,Imported,Fishing,Perishable,High,145.0,205.5,380.0,334665.47,1022.67,0.0
Irish potato,Sep,2020,Q3,221244938,North East,Crops,Perishable,Medium,145.0,205.5,380.0,10192217.0,309.1,94.60000000000001
Sweet potato,Sep,2020,Q3,221244938,South East,Crops,Perishable,Medium,145.0,205.5,380.0,10192217.0,165.3,424.3
Tilapia fish (epiya) fresh,Sep,2020,Q3,221244938,South South,Fishing,Perishable,High,145.0,205.5,380.0,334665.47,858.54,428.43333333333334
Titus:frozen,Sep,2020,Q3,221244938,Imported,Fishing,Perishable,High,145.0,205.5,380.0,334665.47,1032.75,0.0
Catfish (obokun) fresh,Sep,2020,Q3,221244938,South West,Fishing,Perishable,High,145.0,205.5,380.0,334665.47,1053.62,229.86666666666667
Catfish :dried,Sep,2020,Q3,221244938,South West,Fishing,Non-Perishable,Low,145.0,205.5,380.0,334665.47,1718.53,229.86666666666667
Catfish Smoked,Sep,2020,Q3,221244938,South West,Fishing,Non-Perishable,Low,145.0,205.5,380.0,334665.47,1529.47,229.86666666666667
Mackerel : frozen,Sep,2020,Q3,221244938,Imported,Fishing,Perishable,High,145.0,205.5,380.0,334665.47,1004.58,0.0
"Groundnut oil: 1 bottle, specify bottle",Sep,2020,Q3,221244938,North East,Crops,Non-Perishable,Low,145.0,205.5,380.0,10192217.0,633.39,94.60000000000001
Maize grain white sold loose,Sep,2020,Q3,221244938,North Central,Crops,Non-Perishable,Low,145.0,205.5,380.0,10192217.0,196.98,222.80000000000004
Maize grain yellow sold loose,Sep,2020,Q3,221244938,North Central,Crops,Non-Perishable,Low,145.0,205.5,380.0,10192217.0,201.33,222.80000000000004
"Palm oil: 1 bottle,specify bottle",Sep,2020,Q3,221244938,South South,Crops,Non-Perishable,Low,145.0,205.5,380.0,10192217.0,505.32,428.43333333333334
Plantain(ripe),Sep,2020,Q3,221244938,South East,Crops,Perishable,Medium,145.0,205.5,380.0,10192217.0,244.37,424.3
Plantain(unripe),Sep,2020,Q3,221244938,South East,Crops,Perishable,Medium,145.0,205.5,380.0,10192217.0,236.28,424.3
"Vegetable oil:1 bottle,specify bottle",Sep,2020,Q3,221244938,Imported,Crops,Non-Perishable,Low,145.0,205.5,380.0,10192217.0,589.28,0.0
Wheat flour: prepacked (golden penny 2kg),Sep,2020,Q3,221244938,Imported,Crops,Non-Perishable,Low,145.0,205.5,380.0,10192217.0,730.23,0.0
Agric eggs medium size,Oct,2020,Q4,221813931,South West,Livestock,Perishable,High,145.0,205.5,380.0,598535.0,487.81,92.56666666666666
Agric eggs(medium size price of one),Oct,2020,Q4,221813931,South West,Livestock,Perishable,High,145.0,205.5,380.0,598535.0,43.72,92.56666666666666
"Beans brown,sold loose",Oct,2020,Q4,221813931,North Central,Crops,Non-Perishable,Low,145.0,205.5,380.0,9376328.0,326.88,49.666666666666664
Beans:white black eye. sold loose,Oct,2020,Q4,221813931,North East,Crops,Non-Perishable,Low,145.0,205.5,380.0,9376328.0,300.37,6.833333333333333
Beef Bone in,Oct,2020,Q4,221813931,North West,Livestock,Perishable,High,145.0,205.5,380.0,598535.0,1083.35,16.7
"Beef,boneless",Oct,2020,Q4,221813931,North West,Livestock,Perishable,High,145.0,205.5,380.0,598535.0,1380.14,16.7
Bread sliced 500g,Oct,2020,Q4,221813931,South West,Crops,Perishable,Medium,145.0,205.5,380.0,9376328.0,322.61,92.56666666666666
Bread unsliced 500g,Oct,2020,Q4,221813931,South West,Crops,Perishable,Medium,145.0,205.5,380.0,9376328.0,298.73,92.56666666666666
Broken Rice (Ofada),Oct,2020,Q4,221813931,South West,Crops,Non-Perishable,Low,145.0,205.5,380.0,9376328.0,452.21,92.56666666666666
Chicken Feet,Oct,2020,Q4,221813931,South East,Livestock,Perishable,High,145.0,205.5,380.0,598535.0,720.5,173.73333333333335
Chicken Wings,Oct,2020,Q4,221813931,South East,Livestock,Perishable,High,145.0,205.5,380.0,598535.0,972.26,173.73333333333335
Evaporated tinned milk carnation 170g,Oct,2020,Q4,221813931,Imported,Imported,Non-Perishable,Low,145.0,205.5,380.0,0.0,164.35,0.0
"Evaporated tinned milk(peak), 170g",Oct,2020,Q4,221813931,Imported,Imported,Non-Perishable,Low,145.0,205.5,380.0,0.0,195.03,0.0
Frozen chicken,Oct,2020,Q4,221813931,South East,Livestock,Perishable,High,145.0,205.5,380.0,598535.0,1932.96,173.73333333333335
"Gari white,sold loose",Oct,2020,Q4,221813931,South West,Crops,Non-Perishable,Low,145.0,205.5,380.0,9376328.0,244.96,92.56666666666666
"Gari yellow,sold loose",Oct,2020,Q4,221813931,South West,Crops,Non-Perishable,Low,145.0,205.5,380.0,9376328.0,275.01,92.56666666666666
Mudfish (aro) fresh,Oct,2020,Q4,221813931,South South,Fishing,Perishable,High,145.0,205.5,380.0,502537.56,1016.97,429.3999999999999
Mudfish : dried,Oct,2020,Q4,221813931,South South,Fishing,Non-Perishable,Low,145.0,205.5,380.0,502537.56,1760.9,429.3999999999999
Onion bulb,Oct,2020,Q4,221813931,North East,Crops,Perishable,Low,145.0,205.5,380.0,9376328.0,270.6,6.833333333333333
Rice agric sold loose,Oct,2020,Q4,221813931,North Central,Crops,Non-Perishable,Low,145.0,205.5,380.0,9376328.0,434.41,49.666666666666664
Rice local sold loose,Oct,2020,Q4,221813931,North Central,Crops,Non-Perishable,Low,145.0,205.5,380.0,9376328.0,400.47,49.666666666666664
Rice Medium Grained,Oct,2020,Q4,221813931,North Central,Crops,Non-Perishable,Low,145.0,205.5,380.0,9376328.0,434.96,49.666666666666664
"Rice,imported high quality sold loose",Oct,2020,Q4,221813931,Imported,Imported,Non-Perishable,Low,145.0,205.5,380.0,0.0,530.32,0.0
Tomato,Oct,2020,Q4,221813931,North Central,Crops,Perishable,High,145.0,205.5,380.0,9376328.0,307.63,49.666666666666664
Yam tuber,Oct,2020,Q4,221813931,South East,Crops,Perishable,Medium,145.0,205.5,380.0,9376328.0,242.87,173.73333333333335
Dried Fish Sardine,Oct,2020,Q4,221813931,South South,Fishing,Non-Perishable,Low,145.0,205.5,380.0,502537.56,1479.87,429.3999999999999
Iced Sardine,Oct,2020,Q4,221813931,Imported,Fishing,Perishable,High,145.0,205.5,380.0,502537.56,1028.48,0.0
Irish potato,Oct,2020,Q4,221813931,North East,Crops,Perishable,Medium,145.0,205.5,380.0,9376328.0,318.96,6.833333333333333
Sweet potato,Oct,2020,Q4,221813931,South East,Crops,Perishable,Medium,145.0,205.5,380.0,9376328.0,163.51,173.73333333333335
Tilapia fish (epiya) fresh,Oct,2020,Q4,221813931,South South,Fishing,Perishable,High,145.0,205.5,380.0,502537.56,869.77,429.3999999999999
Titus:frozen,Oct,2020,Q4,221813931,Imported,Fishing,Perishable,High,145.0,205.5,380.0,502537.56,1051.36,0.0
Catfish (obokun) fresh,Oct,2020,Q4,221813931,South West,Fishing,Perishable,High,145.0,205.5,380.0,502537.56,1063.5,92.56666666666666
Catfish :dried,Oct,2020,Q4,221813931,South West,Fishing,Non-Perishable,Low,145.0,205.5,380.0,502537.56,1728.81,92.56666666666666
Catfish Smoked,Oct,2020,Q4,221813931,South West,Fishing,Non-Perishable,Low,145.0,205.5,380.0,502537.56,1535.5,92.56666666666666
Mackerel : frozen,Oct,2020,Q4,221813931,Imported,Fishing,Perishable,High,145.0,205.5,380.0,502537.56,1015.06,0.0
"Groundnut oil: 1 bottle, specify bottle",Oct,2020,Q4,221813931,North East,Crops,Non-Perishable,Low,145.0,205.5,380.0,9376328.0,646.04,6.833333333333333
Maize grain white sold loose,Oct,2020,Q4,221813931,North Central,Crops,Non-Perishable,Low,145.0,205.5,380.0,9376328.0,202.24,49.666666666666664
Maize grain yellow sold loose,Oct,2020,Q4,221813931,North Central,Crops,Non-Perishable,Low,145.0,205.5,380.0,9376328.0,204.73,49.666666666666664
"Palm oil: 1 bottle,specify bottle",Oct,2020,Q4,221813931,South South,Crops,Non-Perishable,Low,145.0,205.5,380.0,9376328.0,515.26,429.3999999999999
Plantain(ripe),Oct,2020,Q4,221813931,South East,Crops,Perishable,Medium,145.0,205.5,380.0,9376328.0,240.64,173.73333333333335
Plantain(unripe),Oct,2020,Q4,221813931,South East,Crops,Perishable,Medium,145.0,205.5,380.0,9376328.0,225.83,173.73333333333335
"Vegetable oil:1 bottle,specify bottle",Oct,2020,Q4,221813931,Imported,Crops,Non-Perishable,Low,145.0,205.5,380.0,9376328.0,602.96,0.0
Wheat flour: prepacked (golden penny 2kg),Oct,2020,Q4,221813931,Imported,Crops,Non-Perishable,Low,145.0,205.5,380.0,9376328.0,740.89,0.0
Agric eggs medium size,Nov,2020,Q4,222384168,South West,Livestock,Perishable,High,145.0,205.5,380.0,598535.0,494.72,28.36666666666667
Agric eggs(medium size price of one),Nov,2020,Q4,222384168,South West,Livestock,Perishable,High,145.0,205.5,380.0,598535.0,44.75,28.36666666666667
"Beans brown,sold loose",Nov,2020,Q4,222384168,North Central,Crops,Non-Perishable,Low,145.0,205.5,380.0,9376328.0,334.66,0.26666666666666666
Beans:white black eye. sold loose,Nov,2020,Q4,222384168,North East,Crops,Non-Perishable,Low,145.0,205.5,380.0,9376328.0,308.36,0.0
Beef Bone in,Nov,2020,Q4,222384168,North West,Livestock,Perishable,High,145.0,205.5,380.0,598535.0,1081.17,0.0
"Beef,boneless",Nov,2020,Q4,222384168,North West,Livestock,Perishable,High,145.0,205.5,380.0,598535.0,1393.77,0.0
Bread sliced 500g,Nov,2020,Q4,222384168,South West,Crops,Perishable,Medium,145.0,205.5,380.0,9376328.0,328.52,28.36666666666667
Bread unsliced 500g,Nov,2020,Q4,222384168,South West,Crops,Perishable,Medium,145.0,205.5,380.0,9376328.0,307.01,28.36666666666667
Broken Rice (Ofada),Nov,2020,Q4,222384168,South West,Crops,Non-Perishable,Low,145.0,205.5,380.0,9376328.0,462.55,28.36666666666667
Chicken Feet,Nov,2020,Q4,222384168,South East,Livestock,Perishable,High,145.0,205.5,380.0,598535.0,729.14,30.5
Chicken Wings,Nov,2020,Q4,222384168,South East,Livestock,Perishable,High,145.0,205.5,380.0,598535.0,978.41,30.5
Evaporated tinned milk carnation 170g,Nov,2020,Q4,222384168,Imported,Imported,Non-Perishable,Low,145.0,205.5,380.0,0.0,166.06,0.0
"Evaporated tinned milk(peak), 170g",Nov,2020,Q4,222384168,Imported,Imported,Non-Perishable,Low,145.0,205.5,380.0,0.0,197.45,0.0
Frozen chicken,Nov,2020,Q4,222384168,South East,Livestock,Perishable,High,145.0,205.5,380.0,598535.0,1936.97,30.5
"Gari white,sold loose",Nov,2020,Q4,222384168,South West,Crops,Non-Perishable,Low,145.0,205.5,380.0,9376328.0,241.25,28.36666666666667
"Gari yellow,sold loose",Nov,2020,Q4,222384168,South West,Crops,Non-Perishable,Low,145.0,205.5,380.0,9376328.0,268.05,28.36666666666667
Mudfish (aro) fresh,Nov,2020,Q4,222384168,South South,Fishing,Perishable,High,145.0,205.5,380.0,502537.56,1021.72,159.33333333333334
Mudfish : dried,Nov,2020,Q4,222384168,South South,Fishing,Non-Perishable,Low,145.0,205.5,380.0,502537.56,1750.96,159.33333333333334
Onion bulb,Nov,2020,Q4,222384168,North East,Crops,Perishable,Low,145.0,205.5,380.0,9376328.0,379.39,0.0
Rice agric sold loose,Nov,2020,Q4,222384168,North Central,Crops,Non-Perishable,Low,145.0,205.5,380.0,9376328.0,450.09,0.26666666666666666
Rice local sold loose,Nov,2020,Q4,222384168,North Central,Crops,Non-Perishable,Low,145.0,205.5,380.0,9376328.0,404.61,0.26666666666666666
Rice Medium Grained,Nov,2020,Q4,222384168,North Central,Crops,Non-Perishable,Low,145.0,205.5,380.0,9376328.0,444.94,0.26666666666666666
"Rice,imported high quality sold loose",Nov,2020,Q4,222384168,Imported,Imported,Non-Perishable,Low,145.0,205.5,380.0,0.0,549.98,0.0
Tomato,Nov,2020,Q4,222384168,North Central,Crops,Perishable,High,145.0,205.5,380.0,9376328.0,316.16,0.26666666666666666
Yam tuber,Nov,2020,Q4,222384168,South East,Crops,Perishable,Medium,145.0,205.5,380.0,9376328.0,236.25,30.5
Dried Fish Sardine,Nov,2020,Q4,222384168,South South,Fishing,Non-Perishable,Low,145.0,205.5,380.0,502537.56,1479.84,159.33333333333334
Iced Sardine,Nov,2020,Q4,222384168,Imported,Fishing,Perishable,High,145.0,205.5,380.0,502537.56,1014.92,0.0
Irish potato,Nov,2020,Q4,222384168,North East,Crops,Perishable,Medium,145.0,205.5,380.0,9376328.0,319.48,0.0
Sweet potato,Nov,2020,Q4,222384168,South East,Crops,Perishable,Medium,145.0,205.5,380.0,9376328.0,160.89,30.5
Tilapia fish (epiya) fresh,Nov,2020,Q4,222384168,South South,Fishing,Perishable,High,145.0,205.5,380.0,502537.56,869.15,159.33333333333334
Titus:frozen,Nov,2020,Q4,222384168,Imported,Fishing,Perishable,High,145.0,205.5,380.0,502537.56,1052.31,0.0
Catfish (obokun) fresh,Nov,2020,Q4,222384168,South West,Fishing,Perishable,High,145.0,205.5,380.0,502537.56,1066.15,28.36666666666667
Catfish :dried,Nov,2020,Q4,222384168,South West,Fishing,Non-Perishable,Low,145.0,205.5,380.0,502537.56,1725.47,28.36666666666667
Catfish Smoked,Nov,2020,Q4,222384168,South West,Fishing,Non-Perishable,Low,145.0,205.5,380.0,502537.56,1537.3,28.36666666666667
Mackerel : frozen,Nov,2020,Q4,222384168,Imported,Fishing,Perishable,High,145.0,205.5,380.0,502537.56,1028.03,0.0
"Groundnut oil: 1 bottle, specify bottle",Nov,2020,Q4,222384168,North East,Crops,Non-Perishable,Low,145.0,205.5,380.0,9376328.0,656.76,0.0
Maize grain white sold loose,Nov,2020,Q4,222384168,North Central,Crops,Non-Perishable,Low,145.0,205.5,380.0,9376328.0,204.95,0.26666666666666666
Maize grain yellow sold loose,Nov,2020,Q4,222384168,North Central,Crops,Non-Perishable,Low,145.0,205.5,380.0,9376328.0,204.38,0.26666666666666666
"Palm oil: 1 bottle,specify bottle",Nov,2020,Q4,222384168,South South,Crops,Non-Perishable,Low,145.0,205.5,380.0,9376328.0,542.85,159.33333333333334
Plantain(ripe),Nov,2020,Q4,222384168,South East,Crops,Perishable,Medium,145.0,205.5,380.0,9376328.0,238.94,30.5
Plantain(unripe),Nov,2020,Q4,222384168,South East,Crops,Perishable,Medium,145.0,205.5,380.0,9376328.0,216.19,30.5
"Vegetable oil:1 bottle,specify bottle",Nov,2020,Q4,222384168,Imported,Crops,Non-Perishable,Low,145.0,205.5,380.0,9376328.0,630.86,0.0
Wheat flour: prepacked (golden penny 2kg),Nov,2020,Q4,222384168,Imported,Crops,Non-Perishable,Low,145.0,205.5,380.0,9376328.0,749.99,0.0
Agric eggs medium size,Dec,2020,Q4,222955654,South West,Livestock,Perishable,High,145.0,205.5,380.0,598535.0,499.55,10.6
Agric eggs(medium size price of one),Dec,2020,Q4,222955654,South West,Livestock,Perishable,High,145.0,205.5,380.0,598535.0,45.4,10.6
"Beans brown,sold loose",Dec,2020,Q4,222955654,North Central,Crops,Non-Perishable,Low,145.0,205.5,380.0,9376328.0,336.24,0.0
Beans:white black eye. sold loose,Dec,2020,Q4,222955654,North East,Crops,Non-Perishable,Low,145.0,205.5,380.0,9376328.0,309.07,0.0
Beef Bone in,Dec,2020,Q4,222955654,North West,Livestock,Perishable,High,145.0,205.5,380.0,598535.0,1083.14,0.0
"Beef,boneless",Dec,2020,Q4,222955654,North West,Livestock,Perishable,High,145.0,205.5,380.0,598535.0,1405.72,0.0
Bread sliced 500g,Dec,2020,Q4,222955654,South West,Crops,Perishable,Medium,145.0,205.5,380.0,9376328.0,327.17,10.6
Bread unsliced 500g,Dec,2020,Q4,222955654,South West,Crops,Perishable,Medium,145.0,205.5,380.0,9376328.0,304.51,10.6
Broken Rice (Ofada),Dec,2020,Q4,222955654,South West,Crops,Non-Perishable,Low,145.0,205.5,380.0,9376328.0,467.64,10.6
Chicken Feet,Dec,2020,Q4,222955654,South East,Livestock,Perishable,High,145.0,205.5,380.0,598535.0,729.5,18.333333333333332
Chicken Wings,Dec,2020,Q4,222955654,South East,Livestock,Perishable,High,145.0,205.5,380.0,598535.0,977.67,18.333333333333332
Evaporated tinned milk carnation 170g,Dec,2020,Q4,222955654,Imported,Imported,Non-Perishable,Low,145.0,205.5,380.0,0.0,167.48,0.0
"Evaporated tinned milk(peak), 170g",Dec,2020,Q4,222955654,Imported,Imported,Non-Perishable,Low,145.0,205.5,380.0,0.0,196.7,0.0
Frozen chicken,Dec,2020,Q4,222955654,South East,Livestock,Perishable,High,145.0,205.5,380.0,598535.0,1939.17,18.333333333333332
"Gari white,sold loose",Dec,2020,Q4,222955654,South West,Crops,Non-Perishable,Low,145.0,205.5,380.0,9376328.0,238.65,10.6
"Gari yellow,sold loose",Dec,2020,Q4,222955654,South West,Crops,Non-Perishable,Low,145.0,205.5,380.0,9376328.0,263.27,10.6
Mudfish (aro) fresh,Dec,2020,Q4,222955654,South South,Fishing,Perishable,High,145.0,205.5,380.0,502537.56,1025.4,86.5
Mudfish : dried,Dec,2020,Q4,222955654,South South,Fishing,Non-Perishable,Low,145.0,205.5,380.0,502537.56,1749.89,86.5
Onion bulb,Dec,2020,Q4,222955654,North East,Crops,Perishable,Low,145.0,205.5,380.0,9376328.0,372.25,0.0
Rice agric sold loose,Dec,2020,Q4,222955654,North Central,Crops,Non-Perishable,Low,145.0,205.5,380.0,9376328.0,448.71,0.0
Rice local sold loose,Dec,2020,Q4,222955654,North Central,Crops,Non-Perishable,Low,145.0,205.5,380.0,9376328.0,405.64,0.0
Rice Medium Grained,Dec,2020,Q4,222955654,North Central,Crops,Non-Perishable,Low,145.0,205.5,380.0,9376328.0,443.03,0.0
"Rice,imported high quality sold loose",Dec,2020,Q4,222955654,Imported,Imported,Non-Perishable,Low,145.0,205.5,380.0,0.0,550.94,0.0
Tomato,Dec,2020,Q4,222955654,North Central,Crops,Perishable,High,145.0,205.5,380.0,9376328.0,310.1,0.0
Yam tuber,Dec,2020,Q4,222955654,South East,Crops,Perishable,Medium,145.0,205.5,380.0,9376328.0,233.48,18.333333333333332
Dried Fish Sardine,Dec,2020,Q4,222955654,South South,Fishing,Non-Perishable,Low,145.0,205.5,380.0,502537.56,1482.61,86.5
Iced Sardine,Dec,2020,Q4,222955654,Imported,Fishing,Perishable,High,145.0,205.5,380.0,502537.56,1011.83,0.0
Irish potato,Dec,2020,Q4,222955654,North East,Crops,Perishable,Medium,145.0,205.5,380.0,9376328.0,320.01,0.0
Sweet potato,Dec,2020,Q4,222955654,South East,Crops,Perishable,Medium,145.0,205.5,380.0,9376328.0,154.98,18.333333333333332
Tilapia fish (epiya) fresh,Dec,2020,Q4,222955654,South South,Fishing,Perishable,High,145.0,205.5,380.0,502537.56,868.87,86.5
Titus:frozen,Dec,2020,Q4,222955654,Imported,Fishing,Perishable,High,145.0,205.5,380.0,502537.56,1057.97,0.0
Catfish (obokun) fresh,Dec,2020,Q4,222955654,South West,Fishing,Perishable,High,145.0,205.5,380.0,502537.56,1068.19,10.6
Catfish :dried,Dec,2020,Q4,222955654,South West,Fishing,Non-Perishable,Low,145.0,205.5,380.0,502537.56,1728.47,10.6
Catfish Smoked,Dec,2020,Q4,222955654,South West,Fishing,Non-Perishable,Low,145.0,205.5,380.0,502537.56,1534.92,10.6
Mackerel : frozen,Dec,2020,Q4,222955654,Imported,Fishing,Perishable,High,145.0,205.5,380.0,502537.56,1030.59,0.0
"Groundnut oil: 1 bottle, specify bottle",Dec,2020,Q4,222955654,North East,Crops,Non-Perishable,Low,145.0,205.5,380.0,9376328.0,664.78,0.0
Maize grain white sold loose,Dec,2020,Q4,222955654,North Central,Crops,Non-Perishable,Low,145.0,205.5,380.0,9376328.0,205.63,0.0
Maize grain yellow sold loose,Dec,2020,Q4,222955654,North Central,Crops,Non-Perishable,Low,145.0,205.5,380.0,9376328.0,207.51,0.0
"Palm oil: 1 bottle,specify bottle",Dec,2020,Q4,222955654,South South,Crops,Non-Perishable,Low,145.0,205.5,380.0,9376328.0,552.22,86.5
Plantain(ripe),Dec,2020,Q4,222955654,South East,Crops,Perishable,Medium,145.0,205.5,380.0,9376328.0,233.84,18.333333333333332
Plantain(unripe),Dec,2020,Q4,222955654,South East,Crops,Perishable,Medium,145.0,205.5,380.0,9376328.0,213.48,18.333333333333332
"Vegetable oil:1 bottle,specify bottle",Dec,2020,Q4,222955654,Imported,Crops,Non-Perishable,Low,145.0,205.5,380.0,9376328.0,639.88,0.0
Wheat flour: prepacked (golden penny 2kg),Dec,2020,Q4,222955654,Imported,Crops,Non-Perishable,Low,145.0,205.5,380.0,9376328.0,749.8,0.0
Agric eggs medium size,Jan,2021,Q1,223528394,South West,Livestock,Perishable,High,145.0,205.5,380.0,613715.3,510.84,10.133333333333333
Agric eggs(medium size price of one),Jan,2021,Q1,223528394,South West,Livestock,Perishable,High,145.0,205.5,380.0,613715.3,46.21,10.133333333333333
"Beans brown,sold loose",Jan,2021,Q1,223528394,North Central,Crops,Non-Perishable,Low,145.0,205.5,380.0,7218298.0,337.09,0.03333333333333333
Beans:white black eye. sold loose,Jan,2021,Q1,223528394,North East,Crops,Non-Perishable,Low,145.0,205.5,380.0,7218298.0,316.92,0.0
Beef Bone in,Jan,2021,Q1,223528394,North West,Livestock,Perishable,High,145.0,205.5,380.0,613715.3,1091.82,0.0
"Beef,boneless",Jan,2021,Q1,223528394,North West,Livestock,Perishable,High,145.0,205.5,380.0,613715.3,1421.14,0.0
Bread sliced 500g,Jan,2021,Q1,223528394,South West,Crops,Perishable,Medium,145.0,205.5,380.0,7218298.0,327.96,10.133333333333333
Bread unsliced 500g,Jan,2021,Q1,223528394,South West,Crops,Perishable,Medium,145.0,205.5,380.0,7218298.0,306.74,10.133333333333333
Broken Rice (Ofada),Jan,2021,Q1,223528394,South West,Crops,Non-Perishable,Low,145.0,205.5,380.0,7218298.0,465.64,10.133333333333333
Chicken Feet,Jan,2021,Q1,223528394,South East,Livestock,Perishable,High,145.0,205.5,380.0,613715.3,729.71,4.3999999999999995
Chicken Wings,Jan,2021,Q1,223528394,South East,Livestock,Perishable,High,145.0,205.5,380.0,613715.3,967.46,4.3999999999999995
Evaporated tinned milk carnation 170g,Jan,2021,Q1,223528394,Imported,Imported,Non-Perishable,Low,145.0,205.5,380.0,0.0,169.61,0.0
"Evaporated tinned milk(peak), 170g",Jan,2021,Q1,223528394,Imported,Imported,Non-Perishable,Low,145.0,205.5,380.0,0.0,197.39,0.0
Frozen chicken,Jan,2021,Q1,223528394,South East,Livestock,Perishable,High,145.0,205.5,380.0,613715.3,1927.54,4.3999999999999995
"Gari white,sold loose",Jan,2021,Q1,223528394,South West,Crops,Non-Perishable,Low,145.0,205.5,380.0,7218298.0,243.76,10.133333333333333
"Gari yellow,sold loose",Jan,2021,Q1,223528394,South West,Crops,Non-Perishable,Low,145.0,205.5,380.0,7218298.0,265.55,10.133333333333333
Mudfish (aro) fresh,Jan,2021,Q1,223528394,South South,Fishing,Perishable,High,145.0,205.5,380.0,663986.7,1023.35,44.73333333333333
Mudfish : dried,Jan,2021,Q1,223528394,South South,Fishing,Non-Perishable,Low,145.0,205.5,380.0,663986.7,1758.18,44.73333333333333
Onion bulb,Jan,2021,Q1,223528394,North East,Crops,Perishable,Low,145.0,205.5,380.0,7218298.0,356.29,0.0
Rice agric sold loose,Jan,2021,Q1,223528394,North Central,Crops,Non-Perishable,Low,145.0,205.5,380.0,7218298.0,448.7,0.03333333333333333
Rice local sold loose,Jan,2021,Q1,223528394,North Central,Crops,Non-Perishable,Low,145.0,205.5,380.0,7218298.0,401.41,0.03333333333333333
Rice Medium Grained,Jan,2021,Q1,223528394,North Central,Crops,Non-Perishable,Low,145.0,205.5,380.0,7218298.0,442.17,0.03333333333333333
"Rice,imported high quality sold loose",Jan,2021,Q1,223528394,Imported,Imported,Non-Perishable,Low,145.0,205.5,380.0,0.0,551.57,0.0
Tomato,Jan,2021,Q1,223528394,North Central,Crops,Perishable,High,145.0,205.5,380.0,7218298.0,289.66,0.03333333333333333
Yam tuber,Jan,2021,Q1,223528394,South East,Crops,Perishable,Medium,145.0,205.5,380.0,7218298.0,234.67,4.3999999999999995
Dried Fish Sardine,Jan,2021,Q1,223528394,South South,Fishing,Non-Perishable,Low,145.0,205.5,380.0,663986.7,1479.84,44.73333333333333
Iced Sardine,Jan,2021,Q1,223528394,Imported,Fishing,Perishable,High,145.0,205.5,380.0,663986.7,1021.0,0.0
Irish potato,Jan,2021,Q1,223528394,North East,Crops,Perishable,Medium,145.0,205.5,380.0,7218298.0,325.13,0.0
Sweet potato,Jan,2021,Q1,223528394,South East,Crops,Perishable,Medium,145.0,205.5,380.0,7218298.0,148.32,4.3999999999999995
Tilapia fish (epiya) fresh,Jan,2021,Q1,223528394,South South,Fishing,Perishable,High,145.0,205.5,380.0,663986.7,868.65,44.73333333333333
Titus:frozen,Jan,2021,Q1,223528394,Imported,Fishing,Perishable,High,145.0,205.5,380.0,663986.7,1066.88,0.0
Catfish (obokun) fresh,Jan,2021,Q1,223528394,South West,Fishing,Perishable,High,145.0,205.5,380.0,663986.7,1069.52,10.133333333333333
Catfish :dried,Jan,2021,Q1,223528394,South West,Fishing,Non-Perishable,Low,145.0,205.5,380.0,663986.7,1726.21,10.133333333333333
Catfish Smoked,Jan,2021,Q1,223528394,South West,Fishing,Non-Perishable,Low,145.0,205.5,380.0,663986.7,1536.5,10.133333333333333
Mackerel : frozen,Jan,2021,Q1,223528394,Imported,Fishing,Perishable,High,145.0,205.5,380.0,663986.7,1031.11,0.0
"Groundnut oil: 1 bottle, specify bottle",Jan,2021,Q1,223528394,North East,Crops,Non-Perishable,Low,145.0,205.5,380.0,7218298.0,672.42,0.0
Maize grain white sold loose,Jan,2021,Q1,223528394,North Central,Crops,Non-Perishable,Low,145.0,205.5,380.0,7218298.0,210.74,0.03333333333333333
Maize grain yellow sold loose,Jan,2021,Q1,223528394,North Central,Crops,Non-Perishable,Low,145.0,205.5,380.0,7218298.0,214.68,0.03333333333333333
"Palm oil: 1 bottle,specify bottle",Jan,2021,Q1,223528394,South South,Crops,Non-Perishable,Low,145.0,205.5,380.0,7218298.0,564.31,44.73333333333333
Plantain(ripe),Jan,2021,Q1,223528394,South East,Crops,Perishable,Medium,145.0,205.5,380.0,7218298.0,230.32,4.3999999999999995
Plantain(unripe),Jan,2021,Q1,223528394,South East,Crops,Perishable,Medium,145.0,205.5,380.0,7218298.0,212.35,4.3999999999999995
"Vegetable oil:1 bottle,specify bottle",Jan,2021,Q1,223528394,Imported,Crops,Non-Perishable,Low,145.0,205.5,380.0,7218298.0,654.79,0.0
Wheat flour: prepacked (golden penny 2kg),Jan,2021,Q1,223528394,Imported,Crops,Non-Perishable,Low,145.0,205.5,380.0,7218298.0,757.97,0.0
Agric eggs medium size,Feb,2021,Q1,224102391,South West,Livestock,Perishable,High,145.0,205.5,380.0,613715.3,518.3,12.5
Agric eggs(medium size price of one),Feb,2021,Q1,224102391,South West,Livestock,Perishable,High,145.0,205.5,380.0,613715.3,47.35,12.5
"Beans brown,sold loose",Feb,2021,Q1,224102391,North Central,Crops,Non-Perishable,Low,145.0,205.5,380.0,7218298.0,351.68,0.6
Beans:white black eye. sold loose,Feb,2021,Q1,224102391,North East,Crops,Non-Perishable,Low,145.0,205.5,380.0,7218298.0,331.48,0.0
Beef Bone in,Feb,2021,Q1,224102391,North West,Livestock,Perishable,High,145.0,205.5,380.0,613715.3,1113.39,0.0
"Beef,boneless",Feb,2021,Q1,224102391,North West,Livestock,Perishable,High,145.0,205.5,380.0,613715.3,1435.87,0.0
Bread sliced 500g,Feb,2021,Q1,224102391,South West,Crops,Perishable,Medium,145.0,205.5,380.0,7218298.0,326.61,12.5
Bread unsliced 500g,Feb,2021,Q1,224102391,South West,Crops,Perishable,Medium,145.0,205.5,380.0,7218298.0,308.07,12.5
Broken Rice (Ofada),Feb,2021,Q1,224102391,South West,Crops,Non-Perishable,Low,145.0,205.5,380.0,7218298.0,462.42,12.5
Chicken Feet,Feb,2021,Q1,224102391,South East,Livestock,Perishable,High,145.0,205.5,380.0,613715.3,754.58,4.966666666666666
Chicken Wings,Feb,2021,Q1,224102391,South East,Livestock,Perishable,High,145.0,205.5,380.0,613715.3,979.29,4.966666666666666
Evaporated tinned milk carnation 170g,Feb,2021,Q1,224102391,Imported,Imported,Non-Perishable,Low,145.0,205.5,380.0,0.0,172.35,0.0
"Evaporated tinned milk(peak), 170g",Feb,2021,Q1,224102391,Imported,Imported,Non-Perishable,Low,145.0,205.5,380.0,0.0,195.2,0.0
Frozen chicken,Feb,2021,Q1,224102391,South East,Livestock,Perishable,High,145.0,205.5,380.0,613715.3,1919.18,4.966666666666666
"Gari white,sold loose",Feb,2021,Q1,224102391,South West,Crops,Non-Perishable,Low,145.0,205.5,380.0,7218298.0,259.59,12.5
"Gari yellow,sold loose",Feb,2021,Q1,224102391,South West,Crops,Non-Perishable,Low,145.0,205.5,380.0,7218298.0,282.79,12.5
Mudfish (aro) fresh,Feb,2021,Q1,224102391,South South,Fishing,Perishable,High,145.0,205.5,380.0,663986.7,1038.13,26.900000000000002
Mudfish : dried,Feb,2021,Q1,224102391,South South,Fishing,Non-Perishable,Low,145.0,205.5,380.0,663986.7,1753.09,26.900000000000002
Onion bulb,Feb,2021,Q1,224102391,North East,Crops,Perishable,Low,145.0,205.5,380.0,7218298.0,297.83,0.0
Rice agric sold loose,Feb,2021,Q1,224102391,North Central,Crops,Non-Perishable,Low,145.0,205.5,380.0,7218298.0,442.09,0.6
Rice local sold loose,Feb,2021,Q1,224102391,North Central,Crops,Non-Perishable,Low,145.0,205.5,380.0,7218298.0,391.01,0.6
Rice Medium Grained,Feb,2021,Q1,224102391,North Central,Crops,Non-Perishable,Low,145.0,205.5,380.0,7218298.0,444.17,0.6
"Rice,imported high quality sold loose",Feb,2021,Q1,224102391,Imported,Imported,Non-Perishable,Low,145.0,205.5,380.0,0.0,537.37,0.0
Tomato,Feb,2021,Q1,224102391,North Central,Crops,Perishable,High,145.0,205.5,380.0,7218298.0,269.18,0.6
Yam tuber,Feb,2021,Q1,224102391,South East,Crops,Perishable,Medium,145.0,205.5,380.0,7218298.0,242.82,4.966666666666666
Dried Fish Sardine,Feb,2021,Q1,224102391,South South,Fishing,Non-Perishable,Low,145.0,205.5,380.0,663986.7,1512.67,26.900000000000002
Iced Sardine,Feb,2021,Q1,224102391,Imported,Fishing,Perishable,High,145.0,205.5,380.0,663986.7,1042.66,0.0
Irish potato,Feb,2021,Q1,224102391,North East,Crops,Perishable,Medium,145.0,205.5,380.0,7218298.0,319.25,0.0
Sweet potato,Feb,2021,Q1,224102391,South East,Crops,Perishable,Medium,145.0,205.5,380.0,7218298.0,145.86,4.966666666666666
Tilapia fish (epiya) fresh,Feb,2021,Q1,224102391,South South,Fishing,Perishable,High,145.0,205.5,380.0,663986.7,891.21,26.900000000000002
Titus:frozen,Feb,2021,Q1,224102391,Imported,Fishing,Perishable,High,145.0,205.5,380.0,663986.7,1062.07,0.0
Catfish (obokun) fresh,Feb,2021,Q1,224102391,South West,Fishing,Perishable,High,145.0,205.5,380.0,663986.7,1073.34,12.5
Catfish :dried,Feb,2021,Q1,224102391,South West,Fishing,Non-Perishable,Low,145.0,205.5,380.0,663986.7,1728.66,12.5
Catfish Smoked,Feb,2021,Q1,224102391,South West,Fishing,Non-Perishable,Low,145.0,205.5,380.0,663986.7,1532.05,12.5
Mackerel : frozen,Feb,2021,Q1,224102391,Imported,Fishing,Perishable,High,145.0,205.5,380.0,663986.7,1030.64,0.0
"Groundnut oil: 1 bottle, specify bottle",Feb,2021,Q1,224102391,North East,Crops,Non-Perishable,Low,145.0,205.5,380.0,7218298.0,676.87,0.0
Maize grain white sold loose,Feb,2021,Q1,224102391,North Central,Crops,Non-Perishable,Low,145.0,205.5,380.0,7218298.0,222.86,0.6
Maize grain yellow sold loose,Feb,2021,Q1,224102391,North Central,Crops,Non-Perishable,Low,145.0,205.5,380.0,7218298.0,229.76,0.6
"Palm oil: 1 bottle,specify bottle",Feb,2021,Q1,224102391,South South,Crops,Non-Perishable,Low,145.0,205.5,380.0,7218298.0,585.01,26.900000000000002
Plantain(ripe),Feb,2021,Q1,224102391,South East,Crops,Perishable,Medium,145.0,205.5,380.0,7218298.0,237.04,4.966666666666666
Plantain(unripe),Feb,2021,Q1,224102391,South East,Crops,Perishable,Medium,145.0,205.5,380.0,7218298.0,221.08,4.966666666666666
"Vegetable oil:1 bottle,specify bottle",Feb,2021,Q1,224102391,Imported,Crops,Non-Perishable,Low,145.0,205.5,380.0,7218298.0,667.43,0.0
Wheat flour: prepacked (golden penny 2kg),Feb,2021,Q1,224102391,Imported,Crops,Non-Perishable,Low,145.0,205.5,380.0,7218298.0,758.55,0.0
Agric eggs medium size,Mar,2021,Q1,224677647,South West,Livestock,Perishable,High,155.0,215.0,380.0,613715.3,524.47,44.36666666666667
Agric eggs(medium size price of one),Mar,2021,Q1,224677647,South West,Livestock,Perishable,High,155.0,215.0,380.0,613715.3,48.43,44.36666666666667
"Beans brown,sold loose",Mar,2021,Q1,224677647,North Central,Crops,Non-Perishable,Low,155.0,215.0,380.0,7218298.0,368.98,5.733333333333333
Beans:white black eye. sold loose,Mar,2021,Q1,224677647,North East,Crops,Non-Perishable,Low,155.0,215.0,380.0,7218298.0,346.38,0.0
Beef Bone in,Mar,2021,Q1,224677647,North West,Livestock,Perishable,High,155.0,215.0,380.0,613715.3,1130.8,0.3333333333333333
"Beef,boneless",Mar,2021,Q1,224677647,North West,Livestock,Perishable,High,155.0,215.0,380.0,613715.3,1456.03,0.3333333333333333
Bread sliced 500g,Mar,2021,Q1,224677647,South West,Crops,Perishable,Medium,155.0,215.0,380.0,7218298.0,332.3,44.36666666666667
Bread unsliced 500g,Mar,2021,Q1,224677647,South West,Crops,Perishable,Medium,155.0,215.0,380.0,7218298.0,310.19,44.36666666666667
Broken Rice (Ofada),Mar,2021,Q1,224677647,South West,Crops,Non-Perishable,Low,155.0,215.0,380.0,7218298.0,466.3,44.36666666666667
Chicken Feet,Mar,2021,Q1,224677647,South East,Livestock,Perishable,High,155.0,215.0,380.0,613715.3,765.8,57.53333333333333
Chicken Wings,Mar,2021,Q1,224677647,South East,Livestock,Perishable,High,155.0,215.0,380.0,613715.3,992.3,57.53333333333333
Evaporated tinned milk carnation 170g,Mar,2021,Q1,224677647,Imported,Imported,Non-Perishable,Low,155.0,215.0,380.0,0.0,172.92,0.0
"Evaporated tinned milk(peak), 170g",Mar,2021,Q1,224677647,Imported,Imported,Non-Perishable,Low,155.0,215.0,380.0,0.0,197.51,0.0
Frozen chicken,Mar,2021,Q1,224677647,South East,Livestock,Perishable,High,155.0,215.0,380.0,613715.3,1926.86,57.53333333333333
"Gari white,sold loose",Mar,2021,Q1,224677647,South West,Crops,Non-Perishable,Low,155.0,215.0,380.0,7218298.0,274.03,44.36666666666667
"Gari yellow,sold loose",Mar,2021,Q1,224677647,South West,Crops,Non-Perishable,Low,155.0,215.0,380.0,7218298.0,293.97,44.36666666666667
Mudfish (aro) fresh,Mar,2021,Q1,224677647,South South,Fishing,Perishable,High,155.0,215.0,380.0,663986.7,1043.24,142.76666666666668
Mudfish : dried,Mar,2021,Q1,224677647,South South,Fishing,Non-Perishable,Low,155.0,215.0,380.0,663986.7,1755.92,142.76666666666668
Onion bulb,Mar,2021,Q1,224677647,North East,Crops,Perishable,Low,155.0,215.0,380.0,7218298.0,285.23,0.0
Rice agric sold loose,Mar,2021,Q1,224677647,North Central,Crops,Non-Perishable,Low,155.0,215.0,380.0,7218298.0,443.23,5.733333333333333
Rice local sold loose,Mar,2021,Q1,224677647,North Central,Crops,Non-Perishable,Low,155.0,215.0,380.0,7218298.0,393.92,5.733333333333333
Rice Medium Grained,Mar,2021,Q1,224677647,North Central,Crops,Non-Perishable,Low,155.0,215.0,380.0,7218298.0,443.36,5.733333333333333
"Rice,imported high quality sold loose",Mar,2021,Q1,224677647,Imported,Imported,Non-Perishable,Low,155.0,215.0,380.0,0.0,544.21,0.0
Tomato,Mar,2021,Q1,224677647,North Central,Crops,Perishable,High,155.0,215.0,380.0,7218298.0,267.45,5.733333333333333
Yam tuber,Mar,2021,Q1,224677647,South East,Crops,Perishable,Medium,155.0,215.0,380.0,7218298.0,244.82,57.53333333333333
Dried Fish Sardine,Mar,2021,Q1,224677647,South South,Fishing,Non-Perishable,Low,155.0,215.0,380.0,663986.7,1513.44,142.76666666666668
Iced Sardine,Mar,2021,Q1,224677647,Imported,Fishing,Perishable,High,155.0,215.0,380.0,663986.7,1047.03,0.0
Irish potato,Mar,2021,Q1,224677647,North East,Crops,Perishable,Medium,155.0,215.0,380.0,7218298.0,316.05,0.0
Sweet potato,Mar,2021,Q1,224677647,South East,Crops,Perishable,Medium,155.0,215.0,380.0,7218298.0,152.53,57.53333333333333
Tilapia fish (epiya) fresh,Mar,2021,Q1,224677647,South South,Fishing,Perishable,High,155.0,215.0,380.0,663986.7,911.83,142.76666666666668
Titus:frozen,Mar,2021,Q1,224677647,Imported,Fishing,Perishable,High,155.0,215.0,380.0,663986.7,1069.28,0.0
Catfish (obokun) fresh,Mar,2021,Q1,224677647,South West,Fishing,Perishable,High,155.0,215.0,380.0,663986.7,1084.84,44.36666666666667
Catfish :dried,Mar,2021,Q1,224677647,South West,Fishing,Non-Perishable,Low,155.0,215.0,380.0,663986.7,1723.52,44.36666666666667
Catfish Smoked,Mar,2021,Q1,224677647,South West,Fishing,Non-Perishable,Low,155.0,215.0,380.0,663986.7,1532.21,44.36666666666667
Mackerel : frozen,Mar,2021,Q1,224677647,Imported,Fishing,Perishable,High,155.0,215.0,380.0,663986.7,1034.27,0.0
"Groundnut oil: 1 bottle, specify bottle",Mar,2021,Q1,224677647,North East,Crops,Non-Perishable,Low,155.0,215.0,380.0,7218298.0,667.67,0.0
Maize grain white sold loose,Mar,2021,Q1,224677647,North Central,Crops,Non-Perishable,Low,155.0,215.0,380.0,7218298.0,233.92,5.733333333333333
Maize grain yellow sold loose,Mar,2021,Q1,224677647,North Central,Crops,Non-Perishable,Low,155.0,215.0,380.0,7218298.0,237.6,5.733333333333333
"Palm oil: 1 bottle,specify bottle",Mar,2021,Q1,224677647,South South,Crops,Non-Perishable,Low,155.0,215.0,380.0,7218298.0,578.17,142.76666666666668
Plantain(ripe),Mar,2021,Q1,224677647,South East,Crops,Perishable,Medium,155.0,215.0,380.0,7218298.0,243.13,57.53333333333333
Plantain(unripe),Mar,2021,Q1,224677647,South East,Crops,Perishable,Medium,155.0,215.0,380.0,7218298.0,228.18,57.53333333333333
"Vegetable oil:1 bottle,specify bottle",Mar,2021,Q1,224677647,Imported,Crops,Non-Perishable,Low,155.0,215.0,380.0,7218298.0,668.33,0.0
Wheat flour: prepacked (golden penny 2kg),Mar,2021,Q1,224677647,Imported,Crops,Non-Perishable,Low,155.0,215.0,380.0,7218298.0,766.11,0.0
Agric eggs medium size,Apr,2021,Q2,225254164,South West,Livestock,Perishable,High,165.0,215.0,380.0,508074.1,530.4,27.333333333333332
Agric eggs(medium size price of one),Apr,2021,Q2,225254164,South West,Livestock,Perishable,High,165.0,215.0,380.0,508074.1,49.14,27.333333333333332
"Beans brown,sold loose",Apr,2021,Q2,225254164,North Central,Crops,Non-Perishable,Low,165.0,215.0,380.0,7553534.5,378.82,8.733333333333333
Beans:white black eye. sold loose,Apr,2021,Q2,225254164,North East,Crops,Non-Perishable,Low,165.0,215.0,380.0,7553534.5,359.64,0.10000000000000002
Beef Bone in,Apr,2021,Q2,225254164,North West,Livestock,Perishable,High,165.0,215.0,380.0,508074.1,1145.32,0.3333333333333333
"Beef,boneless",Apr,2021,Q2,225254164,North West,Livestock,Perishable,High,165.0,215.0,380.0,508074.1,1481.24,0.3333333333333333
Bread sliced 500g,Apr,2021,Q2,225254164,South West,Crops,Perishable,Medium,165.0,215.0,380.0,7553534.5,332.95,27.333333333333332
Bread unsliced 500g,Apr,2021,Q2,225254164,South West,Crops,Perishable,Medium,165.0,215.0,380.0,7553534.5,306.16,27.333333333333332
Broken Rice (Ofada),Apr,2021,Q2,225254164,South West,Crops,Non-Perishable,Low,165.0,215.0,380.0,7553534.5,472.19,27.333333333333332
Chicken Feet,Apr,2021,Q2,225254164,South East,Livestock,Perishable,High,165.0,215.0,380.0,508074.1,784.04,80.5
Chicken Wings,Apr,2021,Q2,225254164,South East,Livestock,Perishable,High,165.0,215.0,380.0,508074.1,1003.54,80.5
Evaporated tinned milk carnation 170g,Apr,2021,Q2,225254164,Imported,Imported,Non-Perishable,Low,165.0,215.0,380.0,0.0,176.43,0.0
"Evaporated tinned milk(peak), 170g",Apr,2021,Q2,225254164,Imported,Imported,Non-Perishable,Low,165.0,215.0,380.0,0.0,199.2,0.0
Frozen chicken,Apr,2021,Q2,225254164,South East,Livestock,Perishable,High,165.0,215.0,380.0,508074.1,1928.22,80.5
"Gari white,sold loose",Apr,2021,Q2,225254164,South West,Crops,Non-Perishable,Low,165.0,215.0,380.0,7553534.5,276.33,27.333333333333332
"Gari yellow,sold loose",Apr,2021,Q2,225254164,South West,Crops,Non-Perishable,Low,165.0,215.0,380.0,7553534.5,299.18,27.333333333333332
Mudfish (aro) fresh,Apr,2021,Q2,225254164,South South,Fishing,Perishable,High,165.0,215.0,380.0,519932.28,1044.44,142.36666666666667
Mudfish : dried,Apr,2021,Q2,225254164,South South,Fishing,Non-Perishable,Low,165.0,215.0,380.0,519932.28,1743.4,142.36666666666667
Onion bulb,Apr,2021,Q2,225254164,North East,Crops,Perishable,Low,165.0,215.0,380.0,7553534.5,294.84,0.10000000000000002
Rice agric sold loose,Apr,2021,Q2,225254164,North Central,Crops,Non-Perishable,Low,165.0,215.0,380.0,7553534.5,442.39,8.733333333333333
Rice local sold loose,Apr,2021,Q2,225254164,North Central,Crops,Non-Perishable,Low,165.0,215.0,380.0,7553534.5,399.07,8.733333333333333
Rice Medium Grained,Apr,2021,Q2,225254164,North Central,Crops,Non-Perishable,Low,165.0,215.0,380.0,7553534.5,441.85,8.733333333333333
"Rice,imported high quality sold loose",Apr,2021,Q2,225254164,Imported,Imported,Non-Perishable,Low,165.0,215.0,380.0,0.0,540.58,0.0
Tomato,Apr,2021,Q2,225254164,North Central,Crops,Perishable,High,165.0,215.0,380.0,7553534.5,277.26,8.733333333333333
Yam tuber,Apr,2021,Q2,225254164,South East,Crops,Perishable,Medium,165.0,215.0,380.0,7553534.5,252.8,80.5
Dried Fish Sardine,Apr,2021,Q2,225254164,South South,Fishing,Non-Perishable,Low,165.0,215.0,380.0,519932.28,1499.99,142.36666666666667
Iced Sardine,Apr,2021,Q2,225254164,Imported,Fishing,Perishable,High,165.0,215.0,380.0,519932.28,1059.1,0.0
Irish potato,Apr,2021,Q2,225254164,North East,Crops,Perishable,Medium,165.0,215.0,380.0,7553534.5,312.37,0.10000000000000002
Sweet potato,Apr,2021,Q2,225254164,South East,Crops,Perishable,Medium,165.0,215.0,380.0,7553534.5,157.76,80.5
Tilapia fish (epiya) fresh,Apr,2021,Q2,225254164,South South,Fishing,Perishable,High,165.0,215.0,380.0,519932.28,910.3,142.36666666666667
Titus:frozen,Apr,2021,Q2,225254164,Imported,Fishing,Perishable,High,165.0,215.0,380.0,519932.28,1091.2,0.0
Catfish (obokun) fresh,Apr,2021,Q2,225254164,South West,Fishing,Perishable,High,165.0,215.0,380.0,519932.28,1097.61,27.333333333333332
Catfish :dried,Apr,2021,Q2,225254164,South West,Fishing,Non-Perishable,Low,165.0,215.0,380.0,519932.28,1735.54,27.333333333333332
Catfish Smoked,Apr,2021,Q2,225254164,South West,Fishing,Non-Perishable,Low,165.0,215.0,380.0,519932.28,1539.67,27.333333333333332
Mackerel : frozen,Apr,2021,Q2,225254164,Imported,Fishing,Perishable,High,165.0,215.0,380.0,519932.28,1053.54,0.0
"Groundnut oil: 1 bottle, specify bottle",Apr,2021,Q2,225254164,North East,Crops,Non-Perishable,Low,165.0,215.0,380.0,7553534.5,689.19,0.10000000000000002
Maize grain white sold loose,Apr,2021,Q2,225254164,North Central,Crops,Non-Perishable,Low,165.0,215.0,380.0,7553534.5,233.48,8.733333333333333
Maize grain yellow sold loose,Apr,2021,Q2,225254164,North Central,Crops,Non-Perishable,Low,165.0,215.0,380.0,7553534.5,238.52,8.733333333333333
"Palm oil: 1 bottle,specify bottle",Apr,2021,Q2,225254164,South South,Crops,Non-Perishable,Low,165.0,215.0,380.0,7553534.5,578.86,142.36666666666667
Plantain(ripe),Apr,2021,Q2,225254164,South East,Crops,Perishable,Medium,165.0,215.0,380.0,7553534.5,253.02,80.5
Plantain(unripe),Apr,2021,Q2,225254164,South East,Crops,Perishable,Medium,165.0,215.0,380.0,7553534.5,243.37,80.5
"Vegetable oil:1 bottle,specify bottle",Apr,2021,Q2,225254164,Imported,Crops,Non-Perishable,Low,165.0,215.0,380.0,7553534.5,672.7,0.0
Wheat flour: prepacked (golden penny 2kg),Apr,2021,Q2,225254164,Imported,Crops,Non-Perishable,Low,165.0,215.0,380.0,7553534.5,770.58,0.0
Agric eggs medium size,May,2021,Q2,225831946,South West,Livestock,Perishable,High,165.0,215.0,410.0,508074.1,541.53,41.63333333333333
Agric eggs(medium size price of one),May,2021,Q2,225831946,South West,Livestock,Perishable,High,165.0,215.0,410.0,508074.1,49.99,41.63333333333333
"Beans brown,sold loose",May,2021,Q2,225831946,North Central,Crops,Non-Perishable,Low,165.0,215.0,410.0,7553534.5,439.22,25.133333333333336
Beans:white black eye. sold loose,May,2021,Q2,225831946,North East,Crops,Non-Perishable,Low,165.0,215.0,410.0,7553534.5,407.23,0.6666666666666666
Beef Bone in,May,2021,Q2,225831946,North West,Livestock,Perishable,High,165.0,215.0,410.0,508074.1,1173.05,9.866666666666667
"Beef,boneless",May,2021,Q2,225831946,North West,Livestock,Perishable,High,165.0,215.0,410.0,508074.1,1513.43,9.866666666666667
Bread sliced 500g,May,2021,Q2,225831946,South West,Crops,Perishable,Medium,165.0,215.0,410.0,7553534.5,337.83,41.63333333333333
Bread unsliced 500g,May,2021,Q2,225831946,South West,Crops,Perishable,Medium,165.0,215.0,410.0,7553534.5,310.81,41.63333333333333
Broken Rice (Ofada),May,2021,Q2,225831946,South West,Crops,Non-Perishable,Low,165.0,215.0,410.0,7553534.5,470.16,41.63333333333333
Chicken Feet,May,2021,Q2,225831946,South East,Livestock,Perishable,High,165.0,215.0,410.0,508074.1,801.03,125.66666666666667
Chicken Wings,May,2021,Q2,225831946,South East,Livestock,Perishable,High,165.0,215.0,410.0,508074.1,1026.76,125.66666666666667
Evaporated tinned milk carnation 170g,May,2021,Q2,225831946,Imported,Imported,Non-Perishable,Low,165.0,215.0,410.0,0.0,176.89,0.0
"Evaporated tinned milk(peak), 170g",May,2021,Q2,225831946,Imported,Imported,Non-Perishable,Low,165.0,215.0,410.0,0.0,201.65,0.0
Frozen chicken,May,2021,Q2,225831946,South East,Livestock,Perishable,High,165.0,215.0,410.0,508074.1,1944.8,125.66666666666667
"Gari white,sold loose",May,2021,Q2,225831946,South West,Crops,Non-Perishable,Low,165.0,215.0,410.0,7553534.5,301.88,41.63333333333333
"Gari yellow,sold loose",May,2021,Q2,225831946,South West,Crops,Non-Perishable,Low,165.0,215.0,410.0,7553534.5,318.7,41.63333333333333
Mudfish (aro) fresh,May,2021,Q2,225831946,South South,Fishing,Perishable,High,165.0,215.0,410.0,519932.28,1063.85,279.3333333333333
Mudfish : dried,May,2021,Q2,225831946,South South,Fishing,Non-Perishable,Low,165.0,215.0,410.0,519932.28,1769.93,279.3333333333333
Onion bulb,May,2021,Q2,225831946,North East,Crops,Perishable,Low,165.0,215.0,410.0,7553534.5,307.53,0.6666666666666666
Rice agric sold loose,May,2021,Q2,225831946,North Central,Crops,Non-Perishable,Low,165.0,215.0,410.0,7553534.5,445.23,25.133333333333336
Rice local sold loose,May,2021,Q2,225831946,North Central,Crops,Non-Perishable,Low,165.0,215.0,410.0,7553534.5,397.8,25.133333333333336
Rice Medium Grained,May,2021,Q2,225831946,North Central,Crops,Non-Perishable,Low,165.0,215.0,410.0,7553534.5,441.49,25.133333333333336
"Rice,imported high quality sold loose",May,2021,Q2,225831946,Imported,Imported,Non-Perishable,Low,165.0,215.0,410.0,0.0,544.09,0.0
Tomato,May,2021,Q2,225831946,North Central,Crops,Perishable,High,165.0,215.0,410.0,7553534.5,303.51,25.133333333333336
Yam tuber,May,2021,Q2,225831946,South East,Crops,Perishable,Medium,165.0,215.0,410.0,7553534.5,269.98,125.66666666666667
Dried Fish Sardine,May,2021,Q2,225831946,South South,Fishing,Non-Perishable,Low,165.0,215.0,410.0,519932.28,1515.16,279.3333333333333
Iced Sardine,May,2021,Q2,225831946,Imported,Fishing,Perishable,High,165.0,215.0,410.0,519932.28,1076.34,0.0
Irish potato,May,2021,Q2,225831946,North East,Crops,Perishable,Medium,165.0,215.0,410.0,7553534.5,325.15,0.6666666666666666
Sweet potato,May,2021,Q2,225831946,South East,Crops,Perishable,Medium,165.0,215.0,410.0,7553534.5,172.63,125.66666666666667
Tilapia fish (epiya) fresh,May,2021,Q2,225831946,South South,Fishing,Perishable,High,165.0,215.0,410.0,519932.28,927.54,279.3333333333333
Titus:frozen,May,2021,Q2,225831946,Imported,Fishing,Perishable,High,165.0,215.0,410.0,519932.28,1115.8,0.0
Catfish (obokun) fresh,May,2021,Q2,225831946,South West,Fishing,Perishable,High,165.0,215.0,410.0,519932.28,1116.02,41.63333333333333
Catfish :dried,May,2021,Q2,225831946,South West,Fishing,Non-Perishable,Low,165.0,215.0,410.0,519932.28,1755.26,41.63333333333333
Catfish Smoked,May,2021,Q2,225831946,South West,Fishing,Non-Perishable,Low,165.0,215.0,410.0,519932.28,1550.99,41.63333333333333
Mackerel : frozen,May,2021,Q2,225831946,Imported,Fishing,Perishable,High,165.0,215.0,410.0,519932.28,1083.71,0.0
"Groundnut oil: 1 bottle, specify bottle",May,2021,Q2,225831946,North East,Crops,Non-Perishable,Low,165.0,215.0,410.0,7553534.5,703.36,0.6666666666666666
Maize grain white sold loose,May,2021,Q2,225831946,North Central,Crops,Non-Perishable,Low,165.0,215.0,410.0,7553534.5,248.86,25.133333333333336
Maize grain yellow sold loose,May,2021,Q2,225831946,North Central,Crops,Non-Perishable,Low,165.0,215.0,410.0,7553534.5,256.28,25.133333333333336
"Palm oil: 1 bottle,specify bottle",May,2021,Q2,225831946,South South,Crops,Non-Perishable,Low,165.0,215.0,410.0,7553534.5,593.36,279.3333333333333
Plantain(ripe),May,2021,Q2,225831946,South East,Crops,Perishable,Medium,165.0,215.0,410.0,7553534.5,265.66,125.66666666666667
Plantain(unripe),May,2021,Q2,225831946,South East,Crops,Perishable,Medium,165.0,215.0,410.0,7553534.5,256.13,125.66666666666667
"Vegetable oil:1 bottle,specify bottle",May,2021,Q2,225831946,Imported,Crops,Non-Perishable,Low,165.0,215.0,410.0,7553534.5,686.67,0.0
Wheat flour: prepacked (golden penny 2kg),May,2021,Q2,225831946,Imported,Crops,Non-Perishable,Low,165.0,215.0,410.0,7553534.5,785.87,0.0
Agric eggs medium size,Jun,2021,Q2,226411002,South West,Livestock,Perishable,High,165.0,215.0,410.16,508074.1,556.47,124.13333333333333
Agric eggs(medium size price of one),Jun,2021,Q2,226411002,South West,Livestock,Perishable,High,165.0,215.0,410.16,508074.1,51.22,124.13333333333333
"Beans brown,sold loose",Jun,2021,Q2,226411002,North Central,Crops,Non-Perishable,Low,165.0,215.0,410.16,7553534.5,471.24,75.89999999999999
Beans:white black eye. sold loose,Jun,2021,Q2,226411002,North East,Crops,Non-Perishable,Low,165.0,215.0,410.16,7553534.5,431.79,24.066666666666666
Beef Bone in,Jun,2021,Q2,226411002,North West,Livestock,Perishable,High,165.0,215.0,410.16,508074.1,1220.33,19.4
"Beef,boneless",Jun,2021,Q2,226411002,North West,Livestock,Perishable,High,165.0,215.0,410.16,508074.1,1567.26,19.4
Bread sliced 500g,Jun,2021,Q2,226411002,South West,Crops,Perishable,Medium,165.0,215.0,410.16,7553534.5,355.78,124.13333333333333
Bread unsliced 500g,Jun,2021,Q2,226411002,South West,Crops,Perishable,Medium,165.0,215.0,410.16,7553534.5,324.03,124.13333333333333
Broken Rice (Ofada),Jun,2021,Q2,226411002,South West,Crops,Non-Perishable,Low,165.0,215.0,410.16,7553534.5,472.07,124.13333333333333
Chicken Feet,Jun,2021,Q2,226411002,South East,Livestock,Perishable,High,165.0,215.0,410.16,508074.1,809.24,196.46666666666667
Chicken Wings,Jun,2021,Q2,226411002,South East,Livestock,Perishable,High,165.0,215.0,410.16,508074.1,1042.61,196.46666666666667
Evaporated tinned milk carnation 170g,Jun,2021,Q2,226411002,Imported,Imported,Non-Perishable,Low,165.0,215.0,410.16,0.0,180.07,0.0
"Evaporated tinned milk(peak), 170g",Jun,2021,Q2,226411002,Imported,Imported,Non-Perishable,Low,165.0,215.0,410.16,0.0,207.68,0.0
Frozen chicken,Jun,2021,Q2,226411002,South East,Livestock,Perishable,High,165.0,215.0,410.16,508074.1,1982.87,196.46666666666667
"Gari white,sold loose",Jun,2021,Q2,226411002,South West,Crops,Non-Perishable,Low,165.0,215.0,410.16,7553534.5,324.26,124.13333333333333
"Gari yellow,sold loose",Jun,2021,Q2,226411002,South West,Crops,Non-Perishable,Low,165.0,215.0,410.16,7553534.5,338.99,124.13333333333333
Mudfish (aro) fresh,Jun,2021,Q2,226411002,South South,Fishing,Perishable,High,165.0,215.0,410.16,519932.28,1087.71,314.93333333333334
Mudfish : dried,Jun,2021,Q2,226411002,South South,Fishing,Non-Perishable,Low,165.0,215.0,410.16,519932.28,1778.91,314.93333333333334
Onion bulb,Jun,2021,Q2,226411002,North East,Crops,Perishable,Low,165.0,215.0,410.16,7553534.5,315.63,24.066666666666666
Rice agric sold loose,Jun,2021,Q2,226411002,North Central,Crops,Non-Perishable,Low,165.0,215.0,410.16,7553534.5,449.42,75.89999999999999
Rice local sold loose,Jun,2021,Q2,226411002,North Central,Crops,Non-Perishable,Low,165.0,215.0,410.16,7553534.5,401.82,75.89999999999999
Rice Medium Grained,Jun,2021,Q2,226411002,North Central,Crops,Non-Perishable,Low,165.0,215.0,410.16,7553534.5,447.62,75.89999999999999
"Rice,imported high quality sold loose",Jun,2021,Q2,226411002,Imported,Imported,Non-Perishable,Low,165.0,215.0,410.16,0.0,557.98,0.0
Tomato,Jun,2021,Q2,226411002,North Central,Crops,Perishable,High,165.0,215.0,410.16,7553534.5,335.46,75.89999999999999
Yam tuber,Jun,2021,Q2,226411002,South East,Crops,Perishable,Medium,165.0,215.0,410.16,7553534.5,287.54,196.46666666666667
Dried Fish Sardine,Jun,2021,Q2,226411002,South South,Fishing,Non-Perishable,Low,165.0,215.0,410.16,519932.28,1540.76,314.93333333333334
Iced Sardine,Jun,2021,Q2,226411002,Imported,Fishing,Perishable,High,165.0,215.0,410.16,519932.28,1106.05,0.0
Irish potato,Jun,2021,Q2,226411002,North East,Crops,Perishable,Medium,165.0,215.0,410.16,7553534.5,356.44,24.066666666666666
Sweet potato,Jun,2021,Q2,226411002,South East,Crops,Perishable,Medium,165.0,215.0,410.16,7553534.5,191.27,196.46666666666667
Tilapia fish (epiya) fresh,Jun,2021,Q2,226411002,South South,Fishing,Perishable,High,165.0,215.0,410.16,519932.28,949.72,314.93333333333334
Titus:frozen,Jun,2021,Q2,226411002,Imported,Fishing,Perishable,High,165.0,215.0,410.16,519932.28,1151.08,0.0
Catfish (obokun) fresh,Jun,2021,Q2,226411002,South West,Fishing,Perishable,High,165.0,215.0,410.16,519932.28,1140.68,124.13333333333333
Catfish :dried,Jun,2021,Q2,226411002,South West,Fishing,Non-Perishable,Low,165.0,215.0,410.16,519932.28,1773.6,124.13333333333333
Catfish Smoked,Jun,2021,Q2,226411002,South West,Fishing,Non-Perishable,Low,165.0,215.0,410.16,519932.28,1566.6,124.13333333333333
Mackerel : frozen,Jun,2021,Q2,226411002,Imported,Fishing,Perishable,High,165.0,215.0,410.16,519932.28,1117.21,0.0
"Groundnut oil: 1 bottle, specify bottle",Jun,2021,Q2,226411002,North East,Crops,Non-Perishable,Low,165.0,215.0,410.16,7553534.5,728.43,24.066666666666666
Maize grain white sold loose,Jun,2021,Q2,226411002,North Central,Crops,Non-Perishable,Low,165.0,215.0,410.16,7553534.5,262.8,75.89999999999999
Maize grain yellow sold loose,Jun,2021,Q2,226411002,North Central,Crops,Non-Perishable,Low,165.0,215.0,410.16,7553534.5,271.4,75.89999999999999
"Palm oil: 1 bottle,specify bottle",Jun,2021,Q2,226411002,South South,Crops,Non-Perishable,Low,165.0,215.0,410.16,7553534.5,609.21,314.93333333333334
Plantain(ripe),Jun,2021,Q2,226411002,South East,Crops,Perishable,Medium,165.0,215.0,410.16,7553534.5,273.07,196.46666666666667
Plantain(unripe),Jun,2021,Q2,226411002,South East,Crops,Perishable,Medium,165.0,215.0,410.16,7553534.5,269.17,196.46666666666667
"Vegetable oil:1 bottle,specify bottle",Jun,2021,Q2,226411002,Imported,Crops,Non-Perishable,Low,165.0,215.0,410.16,7553534.5,712.95,0.0
Wheat flour: prepacked (golden penny 2kg),Jun,2021,Q2,226411002,Imported,Crops,Non-Perishable,Low,165.0,215.0,410.16,7553534.5,803.9,0.0
Agric eggs medium size,Jul,2021,Q3,226991334,South West,Livestock,Perishable,High,165.0,215.0,410.1,517773.34,577.55,119.23333333333333
Agric eggs(medium size price of one),Jul,2021,Q3,226991334,South West,Livestock,Perishable,High,165.0,215.0,410.1,517773.34,52.73,119.23333333333333
"Beans brown,sold loose",Jul,2021,Q3,226991334,North Central,Crops,Non-Perishable,Low,165.0,215.0,410.1,10962878.0,485.44,116.16666666666667
Beans:white black eye. sold loose,Jul,2021,Q3,226991334,North East,Crops,Non-Perishable,Low,165.0,215.0,410.1,10962878.0,444.21,119.43333333333334
Beef Bone in,Jul,2021,Q3,226991334,North West,Livestock,Perishable,High,165.0,215.0,410.1,517773.34,1262.1,102.86666666666667
"Beef,boneless",Jul,2021,Q3,226991334,North West,Livestock,Perishable,High,165.0,215.0,410.1,517773.34,1660.76,102.86666666666667
Bread sliced 500g,Jul,2021,Q3,226991334,South West,Crops,Perishable,Medium,165.0,215.0,410.1,10962878.0,361.11,119.23333333333333
Bread unsliced 500g,Jul,2021,Q3,226991334,South West,Crops,Perishable,Medium,165.0,215.0,410.1,10962878.0,335.67,119.23333333333333
Broken Rice (Ofada),Jul,2021,Q3,226991334,South West,Crops,Non-Perishable,Low,165.0,215.0,410.1,10962878.0,477.08,119.23333333333333
Chicken Feet,Jul,2021,Q3,226991334,South East,Livestock,Perishable,High,165.0,215.0,410.1,517773.34,819.03,151.93333333333334
Chicken Wings,Jul,2021,Q3,226991334,South East,Livestock,Perishable,High,165.0,215.0,410.1,517773.34,1080.13,151.93333333333334
Evaporated tinned milk carnation 170g,Jul,2021,Q3,226991334,Imported,Imported,Non-Perishable,Low,165.0,215.0,410.1,0.0,184.48,0.0
"Evaporated tinned milk(peak), 170g",Jul,2021,Q3,226991334,Imported,Imported,Non-Perishable,Low,165.0,215.0,410.1,0.0,209.48,0.0
Frozen chicken,Jul,2021,Q3,226991334,South East,Livestock,Perishable,High,165.0,215.0,410.1,517773.34,2049.66,151.93333333333334
"Gari white,sold loose",Jul,2021,Q3,226991334,South West,Crops,Non-Perishable,Low,165.0,215.0,410.1,10962878.0,329.2,119.23333333333333
"Gari yellow,sold loose",Jul,2021,Q3,226991334,South West,Crops,Non-Perishable,Low,165.0,215.0,410.1,10962878.0,347.7,119.23333333333333
Mudfish (aro) fresh,Jul,2021,Q3,226991334,South South,Fishing,Perishable,High,165.0,215.0,410.1,437893.38,1815.27,262.0
Mudfish : dried,Jul,2021,Q3,226991334,South South,Fishing,Non-Perishable,Low,165.0,215.0,410.1,437893.38,1144.76,262.0
Onion bulb,Jul,2021,Q3,226991334,North East,Crops,Perishable,Low,165.0,215.0,410.1,10962878.0,322.08,119.43333333333334
Rice agric sold loose,Jul,2021,Q3,226991334,North Central,Crops,Non-Perishable,Low,165.0,215.0,410.1,10962878.0,462.35,116.16666666666667
Rice local sold loose,Jul,2021,Q3,226991334,North Central,Crops,Non-Perishable,Low,165.0,215.0,410.1,10962878.0,411.97,116.16666666666667
Rice Medium Grained,Jul,2021,Q3,226991334,North Central,Crops,Non-Perishable,Low,165.0,215.0,410.1,10962878.0,456.0,116.16666666666667
"Rice,imported high quality sold loose",Jul,2021,Q3,226991334,Imported,Imported,Non-Perishable,Low,165.0,215.0,410.1,0.0,552.8,0.0
Tomato,Jul,2021,Q3,226991334,North Central,Crops,Perishable,High,165.0,215.0,410.1,10962878.0,414.83,116.16666666666667
Yam tuber,Jul,2021,Q3,226991334,South East,Crops,Perishable,Medium,165.0,215.0,410.1,10962878.0,308.72,151.93333333333334
Dried Fish Sardine,Jul,2021,Q3,226991334,South South,Fishing,Non-Perishable,Low,165.0,215.0,410.1,437893.38,1575.11,262.0
Iced Sardine,Jul,2021,Q3,226991334,Imported,Fishing,Perishable,High,165.0,215.0,410.1,437893.38,1161.01,0.0
Irish potato,Jul,2021,Q3,226991334,North East,Crops,Perishable,Medium,165.0,215.0,410.1,10962878.0,380.21,119.43333333333334
Sweet potato,Jul,2021,Q3,226991334,South East,Crops,Perishable,Medium,165.0,215.0,410.1,10962878.0,199.86,151.93333333333334
Tilapia fish (epiya) fresh,Jul,2021,Q3,226991334,South South,Fishing,Perishable,High,165.0,215.0,410.1,437893.38,1017.38,262.0
Titus:frozen,Jul,2021,Q3,226991334,Imported,Fishing,Perishable,High,165.0,215.0,410.1,437893.38,1327.44,0.0
Catfish (obokun) fresh,Jul,2021,Q3,226991334,South West,Fishing,Perishable,High,165.0,215.0,410.1,437893.38,1174.02,119.23333333333333
Catfish :dried,Jul,2021,Q3,226991334,South West,Fishing,Non-Perishable,Low,165.0,215.0,410.1,437893.38,1837.44,119.23333333333333
Catfish Smoked,Jul,2021,Q3,226991334,South West,Fishing,Non-Perishable,Low,165.0,215.0,410.1,437893.38,1592.9,119.23333333333333
Mackerel : frozen,Jul,2021,Q3,226991334,Imported,Fishing,Perishable,High,165.0,215.0,410.1,437893.38,1201.57,0.0
"Groundnut oil: 1 bottle, specify bottle",Jul,2021,Q3,226991334,North East,Crops,Non-Perishable,Low,165.0,215.0,410.1,10962878.0,768.81,119.43333333333334
Maize grain white sold loose,Jul,2021,Q3,226991334,North Central,Crops,Non-Perishable,Low,165.0,215.0,410.1,10962878.0,275.82,116.16666666666667
Maize grain yellow sold loose,Jul,2021,Q3,226991334,North Central,Crops,Non-Perishable,Low,165.0,215.0,410.1,10962878.0,280.63,116.16666666666667
"Palm oil: 1 bottle,specify bottle",Jul,2021,Q3,226991334,South South,Crops,Non-Perishable,Low,165.0,215.0,410.1,10962878.0,635.31,262.0
Plantain(ripe),Jul,2021,Q3,226991334,South East,Crops,Perishable,Medium,165.0,215.0,410.1,10962878.0,296.05,151.93333333333334
Plantain(unripe),Jul,2021,Q3,226991334,South East,Crops,Perishable,Medium,165.0,215.0,410.1,10962878.0,277.73,151.93333333333334
"Vegetable oil:1 bottle,specify bottle",Jul,2021,Q3,226991334,Imported,Crops,Non-Perishable,Low,165.0,215.0,410.1,10962878.0,739.32,0.0
Wheat flour: prepacked (golden penny 2kg),Jul,2021,Q3,226991334,Imported,Crops,Non-Perishable,Low,165.0,215.0,410.1,10962878.0,830.6,0.0
Agric eggs medium size,Aug,2021,Q3,227572947,South West,Livestock,Perishable,High,165.0,215.0,410.32,517773.34,585.64,317.53333333333336
Agric eggs(medium size price of one),Aug,2021,Q3,227572947,South West,Livestock,Perishable,High,165.0,215.0,410.32,517773.34,53.2,317.53333333333336
"Beans brown,sold loose",Aug,2021,Q3,227572947,North Central,Crops,Non-Perishable,Low,165.0,215.0,410.32,10962878.0,496.03,263.1333333333333
Beans:white black eye. sold loose,Aug,2021,Q3,227572947,North East,Crops,Non-Perishable,Low,165.0,215.0,410.32,10962878.0,457.98,151.83333333333334
Beef Bone in,Aug,2021,Q3,227572947,North West,Livestock,Perishable,High,165.0,215.0,410.32,517773.34,1274.2,154.36666666666667
"Beef,boneless",Aug,2021,Q3,227572947,North West,Livestock,Perishable,High,165.0,215.0,410.32,517773.34,1698.18,154.36666666666667
Bread sliced 500g,Aug,2021,Q3,227572947,South West,Crops,Perishable,Medium,165.0,215.0,410.32,10962878.0,366.69,317.53333333333336
Bread unsliced 500g,Aug,2021,Q3,227572947,South West,Crops,Perishable,Medium,165.0,215.0,410.32,10962878.0,342.78,317.53333333333336
Broken Rice (Ofada),Aug,2021,Q3,227572947,South West,Crops,Non-Perishable,Low,165.0,215.0,410.32,10962878.0,477.39,317.53333333333336
Chicken Feet,Aug,2021,Q3,227572947,South East,Livestock,Perishable,High,165.0,215.0,410.32,517773.34,830.17,422.90000000000003
Chicken Wings,Aug,2021,Q3,227572947,South East,Livestock,Perishable,High,165.0,215.0,410.32,517773.34,1109.63,422.90000000000003
Evaporated tinned milk carnation 170g,Aug,2021,Q3,227572947,Imported,Imported,Non-Perishable,Low,165.0,215.0,410.32,0.0,187.54,0.0
"Evaporated tinned milk(peak), 170g",Aug,2021,Q3,227572947,Imported,Imported,Non-Perishable,Low,165.0,215.0,410.32,0.0,213.09,0.0
Frozen chicken,Aug,2021,Q3,227572947,South East,Livestock,Perishable,High,165.0,215.0,410.32,517773.34,2091.34,422.90000000000003
"Gari white,sold loose",Aug,2021,Q3,227572947,South West,Crops,Non-Perishable,Low,165.0,215.0,410.32,10962878.0,323.01,317.53333333333336
"Gari yellow,sold loose",Aug,2021,Q3,227572947,South West,Crops,Non-Perishable,Low,165.0,215.0,410.32,10962878.0,341.81,317.53333333333336
Mudfish (aro) fresh,Aug,2021,Q3,227572947,South South,Fishing,Perishable,High,165.0,215.0,410.32,437893.38,1175.81,484.90000000000003
Mudfish : dried,Aug,2021,Q3,227572947,South South,Fishing,Non-Perishable,Low,165.0,215.0,410.32,437893.38,1833.68,484.90000000000003
Onion bulb,Aug,2021,Q3,227572947,North East,Crops,Perishable,Low,165.0,215.0,410.32,10962878.0,302.88,151.83333333333334
Rice agric sold loose,Aug,2021,Q3,227572947,North Central,Crops,Non-Perishable,Low,165.0,215.0,410.32,10962878.0,468.77,263.1333333333333
Rice local sold loose,Aug,2021,Q3,227572947,North Central,Crops,Non-Perishable,Low,165.0,215.0,410.32,10962878.0,409.97,263.1333333333333
Rice Medium Grained,Aug,2021,Q3,227572947,North Central,Crops,Non-Perishable,Low,165.0,215.0,410.32,10962878.0,460.33,263.1333333333333
"Rice,imported high quality sold loose",Aug,2021,Q3,227572947,Imported,Imported,Non-Perishable,Low,165.0,215.0,410.32,0.0,546.71,0.0
Tomato,Aug,2021,Q3,227572947,North Central,Crops,Perishable,High,165.0,215.0,410.32,10962878.0,396.38,263.1333333333333
Yam tuber,Aug,2021,Q3,227572947,South East,Crops,Perishable,Medium,165.0,215.0,410.32,10962878.0,305.48,422.90000000000003
Dried Fish Sardine,Aug,2021,Q3,227572947,South South,Fishing,Non-Perishable,Low,165.0,215.0,410.32,437893.38,1593.15,484.90000000000003
Iced Sardine,Aug,2021,Q3,227572947,Imported,Fishing,Perishable,High,165.0,215.0,410.32,437893.38,1195.15,0.0
Irish potato,Aug,2021,Q3,227572947,North East,Crops,Perishable,Medium,165.0,215.0,410.32,10962878.0,366.63,151.83333333333334
Sweet potato,Aug,2021,Q3,227572947,South East,Crops,Perishable,Medium,165.0,215.0,410.32,10962878.0,195.87,422.90000000000003
Tilapia fish (epiya) fresh,Aug,2021,Q3,227572947,South South,Fishing,Perishable,High,165.0,215.0,410.32,437893.38,1051.63,484.90000000000003
Titus:frozen,Aug,2021,Q3,227572947,Imported,Fishing,Perishable,High,165.0,215.0,410.32,437893.38,1375.61,0.0
Catfish (obokun) fresh,Aug,2021,Q3,227572947,South West,Fishing,Perishable,High,165.0,215.0,410.32,437893.38,1204.6,317.53333333333336
Catfish :dried,Aug,2021,Q3,227572947,South West,Fishing,Non-Perishable,Low,165.0,215.0,410.32,437893.38,1868.95,317.53333333333336
Catfish Smoked,Aug,2021,Q3,227572947,South West,Fishing,Non-Perishable,Low,165.0,215.0,410.32,437893.38,1603.89,317.53333333333336
Mackerel : frozen,Aug,2021,Q3,227572947,Imported,Fishing,Perishable,High,165.0,215.0,410.32,437893.38,1249.86,0.0
"Groundnut oil: 1 bottle, specify bottle",Aug,2021,Q3,227572947,North East,Crops,Non-Perishable,Low,165.0,215.0,410.32,10962878.0,812.7,151.83333333333334
Maize grain white sold loose,Aug,2021,Q3,227572947,North Central,Crops,Non-Perishable,Low,165.0,215.0,410.32,10962878.0,270.79,263.1333333333333
Maize grain yellow sold loose,Aug,2021,Q3,227572947,North Central,Crops,Non-Perishable,Low,165.0,215.0,410.32,10962878.0,275.28,263.1333333333333
"Palm oil: 1 bottle,specify bottle",Aug,2021,Q3,227572947,South South,Crops,Non-Perishable,Low,165.0,215.0,410.32,10962878.0,668.71,484.90000000000003
Plantain(ripe),Aug,2021,Q3,227572947,South East,Crops,Perishable,Medium,165.0,215.0,410.32,10962878.0,290.96,422.90000000000003
Plantain(unripe),Aug,2021,Q3,227572947,South East,Crops,Perishable,Medium,165.0,215.0,410.32,10962878.0,270.7,422.90000000000003
"Vegetable oil:1 bottle,specify bottle",Aug,2021,Q3,227572947,Imported,Crops,Non-Perishable,Low,165.0,215.0,410.32,10962878.0,769.45,0.0
Wheat flour: prepacked (golden penny 2kg),Aug,2021,Q3,227572947,Imported,Crops,Non-Perishable,Low,165.0,215.0,410.32,10962878.0,869.64,0.0
Agric eggs medium size,Sep,2021,Q3,228155844,South West,Livestock,Perishable,High,165.0,215.0,410.8,517773.34,604.99,188.4
Agric eggs(medium size price of one),Sep,2021,Q3,228155844,South West,Livestock,Perishable,High,165.0,215.0,410.8,517773.34,54.62,188.4
"Beans brown,sold loose",Sep,2021,Q3,228155844,North Central,Crops,Non-Perishable,Low,165.0,215.0,410.8,10962878.0,492.13,244.26666666666665
Beans:white black eye. sold loose,Sep,2021,Q3,228155844,North East,Crops,Non-Perishable,Low,165.0,215.0,410.8,10962878.0,461.59,80.13333333333334
Beef Bone in,Sep,2021,Q3,228155844,North West,Livestock,Perishable,High,165.0,215.0,410.8,517773.34,1320.73,69.5
"Beef,boneless",Sep,2021,Q3,228155844,North West,Livestock,Perishable,High,165.0,215.0,410.8,517773.34,1768.14,69.5
Bread sliced 500g,Sep,2021,Q3,228155844,South West,Crops,Perishable,Medium,165.0,215.0,410.8,10962878.0,384.73,188.4
Bread unsliced 500g,Sep,2021,Q3,228155844,South West,Crops,Perishable,Medium,165.0,215.0,410.8,10962878.0,351.95,188.4
Broken Rice (Ofada),Sep,2021,Q3,228155844,South West,Crops,Non-Perishable,Low,165.0,215.0,410.8,10962878.0,473.75,188.4
Chicken Feet,Sep,2021,Q3,228155844,South East,Livestock,Perishable,High,165.0,215.0,410.8,517773.34,849.92,303.3
Chicken Wings,Sep,2021,Q3,228155844,South East,Livestock,Perishable,High,165.0,215.0,410.8,517773.34,1125.99,303.3
Evaporated tinned milk carnation 170g,Sep,2021,Q3,228155844,Imported,Imported,Non-Perishable,Low,165.0,215.0,410.8,0.0,187.31,0.0
"Evaporated tinned milk(peak), 170g",Sep,2021,Q3,228155844,Imported,Imported,Non-Perishable,Low,165.0,215.0,410.8,0.0,216.71,0.0
Frozen chicken,Sep,2021,Q3,228155844,South East,Livestock,Perishable,High,165.0,215.0,410.8,517773.34,2109.81,303.3
"Gari white,sold loose",Sep,2021,Q3,228155844,South West,Crops,Non-Perishable,Low,165.0,215.0,410.8,10962878.0,301.58,188.4
"Gari yellow,sold loose",Sep,2021,Q3,228155844,South West,Crops,Non-Perishable,Low,165.0,215.0,410.8,10962878.0,322.44,188.4
Mudfish (aro) fresh,Sep,2021,Q3,228155844,South South,Fishing,Perishable,High,165.0,215.0,410.8,437893.38,1191.93,517.8666666666667
Mudfish : dried,Sep,2021,Q3,228155844,South South,Fishing,Non-Perishable,Low,165.0,215.0,410.8,437893.38,1844.74,517.8666666666667
Onion bulb,Sep,2021,Q3,228155844,North East,Crops,Perishable,Low,165.0,215.0,410.8,10962878.0,298.94,80.13333333333334
Rice agric sold loose,Sep,2021,Q3,228155844,North Central,Crops,Non-Perishable,Low,165.0,215.0,410.8,10962878.0,463.04,244.26666666666665
Rice local sold loose,Sep,2021,Q3,228155844,North Central,Crops,Non-Perishable,Low,165.0,215.0,410.8,10962878.0,410.01,244.26666666666665
Rice Medium Grained,Sep,2021,Q3,228155844,North Central,Crops,Non-Perishable,Low,165.0,215.0,410.8,10962878.0,454.28,244.26666666666665
"Rice,imported high quality sold loose",Sep,2021,Q3,228155844,Imported,Imported,Non-Perishable,Low,165.0,215.0,410.8,0.0,546.77,0.0
Tomato,Sep,2021,Q3,228155844,North Central,Crops,Perishable,High,165.0,215.0,410.8,10962878.0,342.25,244.26666666666665
Yam tuber,Sep,2021,Q3,228155844,South East,Crops,Perishable,Medium,165.0,215.0,410.8,10962878.0,306.87,303.3
Dried Fish Sardine,Sep,2021,Q3,228155844,South South,Fishing,Non-Perishable,Low,165.0,215.0,410.8,437893.38,1596.24,517.8666666666667
Iced Sardine,Sep,2021,Q3,228155844,Imported,Fishing,Perishable,High,165.0,215.0,410.8,437893.38,1208.67,0.0
Irish potato,Sep,2021,Q3,228155844,North East,Crops,Perishable,Medium,165.0,215.0,410.8,10962878.0,358.63,80.13333333333334
Sweet potato,Sep,2021,Q3,228155844,South East,Crops,Perishable,Medium,165.0,215.0,410.8,10962878.0,192.07,303.3
Tilapia fish (epiya) fresh,Sep,2021,Q3,228155844,South South,Fishing,Perishable,High,165.0,215.0,410.8,437893.38,1067.47,517.8666666666667
Titus:frozen,Sep,2021,Q3,228155844,Imported,Fishing,Perishable,High,165.0,215.0,410.8,437893.38,1426.42,0.0
Catfish (obokun) fresh,Sep,2021,Q3,228155844,South West,Fishing,Perishable,High,165.0,215.0,410.8,437893.38,1232.25,188.4
Catfish :dried,Sep,2021,Q3,228155844,South West,Fishing,Non-Perishable,Low,165.0,215.0,410.8,437893.38,1879.83,188.4
Catfish Smoked,Sep,2021,Q3,228155844,South West,Fishing,Non-Perishable,Low,165.0,215.0,410.8,437893.38,1599.3,188.4
Mackerel : frozen,Sep,2021,Q3,228155844,Imported,Fishing,Perishable,High,165.0,215.0,410.8,437893.38,1280.77,0.0
"Groundnut oil: 1 bottle, specify bottle",Sep,2021,Q3,228155844,North East,Crops,Non-Perishable,Low,165.0,215.0,410.8,10962878.0,844.42,80.13333333333334
Maize grain white sold loose,Sep,2021,Q3,228155844,North Central,Crops,Non-Perishable,Low,165.0,215.0,410.8,10962878.0,264.59,244.26666666666665
Maize grain yellow sold loose,Sep,2021,Q3,228155844,North Central,Crops,Non-Perishable,Low,165.0,215.0,410.8,10962878.0,266.98,244.26666666666665
"Palm oil: 1 bottle,specify bottle",Sep,2021,Q3,228155844,South South,Crops,Non-Perishable,Low,165.0,215.0,410.8,10962878.0,709.5,517.8666666666667
Plantain(ripe),Sep,2021,Q3,228155844,South East,Crops,Perishable,Medium,165.0,215.0,410.8,10962878.0,284.9,303.3
Plantain(unripe),Sep,2021,Q3,228155844,South East,Crops,Perishable,Medium,165.0,215.0,410.8,10962878.0,256.22,303.3
"Vegetable oil:1 bottle,specify bottle",Sep,2021,Q3,228155844,Imported,Crops,Non-Perishable,Low,165.0,215.0,410.8,10962878.0,812.94,0.0
Wheat flour: prepacked (golden penny 2kg),Sep,2021,Q3,228155844,Imported,Crops,Non-Perishable,Low,165.0,215.0,410.8,10962878.0,911.88,0.0
Agric eggs medium size,Oct,2021,Q4,228740030,South West,Livestock,Perishable,High,165.0,215.0,411.09,609777.06,614.89,134.13333333333333
Agric eggs(medium size price of one),Oct,2021,Q4,228740030,South West,Livestock,Perishable,High,165.0,215.0,411.09,609777.06,55.49,134.13333333333333
"Beans brown,sold loose",Oct,2021,Q4,228740030,North Central,Crops,Non-Perishable,Low,165.0,215.0,411.09,10614697.0,478.76,76.43333333333334
Beans:white black eye. sold loose,Oct,2021,Q4,228740030,North East,Crops,Non-Perishable,Low,165.0,215.0,411.09,10614697.0,464.74,20.8
Beef Bone in,Oct,2021,Q4,228740030,North West,Livestock,Perishable,High,165.0,215.0,411.09,609777.06,1339.77,12.1
"Beef,boneless",Oct,2021,Q4,228740030,North West,Livestock,Perishable,High,165.0,215.0,411.09,609777.06,1768.78,12.1
Bread sliced 500g,Oct,2021,Q4,228740030,South West,Crops,Perishable,Medium,165.0,215.0,411.09,10614697.0,382.77,134.13333333333333
Bread unsliced 500g,Oct,2021,Q4,228740030,South West,Crops,Perishable,Medium,165.0,215.0,411.09,10614697.0,359.6,134.13333333333333
Broken Rice (Ofada),Oct,2021,Q4,228740030,South West,Crops,Non-Perishable,Low,165.0,215.0,411.09,10614697.0,475.54,134.13333333333333
Chicken Feet,Oct,2021,Q4,228740030,South East,Livestock,Perishable,High,165.0,215.0,411.09,609777.06,860.72,253.29999999999998
Chicken Wings,Oct,2021,Q4,228740030,South East,Livestock,Perishable,High,165.0,215.0,411.09,609777.06,1144.01,253.29999999999998
Evaporated tinned milk carnation 170g,Oct,2021,Q4,228740030,Imported,Imported,Non-Perishable,Low,165.0,215.0,411.09,0.0,189.77,0.0
"Evaporated tinned milk(peak), 170g",Oct,2021,Q4,228740030,Imported,Imported,Non-Perishable,Low,165.0,215.0,411.09,0.0,217.52,0.0
Frozen chicken,Oct,2021,Q4,228740030,South East,Livestock,Perishable,High,165.0,215.0,411.09,609777.06,2128.91,253.29999999999998
"Gari white,sold loose",Oct,2021,Q4,228740030,South West,Crops,Non-Perishable,Low,165.0,215.0,411.09,10614697.0,292.57,134.13333333333333
"Gari yellow,sold loose",Oct,2021,Q4,228740030,South West,Crops,Non-Perishable,Low,165.0,215.0,411.09,10614697.0,321.57,134.13333333333333
Mudfish (aro) fresh,Oct,2021,Q4,228740030,South South,Fishing,Perishable,High,165.0,215.0,411.09,608543.5,1189.15,387.43333333333334
Mudfish : dried,Oct,2021,Q4,228740030,South South,Fishing,Non-Perishable,Low,165.0,215.0,411.09,608543.5,1851.16,387.43333333333334
Onion bulb,Oct,2021,Q4,228740030,North East,Crops,Perishable,Low,165.0,215.0,411.09,10614697.0,306.07,20.8
Rice agric sold loose,Oct,2021,Q4,228740030,North Central,Crops,Non-Perishable,Low,165.0,215.0,411.09,10614697.0,465.64,76.43333333333334
Rice local sold loose,Oct,2021,Q4,228740030,North Central,Crops,Non-Perishable,Low,165.0,215.0,411.09,10614697.0,415.03,76.43333333333334
Rice Medium Grained,Oct,2021,Q4,228740030,North Central,Crops,Non-Perishable,Low,165.0,215.0,411.09,10614697.0,463.38,76.43333333333334
"Rice,imported high quality sold loose",Oct,2021,Q4,228740030,Imported,Imported,Non-Perishable,Low,165.0,215.0,411.09,0.0,553.23,0.0
Tomato,Oct,2021,Q4,228740030,North Central,Crops,Perishable,High,165.0,215.0,411.09,10614697.0,347.47,76.43333333333334
Yam tuber,Oct,2021,Q4,228740030,South East,Crops,Perishable,Medium,165.0,215.0,411.09,10614697.0,313.05,253.29999999999998
Dried Fish Sardine,Oct,2021,Q4,228740030,South South,Fishing,Non-Perishable,Low,165.0,215.0,411.09,608543.5,1604.24,387.43333333333334
Iced Sardine,Oct,2021,Q4,228740030,Imported,Fishing,Perishable,High,165.0,215.0,411.09,608543.5,1209.04,0.0
Irish potato,Oct,2021,Q4,228740030,North East,Crops,Perishable,Medium,165.0,215.0,411.09,10614697.0,367.85,20.8
Sweet potato,Oct,2021,Q4,228740030,South East,Crops,Perishable,Medium,165.0,215.0,411.09,10614697.0,192.14,253.29999999999998
Tilapia fish (epiya) fresh,Oct,2021,Q4,228740030,South South,Fishing,Perishable,High,165.0,215.0,411.09,608543.5,1074.97,387.43333333333334
Titus:frozen,Oct,2021,Q4,228740030,Imported,Fishing,Perishable,High,165.0,215.0,411.09,608543.5,1424.58,0.0
Catfish (obokun) fresh,Oct,2021,Q4,228740030,South West,Fishing,Perishable,High,165.0,215.0,411.09,608543.5,1242.54,134.13333333333333
Catfish :dried,Oct,2021,Q4,228740030,South West,Fishing,Non-Perishable,Low,165.0,215.0,411.09,608543.5,1892.34,134.13333333333333
Catfish Smoked,Oct,2021,Q4,228740030,South West,Fishing,Non-Perishable,Low,165.0,215.0,411.09,608543.5,1621.3,134.13333333333333
Mackerel : frozen,Oct,2021,Q4,228740030,Imported,Fishing,Perishable,High,165.0,215.0,411.09,608543.5,1284.86,0.0
"Groundnut oil: 1 bottle, specify bottle",Oct,2021,Q4,228740030,North East,Crops,Non-Perishable,Low,165.0,215.0,411.09,10614697.0,852.32,20.8
Maize grain white sold loose,Oct,2021,Q4,228740030,North Central,Crops,Non-Perishable,Low,165.0,215.0,411.09,10614697.0,266.23,76.43333333333334
Maize grain yellow sold loose,Oct,2021,Q4,228740030,North Central,Crops,Non-Perishable,Low,165.0,215.0,411.09,10614697.0,267.45,76.43333333333334
"Palm oil: 1 bottle,specify bottle",Oct,2021,Q4,228740030,South South,Crops,Non-Perishable,Low,165.0,215.0,411.09,10614697.0,727.21,387.43333333333334
Plantain(ripe),Oct,2021,Q4,228740030,South East,Crops,Perishable,Medium,165.0,215.0,411.09,10614697.0,287.89,253.29999999999998
Plantain(unripe),Oct,2021,Q4,228740030,South East,Crops,Perishable,Medium,165.0,215.0,411.09,10614697.0,261.59,253.29999999999998
"Vegetable oil:1 bottle,specify bottle",Oct,2021,Q4,228740030,Imported,Crops,Non-Perishable,Low,165.0,215.0,411.09,10614697.0,825.46,0.0
Wheat flour: prepacked (golden penny 2kg),Oct,2021,Q4,228740030,Imported,Crops,Non-Perishable,Low,165.0,215.0,411.09,10614697.0,912.72,0.0
Agric eggs medium size,Nov,2021,Q4,229325507,South West,Livestock,Perishable,High,165.0,215.0,411.66,609777.06,629.82,38.5
Agric eggs(medium size price of one),Nov,2021,Q4,229325507,South West,Livestock,Perishable,High,165.0,215.0,411.66,609777.06,57.35,38.5
"Beans brown,sold loose",Nov,2021,Q4,229325507,North Central,Crops,Non-Perishable,Low,165.0,215.0,411.66,10614697.0,490.19,9.166666666666666
Beans:white black eye. sold loose,Nov,2021,Q4,229325507,North East,Crops,Non-Perishable,Low,165.0,215.0,411.66,10614697.0,476.76,0.0
Beef Bone in,Nov,2021,Q4,229325507,North West,Livestock,Perishable,High,165.0,215.0,411.66,609777.06,1366.24,0.2333333333333333
"Beef,boneless",Nov,2021,Q4,229325507,North West,Livestock,Perishable,High,165.0,215.0,411.66,609777.06,1812.03,0.2333333333333333
Bread sliced 500g,Nov,2021,Q4,229325507,South West,Crops,Perishable,Medium,165.0,215.0,411.66,10614697.0,404.2,38.5
Bread unsliced 500g,Nov,2021,Q4,229325507,South West,Crops,Perishable,Medium,165.0,215.0,411.66,10614697.0,366.46,38.5
Broken Rice (Ofada),Nov,2021,Q4,229325507,South West,Crops,Non-Perishable,Low,165.0,215.0,411.66,10614697.0,480.65,38.5
Chicken Feet,Nov,2021,Q4,229325507,South East,Livestock,Perishable,High,165.0,215.0,411.66,609777.06,882.77,98.66666666666667
Chicken Wings,Nov,2021,Q4,229325507,South East,Livestock,Perishable,High,165.0,215.0,411.66,609777.06,1179.82,98.66666666666667
Evaporated tinned milk carnation 170g,Nov,2021,Q4,229325507,Imported,Imported,Non-Perishable,Low,165.0,215.0,411.66,0.0,195.7,0.0
"Evaporated tinned milk(peak), 170g",Nov,2021,Q4,229325507,Imported,Imported,Non-Perishable,Low,165.0,215.0,411.66,0.0,234.93,0.0
Frozen chicken,Nov,2021,Q4,229325507,South East,Livestock,Perishable,High,165.0,215.0,411.66,609777.06,2164.76,98.66666666666667
"Gari white,sold loose",Nov,2021,Q4,229325507,South West,Crops,Non-Perishable,Low,165.0,215.0,411.66,10614697.0,302.28,38.5
"Gari yellow,sold loose",Nov,2021,Q4,229325507,South West,Crops,Non-Perishable,Low,165.0,215.0,411.66,10614697.0,329.21,38.5
Mudfish (aro) fresh,Nov,2021,Q4,229325507,South South,Fishing,Perishable,High,165.0,215.0,411.66,608543.5,1219.44,218.5666666666667
Mudfish : dried,Nov,2021,Q4,229325507,South South,Fishing,Non-Perishable,Low,165.0,215.0,411.66,608543.5,1898.13,218.5666666666667
Onion bulb,Nov,2021,Q4,229325507,North East,Crops,Perishable,Low,165.0,215.0,411.66,10614697.0,340.99,0.0
Rice agric sold loose,Nov,2021,Q4,229325507,North Central,Crops,Non-Perishable,Low,165.0,215.0,411.66,10614697.0,469.53,9.166666666666666
Rice local sold loose,Nov,2021,Q4,229325507,North Central,Crops,Non-Perishable,Low,165.0,215.0,411.66,10614697.0,421.02,9.166666666666666
Rice Medium Grained,Nov,2021,Q4,229325507,North Central,Crops,Non-Perishable,Low,165.0,215.0,411.66,10614697.0,476.67,9.166666666666666
"Rice,imported high quality sold loose",Nov,2021,Q4,229325507,Imported,Imported,Non-Perishable,Low,165.0,215.0,411.66,0.0,568.75,0.0
Tomato,Nov,2021,Q4,229325507,North Central,Crops,Perishable,High,165.0,215.0,411.66,10614697.0,349.6,9.166666666666666
Yam tuber,Nov,2021,Q4,229325507,South East,Crops,Perishable,Medium,165.0,215.0,411.66,10614697.0,327.53,98.66666666666667
Dried Fish Sardine,Nov,2021,Q4,229325507,South South,Fishing,Non-Perishable,Low,165.0,215.0,411.66,608543.5,1636.8,218.5666666666667
Iced Sardine,Nov,2021,Q4,229325507,Imported,Fishing,Perishable,High,165.0,215.0,411.66,608543.5,1236.35,0.0
Irish potato,Nov,2021,Q4,229325507,North East,Crops,Perishable,Medium,165.0,215.0,411.66,10614697.0,403.68,0.0
Sweet potato,Nov,2021,Q4,229325507,South East,Crops,Perishable,Medium,165.0,215.0,411.66,10614697.0,202.25,98.66666666666667
Tilapia fish (epiya) fresh,Nov,2021,Q4,229325507,South South,Fishing,Perishable,High,165.0,215.0,411.66,608543.5,1101.38,218.5666666666667
Titus:frozen,Nov,2021,Q4,229325507,Imported,Fishing,Perishable,High,165.0,215.0,411.66,608543.5,1451.35,0.0
Catfish (obokun) fresh,Nov,2021,Q4,229325507,South West,Fishing,Perishable,High,165.0,215.0,411.66,608543.5,1276.58,38.5
Catfish :dried,Nov,2021,Q4,229325507,South West,Fishing,Non-Perishable,Low,165.0,215.0,411.66,608543.5,1946.38,38.5
Catfish Smoked,Nov,2021,Q4,229325507,South West,Fishing,Non-Perishable,Low,165.0,215.0,411.66,608543.5,1664.65,38.5
Mackerel : frozen,Nov,2021,Q4,229325507,Imported,Fishing,Perishable,High,165.0,215.0,411.66,608543.5,1318.9,0.0
"Groundnut oil: 1 bottle, specify bottle",Nov,2021,Q4,229325507,North East,Crops,Non-Perishable,Low,165.0,215.0,411.66,10614697.0,890.15,0.0
Maize grain white sold loose,Nov,2021,Q4,229325507,North Central,Crops,Non-Perishable,Low,165.0,215.0,411.66,10614697.0,272.42,9.166666666666666
Maize grain yellow sold loose,Nov,2021,Q4,229325507,North Central,Crops,Non-Perishable,Low,165.0,215.0,411.66,10614697.0,273.9,9.166666666666666
"Palm oil: 1 bottle,specify bottle",Nov,2021,Q4,229325507,South South,Crops,Non-Perishable,Low,165.0,215.0,411.66,10614697.0,775.11,218.5666666666667
Plantain(ripe),Nov,2021,Q4,229325507,South East,Crops,Perishable,Medium,165.0,215.0,411.66,10614697.0,284.47,98.66666666666667
Plantain(unripe),Nov,2021,Q4,229325507,South East,Crops,Perishable,Medium,165.0,215.0,411.66,10614697.0,260.72,98.66666666666667
"Vegetable oil:1 bottle,specify bottle",Nov,2021,Q4,229325507,Imported,Crops,Non-Perishable,Low,165.0,215.0,411.66,10614697.0,876.47,0.0
Wheat flour: prepacked (golden penny 2kg),Nov,2021,Q4,229325507,Imported,Crops,Non-Perishable,Low,165.0,215.0,411.66,10614697.0,950.6,0.0
Agric eggs medium size,Dec,2021,Q4,229912283,South West,Livestock,Perishable,High,165.0,215.0,413.49,609777.06,635.16,4.233333333333333
Agric eggs(medium size price of one),Dec,2021,Q4,229912283,South West,Livestock,Perishable,High,165.0,215.0,413.49,609777.06,57.82,4.233333333333333
"Beans brown,sold loose",Dec,2021,Q4,229912283,North Central,Crops,Non-Perishable,Low,165.0,215.0,413.49,10614697.0,494.83,0.0
Beans:white black eye. sold loose,Dec,2021,Q4,229912283,North East,Crops,Non-Perishable,Low,165.0,215.0,413.49,10614697.0,480.79,0.0
Beef Bone in,Dec,2021,Q4,229912283,North West,Livestock,Perishable,High,165.0,215.0,413.49,609777.06,1385.96,0.0
"Beef,boneless",Dec,2021,Q4,229912283,North West,Livestock,Perishable,High,165.0,215.0,413.49,609777.06,1846.39,0.0
Bread sliced 500g,Dec,2021,Q4,229912283,South West,Crops,Perishable,Medium,165.0,215.0,413.49,10614697.0,407.97,4.233333333333333
Bread unsliced 500g,Dec,2021,Q4,229912283,South West,Crops,Perishable,Medium,165.0,215.0,413.49,10614697.0,372.06,4.233333333333333
Broken Rice (Ofada),Dec,2021,Q4,229912283,South West,Crops,Non-Perishable,Low,165.0,215.0,413.49,10614697.0,480.23,4.233333333333333
Chicken Feet,Dec,2021,Q4,229912283,South East,Livestock,Perishable,High,165.0,215.0,413.49,609777.06,883.89,1.5666666666666667
Chicken Wings,Dec,2021,Q4,229912283,South East,Livestock,Perishable,High,165.0,215.0,413.49,609777.06,1197.57,1.5666666666666667
Evaporated tinned milk carnation 170g,Dec,2021,Q4,229912283,Imported,Imported,Non-Perishable,Low,165.0,215.0,413.49,0.0,199.31,0.0
"Evaporated tinned milk(peak), 170g",Dec,2021,Q4,229912283,Imported,Imported,Non-Perishable,Low,165.0,215.0,413.49,0.0,234.8,0.0
Frozen chicken,Dec,2021,Q4,229912283,South East,Livestock,Perishable,High,165.0,215.0,413.49,609777.06,2256.81,1.5666666666666667
"Gari white,sold loose",Dec,2021,Q4,229912283,South West,Crops,Non-Perishable,Low,165.0,215.0,413.49,10614697.0,299.51,4.233333333333333
"Gari yellow,sold loose",Dec,2021,Q4,229912283,South West,Crops,Non-Perishable,Low,165.0,215.0,413.49,10614697.0,330.47,4.233333333333333
Mudfish (aro) fresh,Dec,2021,Q4,229912283,South South,Fishing,Perishable,High,165.0,215.0,413.49,608543.5,1243.91,23.5
Mudfish : dried,Dec,2021,Q4,229912283,South South,Fishing,Non-Perishable,Low,165.0,215.0,413.49,608543.5,1927.89,23.5
Onion bulb,Dec,2021,Q4,229912283,North East,Crops,Perishable,Low,165.0,215.0,413.49,10614697.0,346.96,0.0
Rice agric sold loose,Dec,2021,Q4,229912283,North Central,Crops,Non-Perishable,Low,165.0,215.0,413.49,10614697.0,476.44,0.0
Rice local sold loose,Dec,2021,Q4,229912283,North Central,Crops,Non-Perishable,Low,165.0,215.0,413.49,10614697.0,424.62,0.0
Rice Medium Grained,Dec,2021,Q4,229912283,North Central,Crops,Non-Perishable,Low,165.0,215.0,413.49,10614697.0,477.03,0.0
"Rice,imported high quality sold loose",Dec,2021,Q4,229912283,Imported,Imported,Non-Perishable,Low,165.0,215.0,413.49,0.0,571.62,0.0
Tomato,Dec,2021,Q4,229912283,North Central,Crops,Perishable,High,165.0,215.0,413.49,10614697.0,357.03,0.0
Yam tuber,Dec,2021,Q4,229912283,South East,Crops,Perishable,Medium,165.0,215.0,413.49,10614697.0,328.75,1.5666666666666667
Dried Fish Sardine,Dec,2021,Q4,229912283,South South,Fishing,Non-Perishable,Low,165.0,215.0,413.49,608543.5,1647.57,23.5
Iced Sardine,Dec,2021,Q4,229912283,Imported,Fishing,Perishable,High,165.0,215.0,413.49,608543.5,1250.06,0.0
Irish potato,Dec,2021,Q4,229912283,North East,Crops,Perishable,Medium,165.0,215.0,413.49,10614697.0,414.84,0.0
Sweet potato,Dec,2021,Q4,229912283,South East,Crops,Perishable,Medium,165.0,215.0,413.49,10614697.0,214.44,1.5666666666666667
Tilapia fish (epiya) fresh,Dec,2021,Q4,229912283,South South,Fishing,Perishable,High,165.0,215.0,413.49,608543.5,1116.88,23.5
Titus:frozen,Dec,2021,Q4,229912283,Imported,Fishing,Perishable,High,165.0,215.0,413.49,608543.5,1463.6,0.0
Catfish (obokun) fresh,Dec,2021,Q4,229912283,South West,Fishing,Perishable,High,165.0,215.0,413.49,608543.5,1284.34,4.233333333333333
Catfish :dried,Dec,2021,Q4,229912283,South West,Fishing,Non-Perishable,Low,165.0,215.0,413.49,608543.5,1973.64,4.233333333333333
Catfish Smoked,Dec,2021,Q4,229912283,South West,Fishing,Non-Perishable,Low,165.0,215.0,413.49,608543.5,1673.32,4.233333333333333
Mackerel : frozen,Dec,2021,Q4,229912283,Imported,Fishing,Perishable,High,165.0,215.0,413.49,608543.5,1322.24,0.0
"Groundnut oil: 1 bottle, specify bottle",Dec,2021,Q4,229912283,North East,Crops,Non-Perishable,Low,165.0,215.0,413.49,10614697.0,923.68,0.0
Maize grain white sold loose,Dec,2021,Q4,229912283,North Central,Crops,Non-Perishable,Low,165.0,215.0,413.49,10614697.0,275.14,0.0
Maize grain yellow sold loose,Dec,2021,Q4,229912283,North Central,Crops,Non-Perishable,Low,165.0,215.0,413.49,10614697.0,274.39,0.0
"Palm oil: 1 bottle,specify bottle",Dec,2021,Q4,229912283,South South,Crops,Non-Perishable,Low,165.0,215.0,413.49,10614697.0,795.57,23.5
Plantain(ripe),Dec,2021,Q4,229912283,South East,Crops,Perishable,Medium,165.0,215.0,413.49,10614697.0,285.62,1.5666666666666667
Plantain(unripe),Dec,2021,Q4,229912283,South East,Crops,Perishable,Medium,165.0,215.0,413.49,10614697.0,261.15,1.5666666666666667
"Vegetable oil:1 bottle,specify bottle",Dec,2021,Q4,229912283,Imported,Crops,Non-Perishable,Low,165.0,215.0,413.49,10614697.0,896.39,0.0
Wheat flour: prepacked (golden penny 2kg),Dec,2021,Q4,229912283,Imported,Crops,Non-Perishable,Low,165.0,215.0,413.49,10614697.0,967.46,0.0
Agric eggs medium size,Jan,2022,Q1,230500361,South West,Livestock,Perishable,High,165.0,215.0,416.26,656786.9,644.33,6.333333333333333
Agric eggs(medium size price of one),Jan,2022,Q1,230500361,South West,Livestock,Perishable,High,165.0,215.0,416.26,656786.9,58.28,6.333333333333333
"Beans brown,sold loose",Jan,2022,Q1,230500361,North Central,Crops,Non-Perishable,Low,165.0,215.0,416.26,8129294.0,498.85,0.3
Beans:white black eye. sold loose,Jan,2022,Q1,230500361,North East,Crops,Non-Perishable,Low,165.0,215.0,416.26,8129294.0,481.47,0.0
Beef Bone in,Jan,2022,Q1,230500361,North West,Livestock,Perishable,High,165.0,215.0,416.26,656786.9,1415.77,0.13333333333333333
"Beef,boneless",Jan,2022,Q1,230500361,North West,Livestock,Perishable,High,165.0,215.0,416.26,656786.9,1864.7,0.13333333333333333
Bread sliced 500g,Jan,2022,Q1,230500361,South West,Crops,Perishable,Medium,165.0,215.0,416.26,8129294.0,418.65,6.333333333333333
Bread unsliced 500g,Jan,2022,Q1,230500361,South West,Crops,Perishable,Medium,165.0,215.0,416.26,8129294.0,383.51,6.333333333333333
Broken Rice (Ofada),Jan,2022,Q1,230500361,South West,Crops,Non-Perishable,Low,165.0,215.0,416.26,8129294.0,486.7,6.333333333333333
Chicken Feet,Jan,2022,Q1,230500361,South East,Livestock,Perishable,High,165.0,215.0,416.26,656786.9,897.62,19.933333333333334
Chicken Wings,Jan,2022,Q1,230500361,South East,Livestock,Perishable,High,165.0,215.0,416.26,656786.9,1209.62,19.933333333333334
Evaporated tinned milk carnation 170g,Jan,2022,Q1,230500361,Imported,Imported,Non-Perishable,Low,165.0,215.0,416.26,0.0,201.61,0.0
"Evaporated tinned milk(peak), 170g",Jan,2022,Q1,230500361,Imported,Imported,Non-Perishable,Low,165.0,215.0,416.26,0.0,239.21,0.0
Frozen chicken,Jan,2022,Q1,230500361,South East,Livestock,Perishable,High,165.0,215.0,416.26,656786.9,2275.78,19.933333333333334
"Gari white,sold loose",Jan,2022,Q1,230500361,South West,Crops,Non-Perishable,Low,165.0,215.0,416.26,8129294.0,307.53,6.333333333333333
"Gari yellow,sold loose",Jan,2022,Q1,230500361,South West,Crops,Non-Perishable,Low,165.0,215.0,416.26,8129294.0,336.33,6.333333333333333
Mudfish (aro) fresh,Jan,2022,Q1,230500361,South South,Fishing,Perishable,High,165.0,215.0,416.26,697396.2,1256.25,42.56666666666666
Mudfish : dried,Jan,2022,Q1,230500361,South South,Fishing,Non-Perishable,Low,165.0,215.0,416.26,697396.2,2305.65,42.56666666666666
Onion bulb,Jan,2022,Q1,230500361,North East,Crops,Perishable,Low,165.0,215.0,416.26,8129294.0,368.1,0.0
Rice agric sold loose,Jan,2022,Q1,230500361,North Central,Crops,Non-Perishable,Low,165.0,215.0,416.26,8129294.0,480.53,0.3
Rice local sold loose,Jan,2022,Q1,230500361,North Central,Crops,Non-Perishable,Low,165.0,215.0,416.26,8129294.0,430.21,0.3
Rice Medium Grained,Jan,2022,Q1,230500361,North Central,Crops,Non-Perishable,Low,165.0,215.0,416.26,8129294.0,477.33,0.3
"Rice,imported high quality sold loose",Jan,2022,Q1,230500361,Imported,Imported,Non-Perishable,Low,165.0,215.0,416.26,0.0,579.16,0.0
Tomato,Jan,2022,Q1,230500361,North Central,Crops,Perishable,High,165.0,215.0,416.26,8129294.0,367.01,0.3
Yam tuber,Jan,2022,Q1,230500361,South East,Crops,Perishable,Medium,165.0,215.0,416.26,8129294.0,331.24,19.933333333333334
Dried Fish Sardine,Jan,2022,Q1,230500361,South South,Fishing,Non-Perishable,Low,165.0,215.0,416.26,697396.2,1664.33,42.56666666666666
Iced Sardine,Jan,2022,Q1,230500361,Imported,Fishing,Perishable,High,165.0,215.0,416.26,697396.2,1275.9,0.0
Irish potato,Jan,2022,Q1,230500361,North East,Crops,Perishable,Medium,165.0,215.0,416.26,8129294.0,429.8,0.0
Sweet potato,Jan,2022,Q1,230500361,South East,Crops,Perishable,Medium,165.0,215.0,416.26,8129294.0,217.78,19.933333333333334
Tilapia fish (epiya) fresh,Jan,2022,Q1,230500361,South South,Fishing,Perishable,High,165.0,215.0,416.26,697396.2,1124.04,42.56666666666666
Titus:frozen,Jan,2022,Q1,230500361,Imported,Fishing,Perishable,High,165.0,215.0,416.26,697396.2,1450.73,0.0
Catfish (obokun) fresh,Jan,2022,Q1,230500361,South West,Fishing,Perishable,High,165.0,215.0,416.26,697396.2,1381.44,6.333333333333333
Catfish :dried,Jan,2022,Q1,230500361,South West,Fishing,Non-Perishable,Low,165.0,215.0,416.26,697396.2,2055.6,6.333333333333333
Catfish Smoked,Jan,2022,Q1,230500361,South West,Fishing,Non-Perishable,Low,165.0,215.0,416.26,697396.2,1685.98,6.333333333333333
Mackerel : frozen,Jan,2022,Q1,230500361,Imported,Fishing,Perishable,High,165.0,215.0,416.26,697396.2,1381.84,0.0
"Groundnut oil: 1 bottle, specify bottle",Jan,2022,Q1,230500361,North East,Crops,Non-Perishable,Low,165.0,215.0,416.26,8129294.0,941.1,0.0
Maize grain white sold loose,Jan,2022,Q1,230500361,North Central,Crops,Non-Perishable,Low,165.0,215.0,416.26,8129294.0,280.66,0.3
Maize grain yellow sold loose,Jan,2022,Q1,230500361,North Central,Crops,Non-Perishable,Low,165.0,215.0,416.26,8129294.0,280.44,0.3
"Palm oil: 1 bottle,specify bottle",Jan,2022,Q1,230500361,South South,Crops,Non-Perishable,Low,165.0,215.0,416.26,8129294.0,805.45,42.56666666666666
Plantain(ripe),Jan,2022,Q1,230500361,South East,Crops,Perishable,Medium,165.0,215.0,416.26,8129294.0,288.51,19.933333333333334
Plantain(unripe),Jan,2022,Q1,230500361,South East,Crops,Perishable,Medium,165.0,215.0,416.26,8129294.0,262.51,19.933333333333334
"Vegetable oil:1 bottle,specify bottle",Jan,2022,Q1,230500361,Imported,Crops,Non-Perishable,Low,165.0,215.0,416.26,8129294.0,920.76,0.0
Wheat flour: prepacked (golden penny 2kg),Jan,2022,Q1,230500361,Imported,Crops,Non-Perishable,Low,165.0,215.0,416.26,8129294.0,974.87,0.0
Agric eggs medium size,Feb,2022,Q1,231089742,South West,Livestock,Perishable,High,165.0,215.0,416.59,656786.9,654.9,6.433333333333334
Agric eggs(medium size price of one),Feb,2022,Q1,231089742,South West,Livestock,Perishable,High,165.0,215.0,416.59,656786.9,59.82,6.433333333333334
"Beans brown,sold loose",Feb,2022,Q1,231089742,North Central,Crops,Non-Perishable,Low,165.0,215.0,416.59,8129294.0,509.65,0.0
Beans:white black eye. sold loose,Feb,2022,Q1,231089742,North East,Crops,Non-Perishable,Low,165.0,215.0,416.59,8129294.0,497.54,0.0
Beef Bone in,Feb,2022,Q1,231089742,North West,Livestock,Perishable,High,165.0,215.0,416.59,656786.9,1440.7,0.0
"Beef,boneless",Feb,2022,Q1,231089742,North West,Livestock,Perishable,High,165.0,215.0,416.59,656786.9,1919.52,0.0
Bread sliced 500g,Feb,2022,Q1,231089742,South West,Crops,Perishable,Medium,165.0,215.0,416.59,8129294.0,438.03,6.433333333333334
Bread unsliced 500g,Feb,2022,Q1,231089742,South West,Crops,Perishable,Medium,165.0,215.0,416.59,8129294.0,400.83,6.433333333333334
Broken Rice (Ofada),Feb,2022,Q1,231089742,South West,Crops,Non-Perishable,Low,165.0,215.0,416.59,8129294.0,496.57,6.433333333333334
Chicken Feet,Feb,2022,Q1,231089742,South East,Livestock,Perishable,High,165.0,215.0,416.59,656786.9,911.93,1.366666666666667
Chicken Wings,Feb,2022,Q1,231089742,South East,Livestock,Perishable,High,165.0,215.0,416.59,656786.9,1222.77,1.366666666666667
Evaporated tinned milk carnation 170g,Feb,2022,Q1,231089742,Imported,Imported,Non-Perishable,Low,165.0,215.0,416.59,0.0,205.13,0.0
"Evaporated tinned milk(peak), 170g",Feb,2022,Q1,231089742,Imported,Imported,Non-Perishable,Low,165.0,215.0,416.59,0.0,245.28,0.0
Frozen chicken,Feb,2022,Q1,231089742,South East,Livestock,Perishable,High,165.0,215.0,416.59,656786.9,2351.31,1.366666666666667
"Gari white,sold loose",Feb,2022,Q1,231089742,South West,Crops,Non-Perishable,Low,165.0,215.0,416.59,8129294.0,313.27,6.433333333333334
"Gari yellow,sold loose",Feb,2022,Q1,231089742,South West,Crops,Non-Perishable,Low,165.0,215.0,416.59,8129294.0,339.72,6.433333333333334
Mudfish (aro) fresh,Feb,2022,Q1,231089742,South South,Fishing,Perishable,High,165.0,215.0,416.59,697396.2,1282.31,19.8
Mudfish : dried,Feb,2022,Q1,231089742,South South,Fishing,Non-Perishable,Low,165.0,215.0,416.59,697396.2,1983.75,19.8
Onion bulb,Feb,2022,Q1,231089742,North East,Crops,Perishable,Low,165.0,215.0,416.59,8129294.0,378.26,0.0
Rice agric sold loose,Feb,2022,Q1,231089742,North Central,Crops,Non-Perishable,Low,165.0,215.0,416.59,8129294.0,492.81,0.0
Rice local sold loose,Feb,2022,Q1,231089742,North Central,Crops,Non-Perishable,Low,165.0,215.0,416.59,8129294.0,436.58,0.0
Rice Medium Grained,Feb,2022,Q1,231089742,North Central,Crops,Non-Perishable,Low,165.0,215.0,416.59,8129294.0,487.43,0.0
"Rice,imported high quality sold loose",Feb,2022,Q1,231089742,Imported,Imported,Non-Perishable,Low,165.0,215.0,416.59,0.0,594.8,0.0
Tomato,Feb,2022,Q1,231089742,North Central,Crops,Perishable,High,165.0,215.0,416.59,8129294.0,393.08,0.0
Yam tuber,Feb,2022,Q1,231089742,South East,Crops,Perishable,Medium,165.0,215.0,416.59,8129294.0,339.76,1.366666666666667
Dried Fish Sardine,Feb,2022,Q1,231089742,South South,Fishing,Non-Perishable,Low,165.0,215.0,416.59,697396.2,1703.59,19.8
Iced Sardine,Feb,2022,Q1,231089742,Imported,Fishing,Perishable,High,165.0,215.0,416.59,697396.2,1298.02,0.0
Irish potato,Feb,2022,Q1,231089742,North East,Crops,Perishable,Medium,165.0,215.0,416.59,8129294.0,430.54,0.0
Sweet potato,Feb,2022,Q1,231089742,South East,Crops,Perishable,Medium,165.0,215.0,416.59,8129294.0,227.23,1.366666666666667
Tilapia fish (epiya) fresh,Feb,2022,Q1,231089742,South South,Fishing,Perishable,High,165.0,215.0,416.59,697396.2,1144.68,19.8
Titus:frozen,Feb,2022,Q1,231089742,Imported,Fishing,Perishable,High,165.0,215.0,416.59,697396.2,1498.81,0.0
Catfish (obokun) fresh,Feb,2022,Q1,231089742,South West,Fishing,Perishable,High,165.0,215.0,416.59,697396.2,1330.07,6.433333333333334
Catfish :dried,Feb,2022,Q1,231089742,South West,Fishing,Non-Perishable,Low,165.0,215.0,416.59,697396.2,2050.31,6.433333333333334
Catfish Smoked,Feb,2022,Q1,231089742,South West,Fishing,Non-Perishable,Low,165.0,215.0,416.59,697396.2,1710.36,6.433333333333334
Mackerel : frozen,Feb,2022,Q1,231089742,Imported,Fishing,Perishable,High,165.0,215.0,416.59,697396.2,1372.65,0.0
"Groundnut oil: 1 bottle, specify bottle",Feb,2022,Q1,231089742,North East,Crops,Non-Perishable,Low,165.0,215.0,416.59,8129294.0,971.01,0.0
Maize grain white sold loose,Feb,2022,Q1,231089742,North Central,Crops,Non-Perishable,Low,165.0,215.0,416.59,8129294.0,287.6,0.0
Maize grain yellow sold loose,Feb,2022,Q1,231089742,North Central,Crops,Non-Perishable,Low,165.0,215.0,416.59,8129294.0,289.7,0.0
"Palm oil: 1 bottle,specify bottle",Feb,2022,Q1,231089742,South South,Crops,Non-Perishable,Low,165.0,215.0,416.59,8129294.0,825.51,19.8
Plantain(ripe),Feb,2022,Q1,231089742,South East,Crops,Perishable,Medium,165.0,215.0,416.59,8129294.0,292.54,1.366666666666667
Plantain(unripe),Feb,2022,Q1,231089742,South East,Crops,Perishable,Medium,165.0,215.0,416.59,8129294.0,268.52,1.366666666666667
"Vegetable oil:1 bottle,specify bottle",Feb,2022,Q1,231089742,Imported,Crops,Non-Perishable,Low,165.0,215.0,416.59,8129294.0,950.46,0.0
Rice agric sold loose,Apr,2022,Q2,232272423,North Central,Crops,Non-Perishable,Low,165.0,215.0,415.69,8655036.0,504.2,77.5
Wheat flour: prepacked (golden penny 2kg),Feb,2022,Q1,231089742,Imported,Crops,Non-Perishable,Low,165.0,215.0,416.59,8129294.0,1021.66,0.0
Agric eggs medium size,Mar,2022,Q1,231680429,South West,Livestock,Perishable,High,165.0,215.0,416.25,656786.9,669.65,43.23333333333333
Agric eggs(medium size price of one),Mar,2022,Q1,231680429,South West,Livestock,Perishable,High,165.0,215.0,416.25,656786.9,61.75,43.23333333333333
"Beans brown,sold loose",Mar,2022,Q1,231680429,North Central,Crops,Non-Perishable,Low,165.0,215.0,416.25,8129294.0,528.52,1.3666666666666665
Beans:white black eye. sold loose,Mar,2022,Q1,231680429,North East,Crops,Non-Perishable,Low,165.0,215.0,416.25,8129294.0,504.65,0.0
Beef Bone in,Mar,2022,Q1,231680429,North West,Livestock,Perishable,High,165.0,215.0,416.25,656786.9,1504.46,0.0
"Beef,boneless",Mar,2022,Q1,231680429,North West,Livestock,Perishable,High,165.0,215.0,416.25,656786.9,1963.63,0.0
Bread sliced 500g,Mar,2022,Q1,231680429,South West,Crops,Perishable,Medium,165.0,215.0,416.25,8129294.0,449.46,43.23333333333333
Bread unsliced 500g,Mar,2022,Q1,231680429,South West,Crops,Perishable,Medium,165.0,215.0,416.25,8129294.0,412.83,43.23333333333333
Broken Rice (Ofada),Mar,2022,Q1,231680429,South West,Crops,Non-Perishable,Low,165.0,215.0,416.25,8129294.0,502.57,43.23333333333333
Chicken Feet,Mar,2022,Q1,231680429,South East,Livestock,Perishable,High,165.0,215.0,416.25,656786.9,922.11,40.6
Chicken Wings,Mar,2022,Q1,231680429,South East,Livestock,Perishable,High,165.0,215.0,416.25,656786.9,1237.88,40.6
Evaporated tinned milk carnation 170g,Mar,2022,Q1,231680429,Imported,Imported,Non-Perishable,Low,165.0,215.0,416.25,0.0,208.73,0.0
"Evaporated tinned milk(peak), 170g",Mar,2022,Q1,231680429,Imported,Imported,Non-Perishable,Low,165.0,215.0,416.25,0.0,250.17,0.0
Frozen chicken,Mar,2022,Q1,231680429,South East,Livestock,Perishable,High,165.0,215.0,416.25,656786.9,2386.95,40.6
"Gari white,sold loose",Mar,2022,Q1,231680429,South West,Crops,Non-Perishable,Low,165.0,215.0,416.25,8129294.0,317.35,43.23333333333333
"Gari yellow,sold loose",Mar,2022,Q1,231680429,South West,Crops,Non-Perishable,Low,165.0,215.0,416.25,8129294.0,338.82,43.23333333333333
Mudfish (aro) fresh,Mar,2022,Q1,231680429,South South,Fishing,Perishable,High,165.0,215.0,416.25,697396.2,1307.4,156.70000000000002
Mudfish : dried,Mar,2022,Q1,231680429,South South,Fishing,Non-Perishable,Low,165.0,215.0,416.25,697396.2,2050.29,156.70000000000002
Onion bulb,Mar,2022,Q1,231680429,North East,Crops,Perishable,Low,165.0,215.0,416.25,8129294.0,375.43,0.0
Rice agric sold loose,Mar,2022,Q1,231680429,North Central,Crops,Non-Perishable,Low,165.0,215.0,416.25,8129294.0,498.68,1.3666666666666665
Rice local sold loose,Mar,2022,Q1,231680429,North Central,Crops,Non-Perishable,Low,165.0,215.0,416.25,8129294.0,440.99,1.3666666666666665
Rice Medium Grained,Mar,2022,Q1,231680429,North Central,Crops,Non-Perishable,Low,165.0,215.0,416.25,8129294.0,486.74,1.3666666666666665
"Rice,imported high quality sold loose",Mar,2022,Q1,231680429,Imported,Imported,Non-Perishable,Low,165.0,215.0,416.25,0.0,606.44,0.0
Tomato,Mar,2022,Q1,231680429,North Central,Crops,Perishable,High,165.0,215.0,416.25,8129294.0,408.82,1.3666666666666665
Yam tuber,Mar,2022,Q1,231680429,South East,Crops,Perishable,Medium,165.0,215.0,416.25,8129294.0,354.89,40.6
Dried Fish Sardine,Mar,2022,Q1,231680429,South South,Fishing,Non-Perishable,Low,165.0,215.0,416.25,697396.2,1710.87,156.70000000000002
Iced Sardine,Mar,2022,Q1,231680429,Imported,Fishing,Perishable,High,165.0,215.0,416.25,697396.2,1322.77,0.0
Irish potato,Mar,2022,Q1,231680429,North East,Crops,Perishable,Medium,165.0,215.0,416.25,8129294.0,440.97,0.0
Sweet potato,Mar,2022,Q1,231680429,South East,Crops,Perishable,Medium,165.0,215.0,416.25,8129294.0,226.88,40.6
Tilapia fish (epiya) fresh,Mar,2022,Q1,231680429,South South,Fishing,Perishable,High,165.0,215.0,416.25,697396.2,1167.25,156.70000000000002
Titus:frozen,Mar,2022,Q1,231680429,Imported,Fishing,Perishable,High,165.0,215.0,416.25,697396.2,1520.65,0.0
Catfish (obokun) fresh,Mar,2022,Q1,231680429,South West,Fishing,Perishable,High,165.0,215.0,416.25,697396.2,1341.71,43.23333333333333
Catfish :dried,Mar,2022,Q1,231680429,South West,Fishing,Non-Perishable,Low,165.0,215.0,416.25,697396.2,2074.48,43.23333333333333
Catfish Smoked,Mar,2022,Q1,231680429,South West,Fishing,Non-Perishable,Low,165.0,215.0,416.25,697396.2,1728.21,43.23333333333333
Mackerel : frozen,Mar,2022,Q1,231680429,Imported,Fishing,Perishable,High,165.0,215.0,416.25,697396.2,1392.31,0.0
"Groundnut oil: 1 bottle, specify bottle",Mar,2022,Q1,231680429,North East,Crops,Non-Perishable,Low,165.0,215.0,416.25,8129294.0,997.77,0.0
Maize grain white sold loose,Mar,2022,Q1,231680429,North Central,Crops,Non-Perishable,Low,165.0,215.0,416.25,8129294.0,295.66,1.3666666666666665
Maize grain yellow sold loose,Mar,2022,Q1,231680429,North Central,Crops,Non-Perishable,Low,165.0,215.0,416.25,8129294.0,296.68,1.3666666666666665
"Palm oil: 1 bottle,specify bottle",Mar,2022,Q1,231680429,South South,Crops,Non-Perishable,Low,165.0,215.0,416.25,8129294.0,845.52,156.70000000000002
Plantain(ripe),Mar,2022,Q1,231680429,South East,Crops,Perishable,Medium,165.0,215.0,416.25,8129294.0,301.06,40.6
Plantain(unripe),Mar,2022,Q1,231680429,South East,Crops,Perishable,Medium,165.0,215.0,416.25,8129294.0,326.04,40.6
"Vegetable oil:1 bottle,specify bottle",Mar,2022,Q1,231680429,Imported,Crops,Non-Perishable,Low,165.0,215.0,416.25,8129294.0,972.37,0.0
Wheat flour: prepacked (golden penny 2kg),Mar,2022,Q1,231680429,Imported,Crops,Non-Perishable,Low,165.0,215.0,416.25,8129294.0,1042.82,0.0
Agric eggs medium size,Apr,2022,Q2,232272423,South West,Livestock,Perishable,High,165.0,215.0,415.69,584406.3,678.91,81.76666666666667
Agric eggs(medium size price of one),Apr,2022,Q2,232272423,South West,Livestock,Perishable,High,165.0,215.0,415.69,584406.3,64.0,81.76666666666667
"Beans brown,sold loose",Apr,2022,Q2,232272423,North Central,Crops,Non-Perishable,Low,165.0,215.0,415.69,8655036.0,530.62,77.5
Beans:white black eye. sold loose,Apr,2022,Q2,232272423,North East,Crops,Non-Perishable,Low,165.0,215.0,415.69,8655036.0,519.05,6.6000000000000005
Beef Bone in,Apr,2022,Q2,232272423,North West,Livestock,Perishable,High,165.0,215.0,415.69,584406.3,1508.08,15.466666666666667
"Beef,boneless",Apr,2022,Q2,232272423,North West,Livestock,Perishable,High,165.0,215.0,415.69,584406.3,2026.85,15.466666666666667
Bread sliced 500g,Apr,2022,Q2,232272423,South West,Crops,Perishable,Medium,165.0,215.0,415.69,8655036.0,450.51,81.76666666666667
Bread unsliced 500g,Apr,2022,Q2,232272423,South West,Crops,Perishable,Medium,165.0,215.0,415.69,8655036.0,412.25,81.76666666666667
Broken Rice (Ofada),Apr,2022,Q2,232272423,South West,Crops,Non-Perishable,Low,165.0,215.0,415.69,8655036.0,513.5,81.76666666666667
Chicken Feet,Apr,2022,Q2,232272423,South East,Livestock,Perishable,High,165.0,215.0,415.69,584406.3,932.42,141.73333333333335
Chicken Wings,Apr,2022,Q2,232272423,South East,Livestock,Perishable,High,165.0,215.0,415.69,584406.3,1250.07,141.73333333333335
Evaporated tinned milk carnation 170g,Apr,2022,Q2,232272423,Imported,Imported,Non-Perishable,Low,165.0,215.0,415.69,0.0,216.77,0.0
"Evaporated tinned milk(peak), 170g",Apr,2022,Q2,232272423,Imported,Imported,Non-Perishable,Low,165.0,215.0,415.69,0.0,253.85,0.0
Frozen chicken,Apr,2022,Q2,232272423,South East,Livestock,Perishable,High,165.0,215.0,415.69,584406.3,2380.81,141.73333333333335
"Gari white,sold loose",Apr,2022,Q2,232272423,South West,Crops,Non-Perishable,Low,165.0,215.0,415.69,8655036.0,318.74,81.76666666666667
"Gari yellow,sold loose",Apr,2022,Q2,232272423,South West,Crops,Non-Perishable,Low,165.0,215.0,415.69,8655036.0,335.19,81.76666666666667
Mudfish (aro) fresh,Apr,2022,Q2,232272423,South South,Fishing,Perishable,High,165.0,215.0,415.69,527033.5,1305.07,249.20000000000002
Mudfish : dried,Apr,2022,Q2,232272423,South South,Fishing,Non-Perishable,Low,165.0,215.0,415.69,527033.5,2041.14,249.20000000000002
Onion bulb,Apr,2022,Q2,232272423,North East,Crops,Perishable,Low,165.0,215.0,415.69,8655036.0,380.94,6.6000000000000005
Rice local sold loose,Apr,2022,Q2,232272423,North Central,Crops,Non-Perishable,Low,165.0,215.0,415.69,8655036.0,440.26,77.5
Rice Medium Grained,Apr,2022,Q2,232272423,North Central,Crops,Non-Perishable,Low,165.0,215.0,415.69,8655036.0,494.88,77.5
"Rice,imported high quality sold loose",Apr,2022,Q2,232272423,Imported,Imported,Non-Perishable,Low,165.0,215.0,415.69,0.0,612.25,0.0
Tomato,Apr,2022,Q2,232272423,North Central,Crops,Perishable,High,165.0,215.0,415.69,8655036.0,426.54,77.5
Yam tuber,Apr,2022,Q2,232272423,South East,Crops,Perishable,Medium,165.0,215.0,415.69,8655036.0,361.2,141.73333333333335
Dried Fish Sardine,Apr,2022,Q2,232272423,South South,Fishing,Non-Perishable,Low,165.0,215.0,415.69,527033.5,1730.64,249.20000000000002
Iced Sardine,Apr,2022,Q2,232272423,Imported,Fishing,Perishable,High,165.0,215.0,415.69,527033.5,1337.7,0.0
Irish potato,Apr,2022,Q2,232272423,North East,Crops,Perishable,Medium,165.0,215.0,415.69,8655036.0,448.38,6.6000000000000005
Sweet potato,Apr,2022,Q2,232272423,South East,Crops,Perishable,Medium,165.0,215.0,415.69,8655036.0,227.74,141.73333333333335
Tilapia fish (epiya) fresh,Apr,2022,Q2,232272423,South South,Fishing,Perishable,High,165.0,215.0,415.69,527033.5,1176.9,249.20000000000002
Titus:frozen,Apr,2022,Q2,232272423,Imported,Fishing,Perishable,High,165.0,215.0,415.69,527033.5,1554.35,0.0
Catfish (obokun) fresh,Apr,2022,Q2,232272423,South West,Fishing,Perishable,High,165.0,215.0,415.69,527033.5,1379.18,81.76666666666667
Catfish :dried,Apr,2022,Q2,232272423,South West,Fishing,Non-Perishable,Low,165.0,215.0,415.69,527033.5,2117.29,81.76666666666667
Catfish Smoked,Apr,2022,Q2,232272423,South West,Fishing,Non-Perishable,Low,165.0,215.0,415.69,527033.5,1751.46,81.76666666666667
Mackerel : frozen,Apr,2022,Q2,232272423,Imported,Fishing,Perishable,High,165.0,215.0,415.69,527033.5,1414.15,0.0
"Groundnut oil: 1 bottle, specify bottle",Apr,2022,Q2,232272423,North East,Crops,Non-Perishable,Low,165.0,215.0,415.69,8655036.0,1007.68,6.6000000000000005
Maize grain white sold loose,Apr,2022,Q2,232272423,North Central,Crops,Non-Perishable,Low,165.0,215.0,415.69,8655036.0,305.69,77.5
Maize grain yellow sold loose,Apr,2022,Q2,232272423,North Central,Crops,Non-Perishable,Low,165.0,215.0,415.69,8655036.0,304.35,77.5
"Palm oil: 1 bottle,specify bottle",Apr,2022,Q2,232272423,South South,Crops,Non-Perishable,Low,165.0,215.0,415.69,8655036.0,842.75,249.20000000000002
Plantain(ripe),Apr,2022,Q2,232272423,South East,Crops,Perishable,Medium,165.0,215.0,415.69,8655036.0,306.75,141.73333333333335
Plantain(unripe),Apr,2022,Q2,232272423,South East,Crops,Perishable,Medium,165.0,215.0,415.69,8655036.0,337.47,141.73333333333335
"Vegetable oil:1 bottle,specify bottle",Apr,2022,Q2,232272423,Imported,Crops,Non-Perishable,Low,165.0,215.0,415.69,8655036.0,981.16,0.0
Wheat flour: prepacked (golden penny 2kg),Apr,2022,Q2,232272423,Imported,Crops,Non-Perishable,Low,165.0,215.0,415.69,8655036.0,1047.74,0.0
Agric eggs medium size,May,2022,Q2,232865726,South West,Livestock,Perishable,High,165.0,215.0,415.65,584406.3,676.92,95.26666666666667
Agric eggs(medium size price of one),May,2022,Q2,232865726,South West,Livestock,Perishable,High,165.0,215.0,415.65,584406.3,102.47,95.26666666666667
"Beans brown,sold loose",May,2022,Q2,232865726,North Central,Crops,Non-Perishable,Low,165.0,215.0,415.65,8655036.0,526.9,81.66666666666667
Beans:white black eye. sold loose,May,2022,Q2,232865726,North East,Crops,Non-Perishable,Low,165.0,215.0,415.65,8655036.0,513.89,5.3
Beef Bone in,May,2022,Q2,232865726,North West,Livestock,Perishable,High,165.0,215.0,415.65,584406.3,1524.81,29.066666666666666
"Beef,boneless",May,2022,Q2,232865726,North West,Livestock,Perishable,High,165.0,215.0,415.65,584406.3,1971.66,29.066666666666666
Bread sliced 500g,May,2022,Q2,232865726,South West,Crops,Perishable,Medium,165.0,215.0,415.65,8655036.0,445.62,95.26666666666667
Bread unsliced 500g,May,2022,Q2,232865726,South West,Crops,Perishable,Medium,165.0,215.0,415.65,8655036.0,407.04,95.26666666666667
Broken Rice (Ofada),May,2022,Q2,232865726,South West,Crops,Non-Perishable,Low,165.0,215.0,415.65,8655036.0,544.89,95.26666666666667
Chicken Feet,May,2022,Q2,232865726,South East,Livestock,Perishable,High,165.0,215.0,415.65,584406.3,979.73,167.53333333333333
Chicken Wings,May,2022,Q2,232865726,South East,Livestock,Perishable,High,165.0,215.0,415.65,584406.3,1285.16,167.53333333333333
Evaporated tinned milk carnation 170g,May,2022,Q2,232865726,Imported,Imported,Non-Perishable,Low,165.0,215.0,415.65,0.0,326.62,0.0
"Evaporated tinned milk(peak), 170g",May,2022,Q2,232865726,Imported,Imported,Non-Perishable,Low,165.0,215.0,415.65,0.0,360.89,0.0
Frozen chicken,May,2022,Q2,232865726,South East,Livestock,Perishable,High,165.0,215.0,415.65,584406.3,2350.48,167.53333333333333
"Gari white,sold loose",May,2022,Q2,232865726,South West,Crops,Non-Perishable,Low,165.0,215.0,415.65,8655036.0,366.65,95.26666666666667
"Gari yellow,sold loose",May,2022,Q2,232865726,South West,Crops,Non-Perishable,Low,165.0,215.0,415.65,8655036.0,342.15,95.26666666666667
Mudfish (aro) fresh,May,2022,Q2,232865726,South South,Fishing,Perishable,High,165.0,215.0,415.65,527033.5,1237.54,268.2
Mudfish : dried,May,2022,Q2,232865726,South South,Fishing,Non-Perishable,Low,165.0,215.0,415.65,527033.5,1955.31,268.2
Onion bulb,May,2022,Q2,232865726,North East,Crops,Perishable,Low,165.0,215.0,415.65,8655036.0,387.5,5.3
Rice agric sold loose,May,2022,Q2,232865726,North Central,Crops,Non-Perishable,Low,165.0,215.0,415.65,8655036.0,490.41,81.66666666666667
Rice local sold loose,May,2022,Q2,232865726,North Central,Crops,Non-Perishable,Low,165.0,215.0,415.65,8655036.0,479.95,81.66666666666667
Rice Medium Grained,May,2022,Q2,232865726,North Central,Crops,Non-Perishable,Low,165.0,215.0,415.65,8655036.0,534.68,81.66666666666667
"Rice,imported high quality sold loose",May,2022,Q2,232865726,Imported,Imported,Non-Perishable,Low,165.0,215.0,415.65,0.0,628.96,0.0
Tomato,May,2022,Q2,232865726,North Central,Crops,Perishable,High,165.0,215.0,415.65,8655036.0,438.69,81.66666666666667
Yam tuber,May,2022,Q2,232865726,South East,Crops,Perishable,Medium,165.0,215.0,415.65,8655036.0,384.06,167.53333333333333
Dried Fish Sardine,May,2022,Q2,232865726,South South,Fishing,Non-Perishable,Low,165.0,215.0,415.65,527033.5,1776.59,268.2
Iced Sardine,May,2022,Q2,232865726,Imported,Fishing,Perishable,High,165.0,215.0,415.65,527033.5,1380.35,0.0
Irish potato,May,2022,Q2,232865726,North East,Crops,Perishable,Medium,165.0,215.0,415.65,8655036.0,479.72,5.3
Sweet potato,May,2022,Q2,232865726,South East,Crops,Perishable,Medium,165.0,215.0,415.65,8655036.0,240.23,167.53333333333333
Tilapia fish (epiya) fresh,May,2022,Q2,232865726,South South,Fishing,Perishable,High,165.0,215.0,415.65,527033.5,1215.34,268.2
Titus:frozen,May,2022,Q2,232865726,Imported,Fishing,Perishable,High,165.0,215.0,415.65,527033.5,1603.57,0.0
Catfish (obokun) fresh,May,2022,Q2,232865726,South West,Fishing,Perishable,High,165.0,215.0,415.65,527033.5,1422.5,95.26666666666667
Catfish :dried,May,2022,Q2,232865726,South West,Fishing,Non-Perishable,Low,165.0,215.0,415.65,527033.5,2286.28,95.26666666666667
Catfish Smoked,May,2022,Q2,232865726,South West,Fishing,Non-Perishable,Low,165.0,215.0,415.65,527033.5,1789.21,95.26666666666667
Mackerel : frozen,May,2022,Q2,232865726,Imported,Fishing,Perishable,High,165.0,215.0,415.65,527033.5,1453.51,0.0
"Groundnut oil: 1 bottle, specify bottle",May,2022,Q2,232865726,North East,Crops,Non-Perishable,Low,165.0,215.0,415.65,8655036.0,1064.05,5.3
Maize grain white sold loose,May,2022,Q2,232865726,North Central,Crops,Non-Perishable,Low,165.0,215.0,415.65,8655036.0,319.45,81.66666666666667
Maize grain yellow sold loose,May,2022,Q2,232865726,North Central,Crops,Non-Perishable,Low,165.0,215.0,415.65,8655036.0,316.97,81.66666666666667
"Palm oil: 1 bottle,specify bottle",May,2022,Q2,232865726,South South,Crops,Non-Perishable,Low,165.0,215.0,415.65,8655036.0,860.13,268.2
Plantain(ripe),May,2022,Q2,232865726,South East,Crops,Perishable,Medium,165.0,215.0,415.65,8655036.0,324.57,167.53333333333333
Plantain(unripe),May,2022,Q2,232865726,South East,Crops,Perishable,Medium,165.0,215.0,415.65,8655036.0,351.2,167.53333333333333
"Vegetable oil:1 bottle,specify bottle",May,2022,Q2,232865726,Imported,Crops,Non-Perishable,Low,165.0,215.0,415.65,8655036.0,1014.74,0.0
Wheat flour: prepacked (golden penny 2kg),May,2022,Q2,232865726,Imported,Crops,Non-Perishable,Low,165.0,215.0,415.65,8655036.0,1075.3,0.0
Agric eggs medium size,Jun,2022,Q2,233460339,South West,Livestock,Perishable,High,165.0,215.0,415.72,584406.3,700.99,213.73333333333335
Agric eggs(medium size price of one),Jun,2022,Q2,233460339,South West,Livestock,Perishable,High,165.0,215.0,415.72,584406.3,72.76,213.73333333333335
"Beans brown,sold loose",Jun,2022,Q2,233460339,North Central,Crops,Non-Perishable,Low,165.0,215.0,415.72,8655036.0,586.51,179.0666666666667
Beans:white black eye. sold loose,Jun,2022,Q2,233460339,North East,Crops,Non-Perishable,Low,165.0,215.0,415.72,8655036.0,534.84,44.5
Beef Bone in,Jun,2022,Q2,233460339,North West,Livestock,Perishable,High,165.0,215.0,415.72,584406.3,1551.9,109.13333333333333
"Beef,boneless",Jun,2022,Q2,233460339,North West,Livestock,Perishable,High,165.0,215.0,415.72,584406.3,2013.43,109.13333333333333
Bread sliced 500g,Jun,2022,Q2,233460339,South West,Crops,Perishable,Medium,165.0,215.0,415.72,8655036.0,504.57,213.73333333333335
Bread unsliced 500g,Jun,2022,Q2,233460339,South West,Crops,Perishable,Medium,165.0,215.0,415.72,8655036.0,434.06,213.73333333333335
Broken Rice (Ofada),Jun,2022,Q2,233460339,South West,Crops,Non-Perishable,Low,165.0,215.0,415.72,8655036.0,529.04,213.73333333333335
Chicken Feet,Jun,2022,Q2,233460339,South East,Livestock,Perishable,High,165.0,215.0,415.72,584406.3,989.65,284.6333333333333
Chicken Wings,Jun,2022,Q2,233460339,South East,Livestock,Perishable,High,165.0,215.0,415.72,584406.3,1309.38,284.6333333333333
Evaporated tinned milk carnation 170g,Jun,2022,Q2,233460339,Imported,Imported,Non-Perishable,Low,165.0,215.0,415.72,0.0,237.32,0.0
"Evaporated tinned milk(peak), 170g",Jun,2022,Q2,233460339,Imported,Imported,Non-Perishable,Low,165.0,215.0,415.72,0.0,269.23,0.0
Frozen chicken,Jun,2022,Q2,233460339,South East,Livestock,Perishable,High,165.0,215.0,415.72,584406.3,2443.06,284.6333333333333
"Gari white,sold loose",Jun,2022,Q2,233460339,South West,Crops,Non-Perishable,Low,165.0,215.0,415.72,8655036.0,364.63,213.73333333333335
"Gari yellow,sold loose",Jun,2022,Q2,233460339,South West,Crops,Non-Perishable,Low,165.0,215.0,415.72,8655036.0,376.41,213.73333333333335
Mudfish (aro) fresh,Jun,2022,Q2,233460339,South South,Fishing,Perishable,High,165.0,215.0,415.72,527033.5,1334.6,317.0
Mudfish : dried,Jun,2022,Q2,233460339,South South,Fishing,Non-Perishable,Low,165.0,215.0,415.72,527033.5,2073.76,317.0
Onion bulb,Jun,2022,Q2,233460339,North East,Crops,Perishable,Low,165.0,215.0,415.72,8655036.0,406.4,44.5
Rice agric sold loose,Jun,2022,Q2,233460339,North Central,Crops,Non-Perishable,Low,165.0,215.0,415.72,8655036.0,532.49,179.0666666666667
Rice local sold loose,Jun,2022,Q2,233460339,North Central,Crops,Non-Perishable,Low,165.0,215.0,415.72,8655036.0,474.51,179.0666666666667
Rice Medium Grained,Jun,2022,Q2,233460339,North Central,Crops,Non-Perishable,Low,165.0,215.0,415.72,8655036.0,543.12,179.0666666666667
"Rice,imported high quality sold loose",Jun,2022,Q2,233460339,Imported,Imported,Non-Perishable,Low,165.0,215.0,415.72,0.0,665.07,0.0
Tomato,Jun,2022,Q2,233460339,North Central,Crops,Perishable,High,165.0,215.0,415.72,8655036.0,468.92,179.0666666666667
Yam tuber,Jun,2022,Q2,233460339,South East,Crops,Perishable,Medium,165.0,215.0,415.72,8655036.0,402.31,284.6333333333333
Dried Fish Sardine,Jun,2022,Q2,233460339,South South,Fishing,Non-Perishable,Low,165.0,215.0,415.72,527033.5,1752.98,317.0
Iced Sardine,Jun,2022,Q2,233460339,Imported,Fishing,Perishable,High,165.0,215.0,415.72,527033.5,1379.28,0.0
Irish potato,Jun,2022,Q2,233460339,North East,Crops,Perishable,Medium,165.0,215.0,415.72,8655036.0,489.42,44.5
Sweet potato,Jun,2022,Q2,233460339,South East,Crops,Perishable,Medium,165.0,215.0,415.72,8655036.0,251.01,284.6333333333333
Tilapia fish (epiya) fresh,Jun,2022,Q2,233460339,South South,Fishing,Perishable,High,165.0,215.0,415.72,527033.5,1201.12,317.0
Titus:frozen,Jun,2022,Q2,233460339,Imported,Fishing,Perishable,High,165.0,215.0,415.72,527033.5,1613.63,0.0
Catfish (obokun) fresh,Jun,2022,Q2,233460339,South West,Fishing,Perishable,High,165.0,215.0,415.72,527033.5,1430.75,213.73333333333335
Catfish :dried,Jun,2022,Q2,233460339,South West,Fishing,Non-Perishable,Low,165.0,215.0,415.72,527033.5,2198.37,213.73333333333335
Catfish Smoked,Jun,2022,Q2,233460339,South West,Fishing,Non-Perishable,Low,165.0,215.0,415.72,527033.5,1802.76,213.73333333333335
Mackerel : frozen,Jun,2022,Q2,233460339,Imported,Fishing,Perishable,High,165.0,215.0,415.72,527033.5,1480.38,0.0
"Groundnut oil: 1 bottle, specify bottle",Jun,2022,Q2,233460339,North East,Crops,Non-Perishable,Low,165.0,215.0,415.72,8655036.0,1089.35,44.5
Maize grain white sold loose,Jun,2022,Q2,233460339,North Central,Crops,Non-Perishable,Low,165.0,215.0,415.72,8655036.0,328.84,179.0666666666667
Maize grain yellow sold loose,Jun,2022,Q2,233460339,North Central,Crops,Non-Perishable,Low,165.0,215.0,415.72,8655036.0,325.17,179.0666666666667
"Palm oil: 1 bottle,specify bottle",Jun,2022,Q2,233460339,South South,Crops,Non-Perishable,Low,165.0,215.0,415.72,8655036.0,886.81,317.0
Plantain(ripe),Jun,2022,Q2,233460339,South East,Crops,Perishable,Medium,165.0,215.0,415.72,8655036.0,334.0,284.6333333333333
Plantain(unripe),Jun,2022,Q2,233460339,South East,Crops,Perishable,Medium,165.0,215.0,415.72,8655036.0,309.24,284.6333333333333
"Vegetable oil:1 bottle,specify bottle",Jun,2022,Q2,233460339,Imported,Crops,Non-Perishable,Low,165.0,215.0,415.72,8655036.0,1041.17,0.0
Wheat flour: prepacked (golden penny 2kg),Jun,2022,Q2,233460339,Imported,Crops,Non-Perishable,Low,165.0,215.0,415.72,8655036.0,1092.92,0.0
Agric eggs medium size,Jul,2022,Q3,234056265,South West,Livestock,Perishable,High,165.0,215.0,416.68,630422.7,702.48,120.5
Agric eggs(medium size price of one),Jul,2022,Q3,234056265,South West,Livestock,Perishable,High,165.0,215.0,416.68,630422.7,69.17,120.5
"Beans brown,sold loose",Jul,2022,Q3,234056265,North Central,Crops,Non-Perishable,Low,165.0,215.0,416.68,13241328.0,547.75,188.70000000000002
Beans:white black eye. sold loose,Jul,2022,Q3,234056265,North East,Crops,Non-Perishable,Low,165.0,215.0,416.68,13241328.0,532.97,118.13333333333333
Beef Bone in,Jul,2022,Q3,234056265,North West,Livestock,Perishable,High,165.0,215.0,416.68,630422.7,1547.36,153.23333333333332
"Beef,boneless",Jul,2022,Q3,234056265,North West,Livestock,Perishable,High,165.0,215.0,416.68,630422.7,2063.08,153.23333333333332
Bread sliced 500g,Jul,2022,Q3,234056265,South West,Crops,Perishable,Medium,165.0,215.0,416.68,13241328.0,473.47,120.5
Bread unsliced 500g,Jul,2022,Q3,234056265,South West,Crops,Perishable,Medium,165.0,215.0,416.68,13241328.0,435.39,120.5
Broken Rice (Ofada),Jul,2022,Q3,234056265,South West,Crops,Non-Perishable,Low,165.0,215.0,416.68,13241328.0,521.73,120.5
Chicken Feet,Jul,2022,Q3,234056265,South East,Livestock,Perishable,High,165.0,215.0,416.68,630422.7,961.35,233.33333333333334
Chicken Wings,Jul,2022,Q3,234056265,South East,Livestock,Perishable,High,165.0,215.0,416.68,630422.7,1273.91,233.33333333333334
Evaporated tinned milk carnation 170g,Jul,2022,Q3,234056265,Imported,Imported,Non-Perishable,Low,165.0,215.0,416.68,0.0,226.32,0.0
"Evaporated tinned milk(peak), 170g",Jul,2022,Q3,234056265,Imported,Imported,Non-Perishable,Low,165.0,215.0,416.68,0.0,268.54,0.0
Frozen chicken,Jul,2022,Q3,234056265,South East,Livestock,Perishable,High,165.0,215.0,416.68,630422.7,2423.34,233.33333333333334
"Gari white,sold loose",Jul,2022,Q3,234056265,South West,Crops,Non-Perishable,Low,165.0,215.0,416.68,13241328.0,314.66,120.5
"Gari yellow,sold loose",Jul,2022,Q3,234056265,South West,Crops,Non-Perishable,Low,165.0,215.0,416.68,13241328.0,336.66,120.5
Mudfish (aro) fresh,Jul,2022,Q3,234056265,South South,Fishing,Perishable,High,165.0,215.0,416.68,440351.94,1292.74,310.23333333333335
Mudfish : dried,Jul,2022,Q3,234056265,South South,Fishing,Non-Perishable,Low,165.0,215.0,416.68,440351.94,2044.82,310.23333333333335
Onion bulb,Jul,2022,Q3,234056265,North East,Crops,Perishable,Low,165.0,215.0,416.68,13241328.0,386.51,118.13333333333333
Rice agric sold loose,Jul,2022,Q3,234056265,North Central,Crops,Non-Perishable,Low,165.0,215.0,416.68,13241328.0,512.41,188.70000000000002
Rice local sold loose,Jul,2022,Q3,234056265,North Central,Crops,Non-Perishable,Low,165.0,215.0,416.68,13241328.0,455.49,188.70000000000002
Rice Medium Grained,Jul,2022,Q3,234056265,North Central,Crops,Non-Perishable,Low,165.0,215.0,416.68,13241328.0,506.67,188.70000000000002
"Rice,imported high quality sold loose",Jul,2022,Q3,234056265,Imported,Imported,Non-Perishable,Low,165.0,215.0,416.68,0.0,632.93,0.0
Tomato,Jul,2022,Q3,234056265,North Central,Crops,Perishable,High,165.0,215.0,416.68,13241328.0,435.05,188.70000000000002
Yam tuber,Jul,2022,Q3,234056265,South East,Crops,Perishable,Medium,165.0,215.0,416.68,13241328.0,379.5,233.33333333333334
Dried Fish Sardine,Jul,2022,Q3,234056265,South South,Fishing,Non-Perishable,Low,165.0,215.0,416.68,440351.94,1759.93,310.23333333333335
Iced Sardine,Jul,2022,Q3,234056265,Imported,Fishing,Perishable,High,165.0,215.0,416.68,440351.94,1383.42,0.0
Irish potato,Jul,2022,Q3,234056265,North East,Crops,Perishable,Medium,165.0,215.0,416.68,13241328.0,473.31,118.13333333333333
Sweet potato,Jul,2022,Q3,234056265,South East,Crops,Perishable,Medium,165.0,215.0,416.68,13241328.0,244.12,233.33333333333334
Tilapia fish (epiya) fresh,Jul,2022,Q3,234056265,South South,Fishing,Perishable,High,165.0,215.0,416.68,440351.94,1162.97,310.23333333333335
Titus:frozen,Jul,2022,Q3,234056265,Imported,Fishing,Perishable,High,165.0,215.0,416.68,440351.94,1594.37,0.0
Catfish (obokun) fresh,Jul,2022,Q3,234056265,South West,Fishing,Perishable,High,165.0,215.0,416.68,440351.94,1389.01,120.5
Catfish :dried,Jul,2022,Q3,234056265,South West,Fishing,Non-Perishable,Low,165.0,215.0,416.68,440351.94,2117.9,120.5
Catfish Smoked,Jul,2022,Q3,234056265,South West,Fishing,Non-Perishable,Low,165.0,215.0,416.68,440351.94,1742.7,120.5
Mackerel : frozen,Jul,2022,Q3,234056265,Imported,Fishing,Perishable,High,165.0,215.0,416.68,440351.94,1456.48,0.0
"Groundnut oil: 1 bottle, specify bottle",Jul,2022,Q3,234056265,North East,Crops,Non-Perishable,Low,165.0,215.0,416.68,13241328.0,1049.79,118.13333333333333
Maize grain white sold loose,Jul,2022,Q3,234056265,North Central,Crops,Non-Perishable,Low,165.0,215.0,416.68,13241328.0,306.74,188.70000000000002
Maize grain yellow sold loose,Jul,2022,Q3,234056265,North Central,Crops,Non-Perishable,Low,165.0,215.0,416.68,13241328.0,308.23,188.70000000000002
"Palm oil: 1 bottle,specify bottle",Jul,2022,Q3,234056265,South South,Crops,Non-Perishable,Low,165.0,215.0,416.68,13241328.0,867.23,310.23333333333335
Plantain(ripe),Jul,2022,Q3,234056265,South East,Crops,Perishable,Medium,165.0,215.0,416.68,13241328.0,325.39,233.33333333333334
Plantain(unripe),Jul,2022,Q3,234056265,South East,Crops,Perishable,Medium,165.0,215.0,416.68,13241328.0,301.1,233.33333333333334
"Vegetable oil:1 bottle,specify bottle",Jul,2022,Q3,234056265,Imported,Crops,Non-Perishable,Low,165.0,215.0,416.68,13241328.0,1014.17,0.0
Wheat flour: prepacked (golden penny 2kg),Jul,2022,Q3,234056265,Imported,Crops,Non-Perishable,Low,165.0,215.0,416.68,13241328.0,1065.91,0.0
Agric eggs medium size,Aug,2022,Q3,234653507,South West,Livestock,Perishable,High,165.0,215.0,424.48,630422.7,733.58,140.13333333333333
Agric eggs(medium size price of one),Aug,2022,Q3,234653507,South West,Livestock,Perishable,High,165.0,215.0,424.48,630422.7,73.32,140.13333333333333
"Beans brown,sold loose",Aug,2022,Q3,234653507,North Central,Crops,Non-Perishable,Low,165.0,215.0,424.48,13241328.0,545.61,199.19999999999996
Beans:white black eye. sold loose,Aug,2022,Q3,234653507,North East,Crops,Non-Perishable,Low,165.0,215.0,424.48,13241328.0,517.23,276.76666666666665
Beef Bone in,Aug,2022,Q3,234653507,North West,Livestock,Perishable,High,165.0,215.0,424.48,630422.7,1610.31,252.5333333333333
"Beef,boneless",Aug,2022,Q3,234653507,North West,Livestock,Perishable,High,165.0,215.0,424.48,630422.7,2141.18,252.5333333333333
Bread sliced 500g,Aug,2022,Q3,234653507,South West,Crops,Perishable,Medium,165.0,215.0,424.48,13241328.0,488.14,140.13333333333333
Bread unsliced 500g,Aug,2022,Q3,234653507,South West,Crops,Perishable,Medium,165.0,215.0,424.48,13241328.0,454.07,140.13333333333333
Broken Rice (Ofada),Aug,2022,Q3,234653507,South West,Crops,Non-Perishable,Low,165.0,215.0,424.48,13241328.0,521.08,140.13333333333333
Chicken Feet,Aug,2022,Q3,234653507,South East,Livestock,Perishable,High,165.0,215.0,424.48,630422.7,997.84,218.86666666666667
Chicken Wings,Aug,2022,Q3,234653507,South East,Livestock,Perishable,High,165.0,215.0,424.48,630422.7,1330.28,218.86666666666667
Evaporated tinned milk carnation 170g,Aug,2022,Q3,234653507,Imported,Imported,Non-Perishable,Low,165.0,215.0,424.48,0.0,240.07,0.0
"Evaporated tinned milk(peak), 170g",Aug,2022,Q3,234653507,Imported,Imported,Non-Perishable,Low,165.0,215.0,424.48,0.0,283.42,0.0
Frozen chicken,Aug,2022,Q3,234653507,South East,Livestock,Perishable,High,165.0,215.0,424.48,630422.7,2531.52,218.86666666666667
"Gari white,sold loose",Aug,2022,Q3,234653507,South West,Crops,Non-Perishable,Low,165.0,215.0,424.48,13241328.0,305.92,140.13333333333333
"Gari yellow,sold loose",Aug,2022,Q3,234653507,South West,Crops,Non-Perishable,Low,165.0,215.0,424.48,13241328.0,341.37,140.13333333333333
Mudfish (aro) fresh,Aug,2022,Q3,234653507,South South,Fishing,Perishable,High,165.0,215.0,424.48,440351.94,1344.18,217.03333333333333
Mudfish : dried,Aug,2022,Q3,234653507,South South,Fishing,Non-Perishable,Low,165.0,215.0,424.48,440351.94,2113.21,217.03333333333333
Onion bulb,Aug,2022,Q3,234653507,North East,Crops,Perishable,Low,165.0,215.0,424.48,13241328.0,435.38,276.76666666666665
Rice agric sold loose,Aug,2022,Q3,234653507,North Central,Crops,Non-Perishable,Low,165.0,215.0,424.48,13241328.0,535.36,199.19999999999996
Rice local sold loose,Aug,2022,Q3,234653507,North Central,Crops,Non-Perishable,Low,165.0,215.0,424.48,13241328.0,454.1,199.19999999999996
Rice Medium Grained,Aug,2022,Q3,234653507,North Central,Crops,Non-Perishable,Low,165.0,215.0,424.48,13241328.0,520.18,199.19999999999996
"Rice,imported high quality sold loose",Aug,2022,Q3,234653507,Imported,Imported,Non-Perishable,Low,165.0,215.0,424.48,0.0,654.26,0.0
Tomato,Aug,2022,Q3,234653507,North Central,Crops,Perishable,High,165.0,215.0,424.48,13241328.0,430.93,199.19999999999996
Yam tuber,Aug,2022,Q3,234653507,South East,Crops,Perishable,Medium,165.0,215.0,424.48,13241328.0,403.63,218.86666666666667
Dried Fish Sardine,Aug,2022,Q3,234653507,South South,Fishing,Non-Perishable,Low,165.0,215.0,424.48,440351.94,1816.81,217.03333333333333
Iced Sardine,Aug,2022,Q3,234653507,Imported,Fishing,Perishable,High,165.0,215.0,424.48,440351.94,1438.68,0.0
Irish potato,Aug,2022,Q3,234653507,North East,Crops,Perishable,Medium,165.0,215.0,424.48,13241328.0,482.02,276.76666666666665
Sweet potato,Aug,2022,Q3,234653507,South East,Crops,Perishable,Medium,165.0,215.0,424.48,13241328.0,248.55,218.86666666666667
Tilapia fish (epiya) fresh,Aug,2022,Q3,234653507,South South,Fishing,Perishable,High,165.0,215.0,424.48,440351.94,1193.48,217.03333333333333
Titus:frozen,Aug,2022,Q3,234653507,Imported,Fishing,Perishable,High,165.0,215.0,424.48,440351.94,1648.75,0.0
Catfish (obokun) fresh,Aug,2022,Q3,234653507,South West,Fishing,Perishable,High,165.0,215.0,424.48,440351.94,1436.69,140.13333333333333
Catfish :dried,Aug,2022,Q3,234653507,South West,Fishing,Non-Perishable,Low,165.0,215.0,424.48,440351.94,2169.89,140.13333333333333
Catfish Smoked,Aug,2022,Q3,234653507,South West,Fishing,Non-Perishable,Low,165.0,215.0,424.48,440351.94,1797.25,140.13333333333333
Mackerel : frozen,Aug,2022,Q3,234653507,Imported,Fishing,Perishable,High,165.0,215.0,424.48,440351.94,1506.99,0.0
"Groundnut oil: 1 bottle, specify bottle",Aug,2022,Q3,234653507,North East,Crops,Non-Perishable,Low,165.0,215.0,424.48,13241328.0,1087.64,276.76666666666665
Maize grain white sold loose,Aug,2022,Q3,234653507,North Central,Crops,Non-Perishable,Low,165.0,215.0,424.48,13241328.0,299.42,199.19999999999996
Maize grain yellow sold loose,Aug,2022,Q3,234653507,North Central,Crops,Non-Perishable,Low,165.0,215.0,424.48,13241328.0,306.96,199.19999999999996
"Palm oil: 1 bottle,specify bottle",Aug,2022,Q3,234653507,South South,Crops,Non-Perishable,Low,165.0,215.0,424.48,13241328.0,896.63,217.03333333333333
Plantain(ripe),Aug,2022,Q3,234653507,South East,Crops,Perishable,Medium,165.0,215.0,424.48,13241328.0,334.92,218.86666666666667
Plantain(unripe),Aug,2022,Q3,234653507,South East,Crops,Perishable,Medium,165.0,215.0,424.48,13241328.0,311.82,218.86666666666667
"Vegetable oil:1 bottle,specify bottle",Aug,2022,Q3,234653507,Imported,Crops,Non-Perishable,Low,165.0,215.0,424.48,13241328.0,1049.49,0.0
Wheat flour: prepacked (golden penny 2kg),Aug,2022,Q3,234653507,Imported,Crops,Non-Perishable,Low,165.0,215.0,424.48,13241328.0,1106.76,0.0
Agric eggs medium size,Sep,2022,Q3,235252066,South West,Livestock,Perishable,High,165.0,215.0,432.87,630422.7,752.37,184.96666666666667
Agric eggs(medium size price of one),Sep,2022,Q3,235252066,South West,Livestock,Perishable,High,165.0,215.0,432.87,630422.7,75.07,184.96666666666667
"Beans brown,sold loose",Sep,2022,Q3,235252066,North Central,Crops,Non-Perishable,Low,165.0,215.0,432.87,13241328.0,556.81,240.9
Beans:white black eye. sold loose,Sep,2022,Q3,235252066,North East,Crops,Non-Perishable,Low,165.0,215.0,432.87,13241328.0,543.15,128.16666666666666
Beef Bone in,Sep,2022,Q3,235252066,North West,Livestock,Perishable,High,165.0,215.0,432.87,630422.7,1651.2,174.76666666666665
"Beef,boneless",Sep,2022,Q3,235252066,North West,Livestock,Perishable,High,165.0,215.0,432.87,630422.7,2199.37,174.76666666666665
Bread sliced 500g,Sep,2022,Q3,235252066,South West,Crops,Perishable,Medium,165.0,215.0,432.87,13241328.0,511.74,184.96666666666667
Bread unsliced 500g,Sep,2022,Q3,235252066,South West,Crops,Perishable,Medium,165.0,215.0,432.87,13241328.0,477.58,184.96666666666667
Broken Rice (Ofada),Sep,2022,Q3,235252066,South West,Crops,Non-Perishable,Low,165.0,215.0,432.87,13241328.0,538.98,184.96666666666667
Chicken Feet,Sep,2022,Q3,235252066,South East,Livestock,Perishable,High,165.0,215.0,432.87,630422.7,1020.03,280.8333333333333
Chicken Wings,Sep,2022,Q3,235252066,South East,Livestock,Perishable,High,165.0,215.0,432.87,630422.7,1338.82,280.8333333333333
Evaporated tinned milk carnation 170g,Sep,2022,Q3,235252066,Imported,Imported,Non-Perishable,Low,165.0,215.0,432.87,0.0,251.65,0.0
"Evaporated tinned milk(peak), 170g",Sep,2022,Q3,235252066,Imported,Imported,Non-Perishable,Low,165.0,215.0,432.87,0.0,295.29,0.0
Frozen chicken,Sep,2022,Q3,235252066,South East,Livestock,Perishable,High,165.0,215.0,432.87,630422.7,2569.63,280.8333333333333
"Gari white,sold loose",Sep,2022,Q3,235252066,South West,Crops,Non-Perishable,Low,165.0,215.0,432.87,13241328.0,309.69,184.96666666666667
"Gari yellow,sold loose",Sep,2022,Q3,235252066,South West,Crops,Non-Perishable,Low,165.0,215.0,432.87,13241328.0,345.17,184.96666666666667
Mudfish (aro) fresh,Sep,2022,Q3,235252066,South South,Fishing,Perishable,High,165.0,215.0,432.87,440351.94,1362.96,315.3
Mudfish : dried,Sep,2022,Q3,235252066,South South,Fishing,Non-Perishable,Low,165.0,215.0,432.87,440351.94,2158.12,315.3
Onion bulb,Sep,2022,Q3,235252066,North East,Crops,Perishable,Low,165.0,215.0,432.87,13241328.0,397.18,128.16666666666666
Rice agric sold loose,Sep,2022,Q3,235252066,North Central,Crops,Non-Perishable,Low,165.0,215.0,432.87,13241328.0,552.46,240.9
Rice local sold loose,Sep,2022,Q3,235252066,North Central,Crops,Non-Perishable,Low,165.0,215.0,432.87,13241328.0,471.42,240.9
Rice Medium Grained,Sep,2022,Q3,235252066,North Central,Crops,Non-Perishable,Low,165.0,215.0,432.87,13241328.0,532.42,240.9
"Rice,imported high quality sold loose",Sep,2022,Q3,235252066,Imported,Imported,Non-Perishable,Low,165.0,215.0,432.87,0.0,668.53,0.0
Tomato,Sep,2022,Q3,235252066,North Central,Crops,Perishable,High,165.0,215.0,432.87,13241328.0,445.12,240.9
Yam tuber,Sep,2022,Q3,235252066,South East,Crops,Perishable,Medium,165.0,215.0,432.87,13241328.0,409.23,280.8333333333333
Dried Fish Sardine,Sep,2022,Q3,235252066,South South,Fishing,Non-Perishable,Low,165.0,215.0,432.87,440351.94,1853.58,315.3
Iced Sardine,Sep,2022,Q3,235252066,Imported,Fishing,Perishable,High,165.0,215.0,432.87,440351.94,1483.66,0.0
Irish potato,Sep,2022,Q3,235252066,North East,Crops,Perishable,Medium,165.0,215.0,432.87,13241328.0,484.33,128.16666666666666
Sweet potato,Sep,2022,Q3,235252066,South East,Crops,Perishable,Medium,165.0,215.0,432.87,13241328.0,255.24,280.8333333333333
Tilapia fish (epiya) fresh,Sep,2022,Q3,235252066,South South,Fishing,Perishable,High,165.0,215.0,432.87,440351.94,1216.74,315.3
Titus:frozen,Sep,2022,Q3,235252066,Imported,Fishing,Perishable,High,165.0,215.0,432.87,440351.94,1671.45,0.0
Catfish (obokun) fresh,Sep,2022,Q3,235252066,South West,Fishing,Perishable,High,165.0,215.0,432.87,440351.94,1458.6,184.96666666666667
Catfish :dried,Sep,2022,Q3,235252066,South West,Fishing,Non-Perishable,Low,165.0,215.0,432.87,440351.94,2190.57,184.96666666666667
Catfish Smoked,Sep,2022,Q3,235252066,South West,Fishing,Non-Perishable,Low,165.0,215.0,432.87,440351.94,1826.49,184.96666666666667
Mackerel : frozen,Sep,2022,Q3,235252066,Imported,Fishing,Perishable,High,165.0,215.0,432.87,440351.94,1538.17,0.0
"Groundnut oil: 1 bottle, specify bottle",Sep,2022,Q3,235252066,North East,Crops,Non-Perishable,Low,165.0,215.0,432.87,13241328.0,1113.33,128.16666666666666
Maize grain white sold loose,Sep,2022,Q3,235252066,North Central,Crops,Non-Perishable,Low,165.0,215.0,432.87,13241328.0,302.0,240.9
Maize grain yellow sold loose,Sep,2022,Q3,235252066,North Central,Crops,Non-Perishable,Low,165.0,215.0,432.87,13241328.0,305.22,240.9
"Palm oil: 1 bottle,specify bottle",Sep,2022,Q3,235252066,South South,Crops,Non-Perishable,Low,165.0,215.0,432.87,13241328.0,927.34,315.3
Plantain(ripe),Sep,2022,Q3,235252066,South East,Crops,Perishable,Medium,165.0,215.0,432.87,13241328.0,345.9,280.8333333333333
Plantain(unripe),Sep,2022,Q3,235252066,South East,Crops,Perishable,Medium,165.0,215.0,432.87,13241328.0,323.38,280.8333333333333
"Vegetable oil:1 bottle,specify bottle",Sep,2022,Q3,235252066,Imported,Crops,Non-Perishable,Low,165.0,215.0,432.87,13241328.0,1075.89,0.0
Wheat flour: prepacked (golden penny 2kg),Sep,2022,Q3,235252066,Imported,Crops,Non-Perishable,Low,165.0,215.0,432.87,13241328.0,1121.28,0.0
Agric eggs medium size,Oct,2022,Q4,235851946,South West,Livestock,Perishable,High,165.0,215.0,439.02,748677.44,775.14,110.43333333333334
Agric eggs(medium size price of one),Oct,2022,Q4,235851946,South West,Livestock,Perishable,High,165.0,215.0,439.02,748677.44,77.64,110.43333333333334
"Beans brown,sold loose",Oct,2022,Q4,235851946,North Central,Crops,Non-Perishable,Low,165.0,215.0,439.02,12651676.0,564.69,151.26666666666668
Beans:white black eye. sold loose,Oct,2022,Q4,235851946,North East,Crops,Non-Perishable,Low,165.0,215.0,439.02,12651676.0,547.39,14.466666666666667
Beef Bone in,Oct,2022,Q4,235851946,North West,Livestock,Perishable,High,165.0,215.0,439.02,748677.44,1696.58,19.266666666666666
"Beef,boneless",Oct,2022,Q4,235851946,North West,Livestock,Perishable,High,165.0,215.0,439.02,748677.44,2266.24,19.266666666666666
Bread sliced 500g,Oct,2022,Q4,235851946,South West,Crops,Perishable,Medium,165.0,215.0,439.02,12651676.0,523.16,110.43333333333334
Bread unsliced 500g,Oct,2022,Q4,235851946,South West,Crops,Perishable,Medium,165.0,215.0,439.02,12651676.0,482.47,110.43333333333334
Broken Rice (Ofada),Oct,2022,Q4,235851946,South West,Crops,Non-Perishable,Low,165.0,215.0,439.02,12651676.0,538.19,110.43333333333334
Chicken Feet,Oct,2022,Q4,235851946,South East,Livestock,Perishable,High,165.0,215.0,439.02,748677.44,1029.95,251.23333333333335
Chicken Wings,Oct,2022,Q4,235851946,South East,Livestock,Perishable,High,165.0,215.0,439.02,748677.44,1348.07,251.23333333333335
Evaporated tinned milk carnation 170g,Oct,2022,Q4,235851946,Imported,Imported,Non-Perishable,Low,165.0,215.0,439.02,0.0,265.87,0.0
"Evaporated tinned milk(peak), 170g",Oct,2022,Q4,235851946,Imported,Imported,Non-Perishable,Low,165.0,215.0,439.02,0.0,314.29,0.0
Frozen chicken,Oct,2022,Q4,235851946,South East,Livestock,Perishable,High,165.0,215.0,439.02,748677.44,2601.0,251.23333333333335
"Gari white,sold loose",Oct,2022,Q4,235851946,South West,Crops,Non-Perishable,Low,165.0,215.0,439.02,12651676.0,317.9,110.43333333333334
"Gari yellow,sold loose",Oct,2022,Q4,235851946,South West,Crops,Non-Perishable,Low,165.0,215.0,439.02,12651676.0,355.77,110.43333333333334
Mudfish (aro) fresh,Oct,2022,Q4,235851946,South South,Fishing,Perishable,High,165.0,215.0,439.02,632819.25,1358.46,365.5333333333333
Mudfish : dried,Oct,2022,Q4,235851946,South South,Fishing,Non-Perishable,Low,165.0,215.0,439.02,632819.25,2161.14,365.5333333333333
Onion bulb,Oct,2022,Q4,235851946,North East,Crops,Perishable,Low,165.0,215.0,439.02,12651676.0,405.72,14.466666666666667
Rice agric sold loose,Oct,2022,Q4,235851946,North Central,Crops,Non-Perishable,Low,165.0,215.0,439.02,12651676.0,561.55,151.26666666666668
Rice local sold loose,Oct,2022,Q4,235851946,North Central,Crops,Non-Perishable,Low,165.0,215.0,439.02,12651676.0,487.47,151.26666666666668
Rice Medium Grained,Oct,2022,Q4,235851946,North Central,Crops,Non-Perishable,Low,165.0,215.0,439.02,12651676.0,547.11,151.26666666666668
"Rice,imported high quality sold loose",Oct,2022,Q4,235851946,Imported,Imported,Non-Perishable,Low,165.0,215.0,439.02,0.0,689.32,0.0
Tomato,Oct,2022,Q4,235851946,North Central,Crops,Perishable,High,165.0,215.0,439.02,12651676.0,454.46,151.26666666666668
Yam tuber,Oct,2022,Q4,235851946,South East,Crops,Perishable,Medium,165.0,215.0,439.02,12651676.0,409.86,251.23333333333335
Dried Fish Sardine,Oct,2022,Q4,235851946,South South,Fishing,Non-Perishable,Low,165.0,215.0,439.02,632819.25,1836.31,365.5333333333333
Iced Sardine,Oct,2022,Q4,235851946,Imported,Fishing,Perishable,High,165.0,215.0,439.02,632819.25,1495.29,0.0
Irish potato,Oct,2022,Q4,235851946,North East,Crops,Perishable,Medium,165.0,215.0,439.02,12651676.0,508.13,14.466666666666667
Sweet potato,Oct,2022,Q4,235851946,South East,Crops,Perishable,Medium,165.0,215.0,439.02,12651676.0,264.14,251.23333333333335
Tilapia fish (epiya) fresh,Oct,2022,Q4,235851946,South South,Fishing,Perishable,High,165.0,215.0,439.02,632819.25,1224.79,365.5333333333333
Titus:frozen,Oct,2022,Q4,235851946,Imported,Fishing,Perishable,High,165.0,215.0,439.02,632819.25,1659.22,0.0
Catfish (obokun) fresh,Oct,2022,Q4,235851946,South West,Fishing,Perishable,High,165.0,215.0,439.02,632819.25,1480.34,110.43333333333334
Catfish :dried,Oct,2022,Q4,235851946,South West,Fishing,Non-Perishable,Low,165.0,215.0,439.02,632819.25,2193.55,110.43333333333334
Catfish Smoked,Oct,2022,Q4,235851946,South West,Fishing,Non-Perishable,Low,165.0,215.0,439.02,632819.25,1820.82,110.43333333333334
Mackerel : frozen,Oct,2022,Q4,235851946,Imported,Fishing,Perishable,High,165.0,215.0,439.02,632819.25,1537.04,0.0
"Groundnut oil: 1 bottle, specify bottle",Oct,2022,Q4,235851946,North East,Crops,Non-Perishable,Low,165.0,215.0,439.02,12651676.0,1159.34,14.466666666666667
Maize grain white sold loose,Oct,2022,Q4,235851946,North Central,Crops,Non-Perishable,Low,165.0,215.0,439.02,12651676.0,304.55,151.26666666666668
Maize grain yellow sold loose,Oct,2022,Q4,235851946,North Central,Crops,Non-Perishable,Low,165.0,215.0,439.02,12651676.0,307.62,151.26666666666668
"Palm oil: 1 bottle,specify bottle",Oct,2022,Q4,235851946,South South,Crops,Non-Perishable,Low,165.0,215.0,439.02,12651676.0,968.76,365.5333333333333
Plantain(ripe),Oct,2022,Q4,235851946,South East,Crops,Perishable,Medium,165.0,215.0,439.02,12651676.0,357.2,251.23333333333335
Plantain(unripe),Oct,2022,Q4,235851946,South East,Crops,Perishable,Medium,165.0,215.0,439.02,12651676.0,333.79,251.23333333333335
"Vegetable oil:1 bottle,specify bottle",Oct,2022,Q4,235851946,Imported,Crops,Non-Perishable,Low,165.0,215.0,439.02,12651676.0,1106.08,0.0
Wheat flour: prepacked (golden penny 2kg),Oct,2022,Q4,235851946,Imported,Crops,Non-Perishable,Low,165.0,215.0,439.02,12651676.0,1144.47,0.0
Agric eggs medium size,Nov,2022,Q4,236453150,South West,Livestock,Perishable,High,165.0,215.0,444.084,748677.44,801.39,16.7
Agric eggs(medium size price of one),Nov,2022,Q4,236453150,South West,Livestock,Perishable,High,165.0,215.0,444.084,748677.44,80.95,16.7
"Beans brown,sold loose",Nov,2022,Q4,236453150,North Central,Crops,Non-Perishable,Low,165.0,215.0,444.084,12651676.0,578.55,0.7333333333333334
Beans:white black eye. sold loose,Nov,2022,Q4,236453150,North East,Crops,Non-Perishable,Low,165.0,215.0,444.084,12651676.0,557.67,0.0
Beef Bone in,Nov,2022,Q4,236453150,North West,Livestock,Perishable,High,165.0,215.0,444.084,748677.44,1757.44,0.0
"Beef,boneless",Nov,2022,Q4,236453150,North West,Livestock,Perishable,High,165.0,215.0,444.084,748677.44,2337.46,0.0
Bread sliced 500g,Nov,2022,Q4,236453150,South West,Crops,Perishable,Medium,165.0,215.0,444.084,12651676.0,529.07,16.7
Bread unsliced 500g,Nov,2022,Q4,236453150,South West,Crops,Perishable,Medium,165.0,215.0,444.084,12651676.0,492.01,16.7
Broken Rice (Ofada),Nov,2022,Q4,236453150,South West,Crops,Non-Perishable,Low,165.0,215.0,444.084,12651676.0,549.67,16.7
Chicken Feet,Nov,2022,Q4,236453150,South East,Livestock,Perishable,High,165.0,215.0,444.084,748677.44,1050.73,17.466666666666665
Chicken Wings,Nov,2022,Q4,236453150,South East,Livestock,Perishable,High,165.0,215.0,444.084,748677.44,1366.61,17.466666666666665
Evaporated tinned milk carnation 170g,Nov,2022,Q4,236453150,Imported,Imported,Non-Perishable,Low,165.0,215.0,444.084,0.0,273.78,0.0
"Evaporated tinned milk(peak), 170g",Nov,2022,Q4,236453150,Imported,Imported,Non-Perishable,Low,165.0,215.0,444.084,0.0,327.26,0.0
Frozen chicken,Nov,2022,Q4,236453150,South East,Livestock,Perishable,High,165.0,215.0,444.084,748677.44,2651.94,17.466666666666665
"Gari white,sold loose",Nov,2022,Q4,236453150,South West,Crops,Non-Perishable,Low,165.0,215.0,444.084,12651676.0,325.82,16.7
"Gari yellow,sold loose",Nov,2022,Q4,236453150,South West,Crops,Non-Perishable,Low,165.0,215.0,444.084,12651676.0,360.11,16.7
Mudfish (aro) fresh,Nov,2022,Q4,236453150,South South,Fishing,Perishable,High,165.0,215.0,444.084,632819.25,1377.46,84.60000000000001
Mudfish : dried,Nov,2022,Q4,236453150,South South,Fishing,Non-Perishable,Low,165.0,215.0,444.084,632819.25,2205.07,84.60000000000001
Onion bulb,Nov,2022,Q4,236453150,North East,Crops,Perishable,Low,165.0,215.0,444.084,12651676.0,425.71,0.0
Rice agric sold loose,Nov,2022,Q4,236453150,North Central,Crops,Non-Perishable,Low,165.0,215.0,444.084,12651676.0,575.75,0.7333333333333334
Rice local sold loose,Nov,2022,Q4,236453150,North Central,Crops,Non-Perishable,Low,165.0,215.0,444.084,12651676.0,500.8,0.7333333333333334
Rice Medium Grained,Nov,2022,Q4,236453150,North Central,Crops,Non-Perishable,Low,165.0,215.0,444.084,12651676.0,561.12,0.7333333333333334
"Rice,imported high quality sold loose",Nov,2022,Q4,236453150,Imported,Imported,Non-Perishable,Low,165.0,215.0,444.084,0.0,704.13,0.0
Tomato,Nov,2022,Q4,236453150,North Central,Crops,Perishable,High,165.0,215.0,444.084,12651676.0,455.13,0.7333333333333334
Yam tuber,Nov,2022,Q4,236453150,South East,Crops,Perishable,Medium,165.0,215.0,444.084,12651676.0,421.08,17.466666666666665
Dried Fish Sardine,Nov,2022,Q4,236453150,South South,Fishing,Non-Perishable,Low,165.0,215.0,444.084,632819.25,1884.64,84.60000000000001
Iced Sardine,Nov,2022,Q4,236453150,Imported,Fishing,Perishable,High,165.0,215.0,444.084,632819.25,1581.43,0.0
Irish potato,Nov,2022,Q4,236453150,North East,Crops,Perishable,Medium,165.0,215.0,444.084,12651676.0,531.25,0.0
Sweet potato,Nov,2022,Q4,236453150,South East,Crops,Perishable,Medium,165.0,215.0,444.084,12651676.0,264.9,17.466666666666665
Tilapia fish (epiya) fresh,Nov,2022,Q4,236453150,South South,Fishing,Perishable,High,165.0,215.0,444.084,632819.25,1238.93,84.60000000000001
Titus:frozen,Nov,2022,Q4,236453150,Imported,Fishing,Perishable,High,165.0,215.0,444.084,632819.25,1694.26,0.0
Catfish (obokun) fresh,Nov,2022,Q4,236453150,South West,Fishing,Perishable,High,165.0,215.0,444.084,632819.25,1514.27,16.7
Catfish :dried,Nov,2022,Q4,236453150,South West,Fishing,Non-Perishable,Low,165.0,215.0,444.084,632819.25,2280.91,16.7
Catfish Smoked,Nov,2022,Q4,236453150,South West,Fishing,Non-Perishable,Low,165.0,215.0,444.084,632819.25,1871.43,16.7
Mackerel : frozen,Nov,2022,Q4,236453150,Imported,Fishing,Perishable,High,165.0,215.0,444.084,632819.25,1570.68,0.0
"Groundnut oil: 1 bottle, specify bottle",Nov,2022,Q4,236453150,North East,Crops,Non-Perishable,Low,165.0,215.0,444.084,12651676.0,1199.39,0.0
Maize grain white sold loose,Nov,2022,Q4,236453150,North Central,Crops,Non-Perishable,Low,165.0,215.0,444.084,12651676.0,317.86,0.7333333333333334
Maize grain yellow sold loose,Nov,2022,Q4,236453150,North Central,Crops,Non-Perishable,Low,165.0,215.0,444.084,12651676.0,317.7,0.7333333333333334
"Palm oil: 1 bottle,specify bottle",Nov,2022,Q4,236453150,South South,Crops,Non-Perishable,Low,165.0,215.0,444.084,12651676.0,1006.64,84.60000000000001
Plantain(ripe),Nov,2022,Q4,236453150,South East,Crops,Perishable,Medium,165.0,215.0,444.084,12651676.0,368.88,17.466666666666665
Plantain(unripe),Nov,2022,Q4,236453150,South East,Crops,Perishable,Medium,165.0,215.0,444.084,12651676.0,340.78,17.466666666666665
"Vegetable oil:1 bottle,specify bottle",Nov,2022,Q4,236453150,Imported,Crops,Non-Perishable,Low,165.0,215.0,444.084,12651676.0,1142.99,0.0
Wheat flour: prepacked (golden penny 2kg),Nov,2022,Q4,236453150,Imported,Crops,Non-Perishable,Low,165.0,215.0,444.084,12651676.0,1189.74,0.0
Agric eggs medium size,Dec,2022,Q4,237055682,South West,Livestock,Perishable,High,165.0,215.0,449.05,748677.44,825.08,5.5
Agric eggs(medium size price of one),Dec,2022,Q4,237055682,South West,Livestock,Perishable,High,165.0,215.0,449.05,748677.44,83.51,5.5
"Beans brown,sold loose",Dec,2022,Q4,237055682,North Central,Crops,Non-Perishable,Low,165.0,215.0,449.05,12651676.0,586.14,0.0
Beans:white black eye. sold loose,Dec,2022,Q4,237055682,North East,Crops,Non-Perishable,Low,165.0,215.0,449.05,12651676.0,568.34,0.0
Beef Bone in,Dec,2022,Q4,237055682,North West,Livestock,Perishable,High,165.0,215.0,449.05,748677.44,1795.01,0.0
"Beef,boneless",Dec,2022,Q4,237055682,North West,Livestock,Perishable,High,165.0,215.0,449.05,748677.44,2377.29,0.0
Bread sliced 500g,Dec,2022,Q4,237055682,South West,Crops,Perishable,Medium,165.0,215.0,449.05,12651676.0,537.89,5.5
Bread unsliced 500g,Dec,2022,Q4,237055682,South West,Crops,Perishable,Medium,165.0,215.0,449.05,12651676.0,496.35,5.5
Broken Rice (Ofada),Dec,2022,Q4,237055682,South West,Crops,Non-Perishable,Low,165.0,215.0,449.05,12651676.0,560.7,5.5
Chicken Feet,Dec,2022,Q4,237055682,South East,Livestock,Perishable,High,165.0,215.0,449.05,748677.44,1073.41,1.6666666666666667
Chicken Wings,Dec,2022,Q4,237055682,South East,Livestock,Perishable,High,165.0,215.0,449.05,748677.44,1382.31,1.6666666666666667
Evaporated tinned milk carnation 170g,Dec,2022,Q4,237055682,Imported,Imported,Non-Perishable,Low,165.0,215.0,449.05,0.0,281.35,0.0
"Evaporated tinned milk(peak), 170g",Dec,2022,Q4,237055682,Imported,Imported,Non-Perishable,Low,165.0,215.0,449.05,0.0,340.01,0.0
Frozen chicken,Dec,2022,Q4,237055682,South East,Livestock,Perishable,High,165.0,215.0,449.05,748677.44,2694.6,1.6666666666666667
"Gari white,sold loose",Dec,2022,Q4,237055682,South West,Crops,Non-Perishable,Low,165.0,215.0,449.05,12651676.0,332.95,5.5
"Gari yellow,sold loose",Dec,2022,Q4,237055682,South West,Crops,Non-Perishable,Low,165.0,215.0,449.05,12651676.0,368.24,5.5
Mudfish (aro) fresh,Dec,2022,Q4,237055682,South South,Fishing,Perishable,High,165.0,215.0,449.05,632819.25,1400.74,27.0
Mudfish : dried,Dec,2022,Q4,237055682,South South,Fishing,Non-Perishable,Low,165.0,215.0,449.05,632819.25,2239.16,27.0
Onion bulb,Dec,2022,Q4,237055682,North East,Crops,Perishable,Low,165.0,215.0,449.05,12651676.0,435.93,0.0
Rice agric sold loose,Dec,2022,Q4,237055682,North Central,Crops,Non-Perishable,Low,165.0,215.0,449.05,12651676.0,586.72,0.0
Rice local sold loose,Dec,2022,Q4,237055682,North Central,Crops,Non-Perishable,Low,165.0,215.0,449.05,12651676.0,506.17,0.0
Rice Medium Grained,Dec,2022,Q4,237055682,North Central,Crops,Non-Perishable,Low,165.0,215.0,449.05,12651676.0,569.46,0.0
"Rice,imported high quality sold loose",Dec,2022,Q4,237055682,Imported,Imported,Non-Perishable,Low,165.0,215.0,449.05,0.0,724.41,0.0
Tomato,Dec,2022,Q4,237055682,North Central,Crops,Perishable,High,165.0,215.0,449.05,12651676.0,458.42,0.0
Yam tuber,Dec,2022,Q4,237055682,South East,Crops,Perishable,Medium,165.0,215.0,449.05,12651676.0,425.48,1.6666666666666667
Dried Fish Sardine,Dec,2022,Q4,237055682,South South,Fishing,Non-Perishable,Low,165.0,215.0,449.05,632819.25,1910.16,27.0
Iced Sardine,Dec,2022,Q4,237055682,Imported,Fishing,Perishable,High,165.0,215.0,449.05,632819.25,1590.4,0.0
Irish potato,Dec,2022,Q4,237055682,North East,Crops,Perishable,Medium,165.0,215.0,449.05,12651676.0,541.57,0.0
Sweet potato,Dec,2022,Q4,237055682,South East,Crops,Perishable,Medium,165.0,215.0,449.05,12651676.0,269.23,1.6666666666666667
Tilapia fish (epiya) fresh,Dec,2022,Q4,237055682,South South,Fishing,Perishable,High,165.0,215.0,449.05,632819.25,1255.88,27.0
Titus:frozen,Dec,2022,Q4,237055682,Imported,Fishing,Perishable,High,165.0,215.0,449.05,632819.25,1725.08,0.0
Catfish (obokun) fresh,Dec,2022,Q4,237055682,South West,Fishing,Perishable,High,165.0,215.0,449.05,632819.25,1534.5,5.5
Catfish :dried,Dec,2022,Q4,237055682,South West,Fishing,Non-Perishable,Low,165.0,215.0,449.05,632819.25,2311.53,5.5
Catfish Smoked,Dec,2022,Q4,237055682,South West,Fishing,Non-Perishable,Low,165.0,215.0,449.05,632819.25,1897.87,5.5
Mackerel : frozen,Dec,2022,Q4,237055682,Imported,Fishing,Perishable,High,165.0,215.0,449.05,632819.25,1597.67,0.0
"Groundnut oil: 1 bottle, specify bottle",Dec,2022,Q4,237055682,North East,Crops,Non-Perishable,Low,165.0,215.0,449.05,12651676.0,1225.46,0.0
Maize grain white sold loose,Dec,2022,Q4,237055682,North Central,Crops,Non-Perishable,Low,165.0,215.0,449.05,12651676.0,323.64,0.0
Maize grain yellow sold loose,Dec,2022,Q4,237055682,North Central,Crops,Non-Perishable,Low,165.0,215.0,449.05,12651676.0,329.05,0.0
"Palm oil: 1 bottle,specify bottle",Dec,2022,Q4,237055682,South South,Crops,Non-Perishable,Low,165.0,215.0,449.05,12651676.0,1024.13,27.0
Plantain(ripe),Dec,2022,Q4,237055682,South East,Crops,Perishable,Medium,165.0,215.0,449.05,12651676.0,376.24,1.6666666666666667
Plantain(unripe),Dec,2022,Q4,237055682,South East,Crops,Perishable,Medium,165.0,215.0,449.05,12651676.0,347.68,1.6666666666666667
"Vegetable oil:1 bottle,specify bottle",Dec,2022,Q4,237055682,Imported,Crops,Non-Perishable,Low,165.0,215.0,449.05,12651676.0,1161.76,0.0
Wheat flour: prepacked (golden penny 2kg),Dec,2022,Q4,237055682,Imported,Crops,Non-Perishable,Low,165.0,215.0,449.05,12651676.0,1203.88,0.0
Agric eggs medium size,Jan,2023,Q1,237659545,South West,Livestock,Perishable,High,165.0,215.0,461.5,504675.16,850.49,10.566666666666666
Agric eggs(medium size price of one),Jan,2023,Q1,237659545,South West,Livestock,Perishable,High,165.0,215.0,461.5,504675.16,87.23,10.566666666666666
"Beans brown,sold loose",Jan,2023,Q1,237659545,North Central,Crops,Non-Perishable,Low,165.0,215.0,461.5,8736546.0,593.96,2.8666666666666667
Beans:white black eye. sold loose,Jan,2023,Q1,237659545,North East,Crops,Non-Perishable,Low,165.0,215.0,461.5,8736546.0,572.55,0.0
Beef Bone in,Jan,2023,Q1,237659545,North West,Livestock,Perishable,High,165.0,215.0,461.5,504675.16,1799.54,0.0
"Beef,boneless",Jan,2023,Q1,237659545,North West,Livestock,Perishable,High,165.0,215.0,461.5,504675.16,2418.91,0.0
Bread sliced 500g,Jan,2023,Q1,237659545,South West,Crops,Perishable,Medium,165.0,215.0,461.5,8736546.0,547.23,10.566666666666666
Bread unsliced 500g,Jan,2023,Q1,237659545,South West,Crops,Perishable,Medium,165.0,215.0,461.5,8736546.0,506.93,10.566666666666666
Broken Rice (Ofada),Jan,2023,Q1,237659545,South West,Crops,Non-Perishable,Low,165.0,215.0,461.5,8736546.0,567.19,10.566666666666666
Chicken Feet,Jan,2023,Q1,237659545,South East,Livestock,Perishable,High,165.0,215.0,461.5,504675.16,1079.55,16.066666666666666
Chicken Wings,Jan,2023,Q1,237659545,South East,Livestock,Perishable,High,165.0,215.0,461.5,504675.16,1390.99,16.066666666666666
Evaporated tinned milk carnation 170g,Jan,2023,Q1,237659545,Imported,Imported,Non-Perishable,Low,165.0,215.0,461.5,0.0,290.34,0.0
"Evaporated tinned milk(peak), 170g",Jan,2023,Q1,237659545,Imported,Imported,Non-Perishable,Low,165.0,215.0,461.5,0.0,356.02,0.0
Frozen chicken,Jan,2023,Q1,237659545,South East,Livestock,Perishable,High,165.0,215.0,461.5,504675.16,2754.45,16.066666666666666
"Gari white,sold loose",Jan,2023,Q1,237659545,South West,Crops,Non-Perishable,Low,165.0,215.0,461.5,8736546.0,337.52,10.566666666666666
"Gari yellow,sold loose",Jan,2023,Q1,237659545,South West,Crops,Non-Perishable,Low,165.0,215.0,461.5,8736546.0,375.87,10.566666666666666
Mudfish (aro) fresh,Jan,2023,Q1,237659545,South South,Fishing,Perishable,High,165.0,215.0,461.5,729431.9,1418.36,35.43333333333334
Mudfish : dried,Jan,2023,Q1,237659545,South South,Fishing,Non-Perishable,Low,165.0,215.0,461.5,729431.9,2233.48,35.43333333333334
Onion bulb,Jan,2023,Q1,237659545,North East,Crops,Perishable,Low,165.0,215.0,461.5,8736546.0,446.44,0.0
Rice agric sold loose,Jan,2023,Q1,237659545,North Central,Crops,Non-Perishable,Low,165.0,215.0,461.5,8736546.0,598.57,2.8666666666666667
Rice local sold loose,Jan,2023,Q1,237659545,North Central,Crops,Non-Perishable,Low,165.0,215.0,461.5,8736546.0,514.83,2.8666666666666667
Rice Medium Grained,Jan,2023,Q1,237659545,North Central,Crops,Non-Perishable,Low,165.0,215.0,461.5,8736546.0,578.36,2.8666666666666667
"Rice,imported high quality sold loose",Jan,2023,Q1,237659545,Imported,Imported,Non-Perishable,Low,165.0,215.0,461.5,0.0,744.12,0.0
Tomato,Jan,2023,Q1,237659545,North Central,Crops,Perishable,High,165.0,215.0,461.5,8736546.0,467.04,2.8666666666666667
Yam tuber,Jan,2023,Q1,237659545,South East,Crops,Perishable,Medium,165.0,215.0,461.5,8736546.0,431.36,16.066666666666666
Dried Fish Sardine,Jan,2023,Q1,237659545,South South,Fishing,Non-Perishable,Low,165.0,215.0,461.5,729431.9,1911.81,35.43333333333334
Iced Sardine,Jan,2023,Q1,237659545,Imported,Fishing,Perishable,High,165.0,215.0,461.5,729431.9,1601.1,0.0
Irish potato,Jan,2023,Q1,237659545,North East,Crops,Perishable,Medium,165.0,215.0,461.5,8736546.0,543.15,0.0
Sweet potato,Jan,2023,Q1,237659545,South East,Crops,Perishable,Medium,165.0,215.0,461.5,8736546.0,273.67,16.066666666666666
Tilapia fish (epiya) fresh,Jan,2023,Q1,237659545,South South,Fishing,Perishable,High,165.0,215.0,461.5,729431.9,1253.24,35.43333333333334
Titus:frozen,Jan,2023,Q1,237659545,Imported,Fishing,Perishable,High,165.0,215.0,461.5,729431.9,1733.57,0.0
Catfish (obokun) fresh,Jan,2023,Q1,237659545,South West,Fishing,Perishable,High,165.0,215.0,461.5,729431.9,1535.0,10.566666666666666
Catfish :dried,Jan,2023,Q1,237659545,South West,Fishing,Non-Perishable,Low,165.0,215.0,461.5,729431.9,2307.94,10.566666666666666
Catfish Smoked,Jan,2023,Q1,237659545,South West,Fishing,Non-Perishable,Low,165.0,215.0,461.5,729431.9,1884.0,10.566666666666666
Mackerel : frozen,Jan,2023,Q1,237659545,Imported,Fishing,Perishable,High,165.0,215.0,461.5,729431.9,1602.21,0.0
"Groundnut oil: 1 bottle, specify bottle",Jan,2023,Q1,237659545,North East,Crops,Non-Perishable,Low,165.0,215.0,461.5,8736546.0,1256.61,0.0
Maize grain white sold loose,Jan,2023,Q1,237659545,North Central,Crops,Non-Perishable,Low,165.0,215.0,461.5,8736546.0,334.57,2.8666666666666667
Maize grain yellow sold loose,Jan,2023,Q1,237659545,North Central,Crops,Non-Perishable,Low,165.0,215.0,461.5,8736546.0,342.15,2.8666666666666667
"Palm oil: 1 bottle,specify bottle",Jan,2023,Q1,237659545,South South,Crops,Non-Perishable,Low,165.0,215.0,461.5,8736546.0,1044.04,35.43333333333334
Plantain(ripe),Jan,2023,Q1,237659545,South East,Crops,Perishable,Medium,165.0,215.0,461.5,8736546.0,384.77,16.066666666666666
Plantain(unripe),Jan,2023,Q1,237659545,South East,Crops,Perishable,Medium,165.0,215.0,461.5,8736546.0,353.86,16.066666666666666
"Vegetable oil:1 bottle,specify bottle",Jan,2023,Q1,237659545,Imported,Crops,Non-Perishable,Low,165.0,215.0,461.5,8736546.0,1183.67,0.0
Wheat flour: prepacked (golden penny 2kg),Jan,2023,Q1,237659545,Imported,Crops,Non-Perishable,Low,165.0,215.0,461.5,8736546.0,1236.31,0.0
Agric eggs medium size,Feb,2023,Q1,238264743,South West,Livestock,Perishable,High,165.0,215.0,460.97,504675.16,868.73,6.233333333333333
Agric eggs(medium size price of one),Feb,2023,Q1,238264743,South West,Livestock,Perishable,High,165.0,215.0,460.97,504675.16,88.03,6.233333333333333
"Beans brown,sold loose",Feb,2023,Q1,238264743,North Central,Crops,Non-Perishable,Low,165.0,215.0,460.97,8736546.0,594.15,0.03333333333333333
Beans:white black eye. sold loose,Feb,2023,Q1,238264743,North East,Crops,Non-Perishable,Low,165.0,215.0,460.97,8736546.0,576.93,0.0
Beef Bone in,Feb,2023,Q1,238264743,North West,Livestock,Perishable,High,165.0,215.0,460.97,504675.16,1823.44,0.0
"Beef,boneless",Feb,2023,Q1,238264743,North West,Livestock,Perishable,High,165.0,215.0,460.97,504675.16,2445.96,0.0
Bread sliced 500g,Feb,2023,Q1,238264743,South West,Crops,Perishable,Medium,165.0,215.0,460.97,8736546.0,553.03,6.233333333333333
Bread unsliced 500g,Feb,2023,Q1,238264743,South West,Crops,Perishable,Medium,165.0,215.0,460.97,8736546.0,514.99,6.233333333333333
Broken Rice (Ofada),Feb,2023,Q1,238264743,South West,Crops,Non-Perishable,Low,165.0,215.0,460.97,8736546.0,570.73,6.233333333333333
Chicken Feet,Feb,2023,Q1,238264743,South East,Livestock,Perishable,High,165.0,215.0,460.97,504675.16,1548.21,2.6333333333333333
Chicken Wings,Feb,2023,Q1,238264743,South East,Livestock,Perishable,High,165.0,215.0,460.97,504675.16,2326.07,2.6333333333333333
Evaporated tinned milk carnation 170g,Feb,2023,Q1,238264743,Imported,Imported,Non-Perishable,Low,165.0,215.0,460.97,0.0,1897.85,0.0
"Evaporated tinned milk(peak), 170g",Feb,2023,Q1,238264743,Imported,Imported,Non-Perishable,Low,165.0,215.0,460.97,0.0,1088.69,0.0
Frozen chicken,Feb,2023,Q1,238264743,South East,Livestock,Perishable,High,165.0,215.0,460.97,504675.16,1392.72,2.6333333333333333
"Gari white,sold loose",Feb,2023,Q1,238264743,South West,Crops,Non-Perishable,Low,165.0,215.0,460.97,8736546.0,1920.99,6.233333333333333
"Gari yellow,sold loose",Feb,2023,Q1,238264743,South West,Crops,Non-Perishable,Low,165.0,215.0,460.97,8736546.0,295.74,6.233333333333333
Mudfish (aro) fresh,Feb,2023,Q1,238264743,South South,Fishing,Perishable,High,165.0,215.0,460.97,729431.9,358.41,28.433333333333334
Mudfish : dried,Feb,2023,Q1,238264743,South South,Fishing,Non-Perishable,Low,165.0,215.0,460.97,729431.9,2776.51,28.433333333333334
Onion bulb,Feb,2023,Q1,238264743,North East,Crops,Perishable,Low,165.0,215.0,460.97,8736546.0,345.88,0.0
Rice agric sold loose,Feb,2023,Q1,238264743,North Central,Crops,Non-Perishable,Low,165.0,215.0,460.97,8736546.0,380.88,0.03333333333333333
Rice local sold loose,Feb,2023,Q1,238264743,North Central,Crops,Non-Perishable,Low,165.0,215.0,460.97,8736546.0,1270.91,0.03333333333333333
Rice Medium Grained,Feb,2023,Q1,238264743,North Central,Crops,Non-Perishable,Low,165.0,215.0,460.97,8736546.0,1614.4,0.03333333333333333
"Rice,imported high quality sold loose",Feb,2023,Q1,238264743,Imported,Imported,Non-Perishable,Low,165.0,215.0,460.97,0.0,551.55,0.0
Tomato,Feb,2023,Q1,238264743,North Central,Crops,Perishable,High,165.0,215.0,460.97,8736546.0,1614.89,0.03333333333333333
Yam tuber,Feb,2023,Q1,238264743,South East,Crops,Perishable,Medium,165.0,215.0,460.97,8736546.0,338.14,2.6333333333333333
Dried Fish Sardine,Feb,2023,Q1,238264743,South South,Fishing,Non-Perishable,Low,165.0,215.0,460.97,729431.9,342.95,28.433333333333334
Iced Sardine,Feb,2023,Q1,238264743,Imported,Fishing,Perishable,High,165.0,215.0,460.97,729431.9,1432.14,0.0
Irish potato,Feb,2023,Q1,238264743,North East,Crops,Perishable,Medium,165.0,215.0,460.97,8736546.0,2245.35,0.0
Sweet potato,Feb,2023,Q1,238264743,South East,Crops,Perishable,Medium,165.0,215.0,460.97,8736546.0,450.07,2.6333333333333333
Tilapia fish (epiya) fresh,Feb,2023,Q1,238264743,South South,Fishing,Perishable,High,165.0,215.0,460.97,729431.9,1066.14,28.433333333333334
Titus:frozen,Feb,2023,Q1,238264743,Imported,Fishing,Perishable,High,165.0,215.0,460.97,729431.9,386.65,0.0
Catfish (obokun) fresh,Feb,2023,Q1,238264743,South West,Fishing,Perishable,High,165.0,215.0,460.97,729431.9,355.88,6.233333333333333
Catfish :dried,Feb,2023,Q1,238264743,South West,Fishing,Non-Perishable,Low,165.0,215.0,460.97,729431.9,602.09,6.233333333333333
Catfish Smoked,Feb,2023,Q1,238264743,South West,Fishing,Non-Perishable,Low,165.0,215.0,460.97,729431.9,520.84,6.233333333333333
Mackerel : frozen,Feb,2023,Q1,238264743,Imported,Fishing,Perishable,High,165.0,215.0,460.97,729431.9,584.55,0.0
"Groundnut oil: 1 bottle, specify bottle",Feb,2023,Q1,238264743,North East,Crops,Non-Perishable,Low,165.0,215.0,460.97,8736546.0,745.96,0.0
Maize grain white sold loose,Feb,2023,Q1,238264743,North Central,Crops,Non-Perishable,Low,165.0,215.0,460.97,8736546.0,279.02,0.03333333333333333
Maize grain yellow sold loose,Feb,2023,Q1,238264743,North Central,Crops,Non-Perishable,Low,165.0,215.0,460.97,8736546.0,1271.86,0.03333333333333333
"Palm oil: 1 bottle,specify bottle",Feb,2023,Q1,238264743,South South,Crops,Non-Perishable,Low,165.0,215.0,460.97,8736546.0,1744.35,28.433333333333334
Plantain(ripe),Feb,2023,Q1,238264743,South East,Crops,Perishable,Medium,165.0,215.0,460.97,8736546.0,468.09,2.6333333333333333
Plantain(unripe),Feb,2023,Q1,238264743,South East,Crops,Perishable,Medium,165.0,215.0,460.97,8736546.0,1196.68,2.6333333333333333
"Vegetable oil:1 bottle,specify bottle",Feb,2023,Q1,238264743,Imported,Crops,Non-Perishable,Low,165.0,215.0,460.97,8736546.0,1247.42,0.0
Wheat flour: prepacked (golden penny 2kg),Feb,2023,Q1,238264743,Imported,Crops,Non-Perishable,Low,165.0,215.0,460.97,8736546.0,436.41,0.0
Agric eggs medium size,Mar,2023,Q1,238871282,South West,Livestock,Perishable,High,165.0,215.0,460.85,504675.16,891.54,70.56666666666668
Agric eggs(medium size price of one),Mar,2023,Q1,238871282,South West,Livestock,Perishable,High,165.0,215.0,460.85,504675.16,88.22,70.56666666666668
"Beans brown,sold loose",Mar,2023,Q1,238871282,North Central,Crops,Non-Perishable,Low,165.0,215.0,460.85,8736546.0,596.96,38.93333333333334
Beans:white black eye. sold loose,Mar,2023,Q1,238871282,North East,Crops,Non-Perishable,Low,165.0,215.0,460.85,8736546.0,576.2,0.43333333333333335
Beef Bone in,Mar,2023,Q1,238871282,North West,Livestock,Perishable,High,165.0,215.0,460.85,504675.16,1856.19,1.5666666666666667
"Beef,boneless",Mar,2023,Q1,238871282,North West,Livestock,Perishable,High,165.0,215.0,460.85,504675.16,2479.61,1.5666666666666667
Bread sliced 500g,Mar,2023,Q1,238871282,South West,Crops,Perishable,Medium,165.0,215.0,460.85,8736546.0,561.21,70.56666666666668
Bread unsliced 500g,Mar,2023,Q1,238871282,South West,Crops,Perishable,Medium,165.0,215.0,460.85,8736546.0,518.14,70.56666666666668
Broken Rice (Ofada),Mar,2023,Q1,238871282,South West,Crops,Non-Perishable,Low,165.0,215.0,460.85,8736546.0,584.95,70.56666666666668
Chicken Feet,Mar,2023,Q1,238871282,South East,Livestock,Perishable,High,165.0,215.0,460.85,504675.16,1566.34,120.5
Chicken Wings,Mar,2023,Q1,238871282,South East,Livestock,Perishable,High,165.0,215.0,460.85,504675.16,2352.15,120.5
Evaporated tinned milk carnation 170g,Mar,2023,Q1,238871282,Imported,Imported,Non-Perishable,Low,165.0,215.0,460.85,0.0,1921.31,0.0
"Evaporated tinned milk(peak), 170g",Mar,2023,Q1,238871282,Imported,Imported,Non-Perishable,Low,165.0,215.0,460.85,0.0,1108.61,0.0
Frozen chicken,Mar,2023,Q1,238871282,South East,Livestock,Perishable,High,165.0,215.0,460.85,504675.16,1413.2,120.5
"Gari white,sold loose",Mar,2023,Q1,238871282,South West,Crops,Non-Perishable,Low,165.0,215.0,460.85,8736546.0,1949.98,70.56666666666668
"Gari yellow,sold loose",Mar,2023,Q1,238871282,South West,Crops,Non-Perishable,Low,165.0,215.0,460.85,8736546.0,300.11,70.56666666666668
Mudfish (aro) fresh,Mar,2023,Q1,238871282,South South,Fishing,Perishable,High,165.0,215.0,460.85,729431.9,369.15,177.79999999999998
Mudfish : dried,Mar,2023,Q1,238871282,South South,Fishing,Non-Perishable,Low,165.0,215.0,460.85,729431.9,2827.6,177.79999999999998
Onion bulb,Mar,2023,Q1,238871282,North East,Crops,Perishable,Low,165.0,215.0,460.85,8736546.0,353.16,0.43333333333333335
Rice agric sold loose,Mar,2023,Q1,238871282,North Central,Crops,Non-Perishable,Low,165.0,215.0,460.85,8736546.0,391.38,38.93333333333334
Rice local sold loose,Mar,2023,Q1,238871282,North Central,Crops,Non-Perishable,Low,165.0,215.0,460.85,8736546.0,1292.55,38.93333333333334
Rice Medium Grained,Mar,2023,Q1,238871282,North Central,Crops,Non-Perishable,Low,165.0,215.0,460.85,8736546.0,1641.96,38.93333333333334
"Rice,imported high quality sold loose",Mar,2023,Q1,238871282,Imported,Imported,Non-Perishable,Low,165.0,215.0,460.85,0.0,557.06,0.0
Tomato,Mar,2023,Q1,238871282,North Central,Crops,Perishable,High,165.0,215.0,460.85,8736546.0,1651.54,38.93333333333334
Yam tuber,Mar,2023,Q1,238871282,South East,Crops,Perishable,Medium,165.0,215.0,460.85,8736546.0,339.79,120.5
Dried Fish Sardine,Mar,2023,Q1,238871282,South South,Fishing,Non-Perishable,Low,165.0,215.0,460.85,729431.9,343.92,177.79999999999998
Iced Sardine,Mar,2023,Q1,238871282,Imported,Fishing,Perishable,High,165.0,215.0,460.85,729431.9,1442.91,0.0
Irish potato,Mar,2023,Q1,238871282,North East,Crops,Perishable,Medium,165.0,215.0,460.85,8736546.0,2256.48,0.43333333333333335
Sweet potato,Mar,2023,Q1,238871282,South East,Crops,Perishable,Medium,165.0,215.0,460.85,8736546.0,444.37,120.5
Tilapia fish (epiya) fresh,Mar,2023,Q1,238871282,South South,Fishing,Perishable,High,165.0,215.0,460.85,729431.9,1086.7,177.79999999999998
Titus:frozen,Mar,2023,Q1,238871282,Imported,Fishing,Perishable,High,165.0,215.0,460.85,729431.9,400.43,0.0
Catfish (obokun) fresh,Mar,2023,Q1,238871282,South West,Fishing,Perishable,High,165.0,215.0,460.85,729431.9,366.44,70.56666666666668
Catfish :dried,Mar,2023,Q1,238871282,South West,Fishing,Non-Perishable,Low,165.0,215.0,460.85,729431.9,613.29,70.56666666666668
Catfish Smoked,Mar,2023,Q1,238871282,South West,Fishing,Non-Perishable,Low,165.0,215.0,460.85,729431.9,530.08,70.56666666666668
Mackerel : frozen,Mar,2023,Q1,238871282,Imported,Fishing,Perishable,High,165.0,215.0,460.85,729431.9,597.5,0.0
"Groundnut oil: 1 bottle, specify bottle",Mar,2023,Q1,238871282,North East,Crops,Non-Perishable,Low,165.0,215.0,460.85,8736546.0,765.15,0.43333333333333335
Maize grain white sold loose,Mar,2023,Q1,238871282,North Central,Crops,Non-Perishable,Low,165.0,215.0,460.85,8736546.0,278.36,38.93333333333334
Maize grain yellow sold loose,Mar,2023,Q1,238871282,North Central,Crops,Non-Perishable,Low,165.0,215.0,460.85,8736546.0,1279.93,38.93333333333334
"Palm oil: 1 bottle,specify bottle",Mar,2023,Q1,238871282,South South,Crops,Non-Perishable,Low,165.0,215.0,460.85,8736546.0,1781.66,177.79999999999998
Plantain(ripe),Mar,2023,Q1,238871282,South East,Crops,Perishable,Medium,165.0,215.0,460.85,8736546.0,466.6,120.5
Plantain(unripe),Mar,2023,Q1,238871282,South East,Crops,Perishable,Medium,165.0,215.0,460.85,8736546.0,1220.62,120.5
"Vegetable oil:1 bottle,specify bottle",Mar,2023,Q1,238871282,Imported,Crops,Non-Perishable,Low,165.0,215.0,460.85,8736546.0,1275.23,0.0
Wheat flour: prepacked (golden penny 2kg),Mar,2023,Q1,238871282,Imported,Crops,Non-Perishable,Low,165.0,215.0,460.85,8736546.0,443.02,0.0
Agric eggs medium size,Apr,2023,Q2,239479167,South West,Livestock,Perishable,High,165.0,215.0,460.81,662991.94,915.41,52.300000000000004
Agric eggs(medium size price of one),Apr,2023,Q2,239479167,South West,Livestock,Perishable,High,165.0,215.0,460.81,662991.94,88.17,52.300000000000004
"Beans brown,sold loose",Apr,2023,Q2,239479167,North Central,Crops,Non-Perishable,Low,165.0,215.0,460.81,9669866.0,615.67,46.866666666666674
Beans:white black eye. sold loose,Apr,2023,Q2,239479167,North East,Crops,Non-Perishable,Low,165.0,215.0,460.81,9669866.0,584.42,2.4
Beef Bone in,Apr,2023,Q2,239479167,North West,Livestock,Perishable,High,165.0,215.0,460.81,662991.94,1887.27,7.733333333333334
"Beef,boneless",Apr,2023,Q2,239479167,North West,Livestock,Perishable,High,165.0,215.0,460.81,662991.94,2495.69,7.733333333333334
Bread sliced 500g,Apr,2023,Q2,239479167,South West,Crops,Perishable,Medium,165.0,215.0,460.81,9669866.0,577.41,52.300000000000004
Bread unsliced 500g,Apr,2023,Q2,239479167,South West,Crops,Perishable,Medium,165.0,215.0,460.81,9669866.0,536.0,52.300000000000004
Broken Rice (Ofada),Apr,2023,Q2,239479167,South West,Crops,Non-Perishable,Low,165.0,215.0,460.81,9669866.0,601.61,52.300000000000004
Chicken Feet,Apr,2023,Q2,239479167,South East,Livestock,Perishable,High,165.0,215.0,460.81,662991.94,1589.12,106.73333333333333
Chicken Wings,Apr,2023,Q2,239479167,South East,Livestock,Perishable,High,165.0,215.0,460.81,662991.94,2379.97,106.73333333333333
Evaporated tinned milk carnation 170g,Apr,2023,Q2,239479167,Imported,Imported,Non-Perishable,Low,165.0,215.0,460.81,0.0,1937.26,0.0
"Evaporated tinned milk(peak), 170g",Apr,2023,Q2,239479167,Imported,Imported,Non-Perishable,Low,165.0,215.0,460.81,0.0,1115.29,0.0
Frozen chicken,Apr,2023,Q2,239479167,South East,Livestock,Perishable,High,165.0,215.0,460.81,662991.94,1428.71,106.73333333333333
"Gari white,sold loose",Apr,2023,Q2,239479167,South West,Crops,Non-Perishable,Low,165.0,215.0,460.81,9669866.0,1983.19,52.300000000000004
"Gari yellow,sold loose",Apr,2023,Q2,239479167,South West,Crops,Non-Perishable,Low,165.0,215.0,460.81,9669866.0,308.66,52.300000000000004
Mudfish (aro) fresh,Apr,2023,Q2,239479167,South South,Fishing,Perishable,High,165.0,215.0,460.81,540164.1,378.82,213.16666666666666
Mudfish : dried,Apr,2023,Q2,239479167,South South,Fishing,Non-Perishable,Low,165.0,215.0,460.81,540164.1,2853.16,213.16666666666666
Onion bulb,Apr,2023,Q2,239479167,North East,Crops,Perishable,Low,165.0,215.0,460.81,9669866.0,362.5,2.4
Rice agric sold loose,Apr,2023,Q2,239479167,North Central,Crops,Non-Perishable,Low,165.0,215.0,460.81,9669866.0,399.78,46.866666666666674
Rice local sold loose,Apr,2023,Q2,239479167,North Central,Crops,Non-Perishable,Low,165.0,215.0,460.81,9669866.0,1317.5,46.866666666666674
Rice Medium Grained,Apr,2023,Q2,239479167,North Central,Crops,Non-Perishable,Low,165.0,215.0,460.81,9669866.0,1669.58,46.866666666666674
"Rice,imported high quality sold loose",Apr,2023,Q2,239479167,Imported,Imported,Non-Perishable,Low,165.0,215.0,460.81,0.0,567.29,0.0
Tomato,Apr,2023,Q2,239479167,North Central,Crops,Perishable,High,165.0,215.0,460.81,9669866.0,1660.03,46.866666666666674
Yam tuber,Apr,2023,Q2,239479167,South East,Crops,Perishable,Medium,165.0,215.0,460.81,9669866.0,346.67,106.73333333333333
Dried Fish Sardine,Apr,2023,Q2,239479167,South South,Fishing,Non-Perishable,Low,165.0,215.0,460.81,540164.1,349.46,213.16666666666666
Iced Sardine,Apr,2023,Q2,239479167,Imported,Fishing,Perishable,High,165.0,215.0,460.81,540164.1,1466.24,0.0
Irish potato,Apr,2023,Q2,239479167,North East,Crops,Perishable,Medium,165.0,215.0,460.81,9669866.0,2287.83,2.4
Sweet potato,Apr,2023,Q2,239479167,South East,Crops,Perishable,Medium,165.0,215.0,460.81,9669866.0,441.38,106.73333333333333
Tilapia fish (epiya) fresh,Apr,2023,Q2,239479167,South South,Fishing,Perishable,High,165.0,215.0,460.81,540164.1,1107.14,213.16666666666666
Titus:frozen,Apr,2023,Q2,239479167,Imported,Fishing,Perishable,High,165.0,215.0,460.81,540164.1,412.39,0.0
Catfish (obokun) fresh,Apr,2023,Q2,239479167,South West,Fishing,Perishable,High,165.0,215.0,460.81,540164.1,372.89,52.300000000000004
Catfish :dried,Apr,2023,Q2,239479167,South West,Fishing,Non-Perishable,Low,165.0,215.0,460.81,540164.1,631.5,52.300000000000004
Catfish Smoked,Apr,2023,Q2,239479167,South West,Fishing,Non-Perishable,Low,165.0,215.0,460.81,540164.1,546.76,52.300000000000004
Mackerel : frozen,Apr,2023,Q2,239479167,Imported,Fishing,Perishable,High,165.0,215.0,460.81,540164.1,609.57,0.0
"Groundnut oil: 1 bottle, specify bottle",Apr,2023,Q2,239479167,North East,Crops,Non-Perishable,Low,165.0,215.0,460.81,9669866.0,781.5,2.4
Maize grain white sold loose,Apr,2023,Q2,239479167,North Central,Crops,Non-Perishable,Low,165.0,215.0,460.81,9669866.0,286.26,46.866666666666674
Maize grain yellow sold loose,Apr,2023,Q2,239479167,North Central,Crops,Non-Perishable,Low,165.0,215.0,460.81,9669866.0,1276.12,46.866666666666674
"Palm oil: 1 bottle,specify bottle",Apr,2023,Q2,239479167,South South,Crops,Non-Perishable,Low,165.0,215.0,460.81,9669866.0,1796.46,213.16666666666666
Plantain(ripe),Apr,2023,Q2,239479167,South East,Crops,Perishable,Medium,165.0,215.0,460.81,9669866.0,485.1,106.73333333333333
Plantain(unripe),Apr,2023,Q2,239479167,South East,Crops,Perishable,Medium,165.0,215.0,460.81,9669866.0,1239.58,106.73333333333333
"Vegetable oil:1 bottle,specify bottle",Apr,2023,Q2,239479167,Imported,Crops,Non-Perishable,Low,165.0,215.0,460.81,9669866.0,1295.17,0.0
Wheat flour: prepacked (golden penny 2kg),Apr,2023,Q2,239479167,Imported,Crops,Non-Perishable,Low,165.0,215.0,460.81,9669866.0,444.69,0.0
Agric eggs medium size,May,2023,Q2,240088403,South West,Livestock,Perishable,High,238.1,815.0,461.76,662991.94,933.38,78.56666666666666
Agric eggs(medium size price of one),May,2023,Q2,240088403,South West,Livestock,Perishable,High,238.1,815.0,461.76,662991.94,89.17,78.56666666666666
"Beans brown,sold loose",May,2023,Q2,240088403,North Central,Crops,Non-Perishable,Low,238.1,815.0,461.76,9669866.0,629.75,113.2
Beans:white black eye. sold loose,May,2023,Q2,240088403,North East,Crops,Non-Perishable,Low,238.1,815.0,461.76,9669866.0,599.74,20.666666666666668
Beef Bone in,May,2023,Q2,240088403,North West,Livestock,Perishable,High,238.1,815.0,461.76,662991.94,1914.92,19.433333333333334
"Beef,boneless",May,2023,Q2,240088403,North West,Livestock,Perishable,High,238.1,815.0,461.76,662991.94,2520.52,19.433333333333334
Bread sliced 500g,May,2023,Q2,240088403,South West,Crops,Perishable,Medium,238.1,815.0,461.76,9669866.0,596.11,78.56666666666666
Bread unsliced 500g,May,2023,Q2,240088403,South West,Crops,Perishable,Medium,238.1,815.0,461.76,9669866.0,550.65,78.56666666666666
Broken Rice (Ofada),May,2023,Q2,240088403,South West,Crops,Non-Perishable,Low,238.1,815.0,461.76,9669866.0,612.05,78.56666666666666
Chicken Feet,May,2023,Q2,240088403,South East,Livestock,Perishable,High,238.1,815.0,461.76,662991.94,1610.63,148.36666666666667
Chicken Wings,May,2023,Q2,240088403,South East,Livestock,Perishable,High,238.1,815.0,461.76,662991.94,2424.73,148.36666666666667
Evaporated tinned milk carnation 170g,May,2023,Q2,240088403,Imported,Imported,Non-Perishable,Low,238.1,815.0,461.76,0.0,1963.22,0.0
"Evaporated tinned milk(peak), 170g",May,2023,Q2,240088403,Imported,Imported,Non-Perishable,Low,238.1,815.0,461.76,0.0,1133.87,0.0
Frozen chicken,May,2023,Q2,240088403,South East,Livestock,Perishable,High,238.1,815.0,461.76,662991.94,1462.35,148.36666666666667
"Gari white,sold loose",May,2023,Q2,240088403,South West,Crops,Non-Perishable,Low,238.1,815.0,461.76,9669866.0,2026.13,78.56666666666666
"Gari yellow,sold loose",May,2023,Q2,240088403,South West,Crops,Non-Perishable,Low,238.1,815.0,461.76,9669866.0,317.51,78.56666666666666
Mudfish (aro) fresh,May,2023,Q2,240088403,South South,Fishing,Perishable,High,238.1,815.0,461.76,540164.1,384.19,221.16666666666666
Mudfish : dried,May,2023,Q2,240088403,South South,Fishing,Non-Perishable,Low,238.1,815.0,461.76,540164.1,2889.99,221.16666666666666
Onion bulb,May,2023,Q2,240088403,North East,Crops,Perishable,Low,238.1,815.0,461.76,9669866.0,371.42,20.666666666666668
Rice agric sold loose,May,2023,Q2,240088403,North Central,Crops,Non-Perishable,Low,238.1,815.0,461.76,9669866.0,401.59,113.2
Rice local sold loose,May,2023,Q2,240088403,North Central,Crops,Non-Perishable,Low,238.1,815.0,461.76,9669866.0,1330.35,113.2
Rice Medium Grained,May,2023,Q2,240088403,North Central,Crops,Non-Perishable,Low,238.1,815.0,461.76,9669866.0,1693.09,113.2
"Rice,imported high quality sold loose",May,2023,Q2,240088403,Imported,Imported,Non-Perishable,Low,238.1,815.0,461.76,0.0,585.1,0.0
Tomato,May,2023,Q2,240088403,North Central,Crops,Perishable,High,238.1,815.0,461.76,9669866.0,1696.22,113.2
Yam tuber,May,2023,Q2,240088403,South East,Crops,Perishable,Medium,238.1,815.0,461.76,9669866.0,350.82,148.36666666666667
Dried Fish Sardine,May,2023,Q2,240088403,South South,Fishing,Non-Perishable,Low,238.1,815.0,461.76,540164.1,359.52,221.16666666666666
Iced Sardine,May,2023,Q2,240088403,Imported,Fishing,Perishable,High,238.1,815.0,461.76,540164.1,1482.21,0.0
Irish potato,May,2023,Q2,240088403,North East,Crops,Perishable,Medium,238.1,815.0,461.76,9669866.0,2300.9,20.666666666666668
Sweet potato,May,2023,Q2,240088403,South East,Crops,Perishable,Medium,238.1,815.0,461.76,9669866.0,453.86,148.36666666666667
Tilapia fish (epiya) fresh,May,2023,Q2,240088403,South South,Fishing,Perishable,High,238.1,815.0,461.76,540164.1,1109.17,221.16666666666666
Titus:frozen,May,2023,Q2,240088403,Imported,Fishing,Perishable,High,238.1,815.0,461.76,540164.1,425.79,0.0
Catfish (obokun) fresh,May,2023,Q2,240088403,South West,Fishing,Perishable,High,238.1,815.0,461.76,540164.1,386.74,78.56666666666666
Catfish :dried,May,2023,Q2,240088403,South West,Fishing,Non-Perishable,Low,238.1,815.0,461.76,540164.1,640.36,78.56666666666666
Catfish Smoked,May,2023,Q2,240088403,South West,Fishing,Non-Perishable,Low,238.1,815.0,461.76,540164.1,555.18,78.56666666666666
Mackerel : frozen,May,2023,Q2,240088403,Imported,Fishing,Perishable,High,238.1,815.0,461.76,540164.1,615.32,0.0
"Groundnut oil: 1 bottle, specify bottle",May,2023,Q2,240088403,North East,Crops,Non-Perishable,Low,238.1,815.0,461.76,9669866.0,793.01,20.666666666666668
Maize grain white sold loose,May,2023,Q2,240088403,North Central,Crops,Non-Perishable,Low,238.1,815.0,461.76,9669866.0,297.35,113.2
Maize grain yellow sold loose,May,2023,Q2,240088403,North Central,Crops,Non-Perishable,Low,238.1,815.0,461.76,9669866.0,1303.98,113.2
"Palm oil: 1 bottle,specify bottle",May,2023,Q2,240088403,South South,Crops,Non-Perishable,Low,238.1,815.0,461.76,9669866.0,1819.26,221.16666666666666
Plantain(ripe),May,2023,Q2,240088403,South East,Crops,Perishable,Medium,238.1,815.0,461.76,9669866.0,498.34,148.36666666666667
Plantain(unripe),May,2023,Q2,240088403,South East,Crops,Perishable,Medium,238.1,815.0,461.76,9669866.0,1263.0,148.36666666666667
"Vegetable oil:1 bottle,specify bottle",May,2023,Q2,240088403,Imported,Crops,Non-Perishable,Low,238.1,815.0,461.76,9669866.0,1315.31,0.0
Wheat flour: prepacked (golden penny 2kg),May,2023,Q2,240088403,Imported,Crops,Non-Perishable,Low,238.1,815.0,461.76,9669866.0,457.25,0.0
Agric eggs medium size,Jun,2023,Q2,240699002,South West,Livestock,Perishable,High,545.8,820.0,770.88,662991.94,986.81,204.0
Agric eggs(medium size price of one),Jun,2023,Q2,240699002,South West,Livestock,Perishable,High,545.8,820.0,770.88,662991.94,91.46,204.0
"Beans brown,sold loose",Jun,2023,Q2,240699002,North Central,Crops,Non-Perishable,Low,545.8,820.0,770.88,9669866.0,651.12,168.03333333333333
Beans:white black eye. sold loose,Jun,2023,Q2,240699002,North East,Crops,Non-Perishable,Low,545.8,820.0,770.88,9669866.0,622.79,92.93333333333334
Beef Bone in,Jun,2023,Q2,240699002,North West,Livestock,Perishable,High,545.8,820.0,770.88,662991.94,2055.18,90.23333333333333
"Beef,boneless",Jun,2023,Q2,240699002,North West,Livestock,Perishable,High,545.8,820.0,770.88,662991.94,2653.02,90.23333333333333
Bread sliced 500g,Jun,2023,Q2,240699002,South West,Crops,Perishable,Medium,545.8,820.0,770.88,9669866.0,634.16,204.0
Bread unsliced 500g,Jun,2023,Q2,240699002,South West,Crops,Perishable,Medium,545.8,820.0,770.88,9669866.0,593.56,204.0
Broken Rice (Ofada),Jun,2023,Q2,240699002,South West,Crops,Non-Perishable,Low,545.8,820.0,770.88,9669866.0,642.81,204.0
Chicken Feet,Jun,2023,Q2,240699002,South East,Livestock,Perishable,High,545.8,820.0,770.88,662991.94,1694.85,287.3666666666666
Chicken Wings,Jun,2023,Q2,240699002,South East,Livestock,Perishable,High,545.8,820.0,770.88,662991.94,2491.26,287.3666666666666
Evaporated tinned milk carnation 170g,Jun,2023,Q2,240699002,Imported,Imported,Non-Perishable,Low,545.8,820.0,770.88,0.0,2049.64,0.0
"Evaporated tinned milk(peak), 170g",Jun,2023,Q2,240699002,Imported,Imported,Non-Perishable,Low,545.8,820.0,770.88,0.0,1201.34,0.0
Frozen chicken,Jun,2023,Q2,240699002,South East,Livestock,Perishable,High,545.8,820.0,770.88,662991.94,1547.04,287.3666666666666
"Gari white,sold loose",Jun,2023,Q2,240699002,South West,Crops,Non-Perishable,Low,545.8,820.0,770.88,9669866.0,2129.13,204.0
"Gari yellow,sold loose",Jun,2023,Q2,240699002,South West,Crops,Non-Perishable,Low,545.8,820.0,770.88,9669866.0,363.83,204.0
Mudfish (aro) fresh,Jun,2023,Q2,240699002,South South,Fishing,Perishable,High,545.8,820.0,770.88,540164.1,444.93,493.43333333333334
Mudfish : dried,Jun,2023,Q2,240699002,South South,Fishing,Non-Perishable,Low,545.8,820.0,770.88,540164.1,3063.37,493.43333333333334
Onion bulb,Jun,2023,Q2,240699002,North East,Crops,Perishable,Low,545.8,820.0,770.88,9669866.0,403.15,92.93333333333334
Rice agric sold loose,Jun,2023,Q2,240699002,North Central,Crops,Non-Perishable,Low,545.8,820.0,770.88,9669866.0,429.11,168.03333333333333
Rice local sold loose,Jun,2023,Q2,240699002,North Central,Crops,Non-Perishable,Low,545.8,820.0,770.88,9669866.0,1387.64,168.03333333333333
Rice Medium Grained,Jun,2023,Q2,240699002,North Central,Crops,Non-Perishable,Low,545.8,820.0,770.88,9669866.0,1760.76,168.03333333333333
"Rice,imported high quality sold loose",Jun,2023,Q2,240699002,Imported,Imported,Non-Perishable,Low,545.8,820.0,770.88,0.0,623.75,0.0
Tomato,Jun,2023,Q2,240699002,North Central,Crops,Perishable,High,545.8,820.0,770.88,9669866.0,1767.02,168.03333333333333
Yam tuber,Jun,2023,Q2,240699002,South East,Crops,Perishable,Medium,545.8,820.0,770.88,9669866.0,378.71,287.3666666666666
Dried Fish Sardine,Jun,2023,Q2,240699002,South South,Fishing,Non-Perishable,Low,545.8,820.0,770.88,540164.1,388.25,493.43333333333334
Iced Sardine,Jun,2023,Q2,240699002,Imported,Fishing,Perishable,High,545.8,820.0,770.88,540164.1,1562.36,0.0
Irish potato,Jun,2023,Q2,240699002,North East,Crops,Perishable,Medium,545.8,820.0,770.88,9669866.0,2388.39,92.93333333333334
Sweet potato,Jun,2023,Q2,240699002,South East,Crops,Perishable,Medium,545.8,820.0,770.88,9669866.0,491.04,287.3666666666666
Tilapia fish (epiya) fresh,Jun,2023,Q2,240699002,South South,Fishing,Perishable,High,545.8,820.0,770.88,540164.1,1174.2,493.43333333333334
Titus:frozen,Jun,2023,Q2,240699002,Imported,Fishing,Perishable,High,545.8,820.0,770.88,540164.1,450.19,0.0
Catfish (obokun) fresh,Jun,2023,Q2,240699002,South West,Fishing,Perishable,High,545.8,820.0,770.88,540164.1,408.69,204.0
Catfish :dried,Jun,2023,Q2,240699002,South West,Fishing,Non-Perishable,Low,545.8,820.0,770.88,540164.1,677.16,204.0
Catfish Smoked,Jun,2023,Q2,240699002,South West,Fishing,Non-Perishable,Low,545.8,820.0,770.88,540164.1,608.2,204.0
Mackerel : frozen,Jun,2023,Q2,240699002,Imported,Fishing,Perishable,High,545.8,820.0,770.88,540164.1,667.51,0.0
"Groundnut oil: 1 bottle, specify bottle",Jun,2023,Q2,240699002,North East,Crops,Non-Perishable,Low,545.8,820.0,770.88,9669866.0,839.84,92.93333333333334
Maize grain white sold loose,Jun,2023,Q2,240699002,North Central,Crops,Non-Perishable,Low,545.8,820.0,770.88,9669866.0,318.53,168.03333333333333
Maize grain yellow sold loose,Jun,2023,Q2,240699002,North Central,Crops,Non-Perishable,Low,545.8,820.0,770.88,9669866.0,1383.16,168.03333333333333
"Palm oil: 1 bottle,specify bottle",Jun,2023,Q2,240699002,South South,Crops,Non-Perishable,Low,545.8,820.0,770.88,9669866.0,1900.12,493.43333333333334
Plantain(ripe),Jun,2023,Q2,240699002,South East,Crops,Perishable,Medium,545.8,820.0,770.88,9669866.0,547.28,287.3666666666666
Plantain(unripe),Jun,2023,Q2,240699002,South East,Crops,Perishable,Medium,545.8,820.0,770.88,9669866.0,1322.24,287.3666666666666
"Vegetable oil:1 bottle,specify bottle",Jun,2023,Q2,240699002,Imported,Crops,Non-Perishable,Low,545.8,820.0,770.88,9669866.0,1380.45,0.0
Wheat flour: prepacked (golden penny 2kg),Jun,2023,Q2,240699002,Imported,Crops,Non-Perishable,Low,545.8,820.0,770.88,9669866.0,510.77,0.0
Agric eggs medium size,Jul,2023,Q3,241310969,South West,Livestock,Perishable,High,600.0,820.0,758.022,711819.56,1006.64,208.33333333333334
Agric eggs(medium size price of one),Jul,2023,Q3,241310969,South West,Livestock,Perishable,High,600.0,820.0,758.022,711819.56,93.01,208.33333333333334
"Beans brown,sold loose",Jul,2023,Q3,241310969,North Central,Crops,Non-Perishable,Low,600.0,820.0,758.022,14746540.0,673.53,150.0
Beans:white black eye. sold loose,Jul,2023,Q3,241310969,North East,Crops,Non-Perishable,Low,600.0,820.0,758.022,14746540.0,652.61,80.1
Beef Bone in,Jul,2023,Q3,241310969,North West,Livestock,Perishable,High,600.0,820.0,758.022,711819.56,2128.19,99.23333333333333
"Beef,boneless",Jul,2023,Q3,241310969,North West,Livestock,Perishable,High,600.0,820.0,758.022,711819.56,2758.13,99.23333333333333
Bread sliced 500g,Jul,2023,Q3,241310969,South West,Crops,Perishable,Medium,600.0,820.0,758.022,14746540.0,651.78,208.33333333333334
Bread unsliced 500g,Jul,2023,Q3,241310969,South West,Crops,Perishable,Medium,600.0,820.0,758.022,14746540.0,607.27,208.33333333333334
Broken Rice (Ofada),Jul,2023,Q3,241310969,South West,Crops,Non-Perishable,Low,600.0,820.0,758.022,14746540.0,679.22,208.33333333333334
Chicken Feet,Jul,2023,Q3,241310969,South East,Livestock,Perishable,High,600.0,820.0,758.022,711819.56,1761.38,291.23333333333335
Chicken Wings,Jul,2023,Q3,241310969,South East,Livestock,Perishable,High,600.0,820.0,758.022,711819.56,2559.26,291.23333333333335
Evaporated tinned milk carnation 170g,Jul,2023,Q3,241310969,Imported,Imported,Non-Perishable,Low,600.0,820.0,758.022,0.0,2108.93,0.0
"Evaporated tinned milk(peak), 170g",Jul,2023,Q3,241310969,Imported,Imported,Non-Perishable,Low,600.0,820.0,758.022,0.0,1234.71,0.0
Frozen chicken,Jul,2023,Q3,241310969,South East,Livestock,Perishable,High,600.0,820.0,758.022,711819.56,1566.2,291.23333333333335
"Gari white,sold loose",Jul,2023,Q3,241310969,South West,Crops,Non-Perishable,Low,600.0,820.0,758.022,14746540.0,2181.12,208.33333333333334
"Gari yellow,sold loose",Jul,2023,Q3,241310969,South West,Crops,Non-Perishable,Low,600.0,820.0,758.022,14746540.0,401.68,208.33333333333334
Mudfish (aro) fresh,Jul,2023,Q3,241310969,South South,Fishing,Perishable,High,600.0,820.0,758.022,431600.34,485.8,439.76666666666665
Mudfish : dried,Jul,2023,Q3,241310969,South South,Fishing,Non-Perishable,Low,600.0,820.0,758.022,431600.34,3098.34,439.76666666666665
Onion bulb,Jul,2023,Q3,241310969,North East,Crops,Perishable,Low,600.0,820.0,758.022,14746540.0,429.89,80.1
Rice agric sold loose,Jul,2023,Q3,241310969,North Central,Crops,Non-Perishable,Low,600.0,820.0,758.022,14746540.0,459.7,150.0
Rice local sold loose,Jul,2023,Q3,241310969,North Central,Crops,Non-Perishable,Low,600.0,820.0,758.022,14746540.0,1419.79,150.0
Rice Medium Grained,Jul,2023,Q3,241310969,North Central,Crops,Non-Perishable,Low,600.0,820.0,758.022,14746540.0,1806.0,150.0
"Rice,imported high quality sold loose",Jul,2023,Q3,241310969,Imported,Imported,Non-Perishable,Low,600.0,820.0,758.022,0.0,643.47,0.0
Tomato,Jul,2023,Q3,241310969,North Central,Crops,Perishable,High,600.0,820.0,758.022,14746540.0,1803.23,150.0
Yam tuber,Jul,2023,Q3,241310969,South East,Crops,Perishable,Medium,600.0,820.0,758.022,14746540.0,536.74,291.23333333333335
Dried Fish Sardine,Jul,2023,Q3,241310969,South South,Fishing,Non-Perishable,Low,600.0,820.0,758.022,431600.34,537.36,439.76666666666665
Iced Sardine,Jul,2023,Q3,241310969,Imported,Fishing,Perishable,High,600.0,820.0,758.022,431600.34,1611.84,0.0
Irish potato,Jul,2023,Q3,241310969,North East,Crops,Perishable,Medium,600.0,820.0,758.022,14746540.0,2438.01,80.1
Sweet potato,Jul,2023,Q3,241310969,South East,Crops,Perishable,Medium,600.0,820.0,758.022,14746540.0,502.73,291.23333333333335
Tilapia fish (epiya) fresh,Jul,2023,Q3,241310969,South South,Fishing,Perishable,High,600.0,820.0,758.022,431600.34,1208.62,439.76666666666665
Titus:frozen,Jul,2023,Q3,241310969,Imported,Fishing,Perishable,High,600.0,820.0,758.022,431600.34,585.78,0.0
Catfish (obokun) fresh,Jul,2023,Q3,241310969,South West,Fishing,Perishable,High,600.0,820.0,758.022,431600.34,549.94,208.33333333333334
Catfish :dried,Jul,2023,Q3,241310969,South West,Fishing,Non-Perishable,Low,600.0,820.0,758.022,431600.34,706.59,208.33333333333334
Catfish Smoked,Jul,2023,Q3,241310969,South West,Fishing,Non-Perishable,Low,600.0,820.0,758.022,431600.34,653.49,208.33333333333334
Mackerel : frozen,Jul,2023,Q3,241310969,Imported,Fishing,Perishable,High,600.0,820.0,758.022,431600.34,699.06,0.0
"Groundnut oil: 1 bottle, specify bottle",Jul,2023,Q3,241310969,North East,Crops,Non-Perishable,Low,600.0,820.0,758.022,14746540.0,869.77,80.1
Maize grain white sold loose,Jul,2023,Q3,241310969,North Central,Crops,Non-Perishable,Low,600.0,820.0,758.022,14746540.0,339.63,150.0
Maize grain yellow sold loose,Jul,2023,Q3,241310969,North Central,Crops,Non-Perishable,Low,600.0,820.0,758.022,14746540.0,1437.84,150.0
"Palm oil: 1 bottle,specify bottle",Jul,2023,Q3,241310969,South South,Crops,Non-Perishable,Low,600.0,820.0,758.022,14746540.0,1959.41,439.76666666666665
Plantain(ripe),Jul,2023,Q3,241310969,South East,Crops,Perishable,Medium,600.0,820.0,758.022,14746540.0,557.96,291.23333333333335
Plantain(unripe),Jul,2023,Q3,241310969,South East,Crops,Perishable,Medium,600.0,820.0,758.022,14746540.0,1365.17,291.23333333333335
"Vegetable oil:1 bottle,specify bottle",Jul,2023,Q3,241310969,Imported,Crops,Non-Perishable,Low,600.0,820.0,758.022,14746540.0,1419.14,0.0
Wheat flour: prepacked (golden penny 2kg),Jul,2023,Q3,241310969,Imported,Crops,Non-Perishable,Low,600.0,820.0,758.022,14746540.0,539.41,0.0
Agric eggs medium size,Aug,2023,Q3,241924311,South West,Livestock,Perishable,High,650.0,830.0,757.523,711819.56,1031.55,177.5
Agric eggs(medium size price of one),Aug,2023,Q3,241924311,South West,Livestock,Perishable,High,650.0,830.0,757.523,711819.56,95.1,177.5
"Beans brown,sold loose",Aug,2023,Q3,241924311,North Central,Crops,Non-Perishable,Low,650.0,830.0,757.523,14746540.0,692.95,211.1
Beans:white black eye. sold loose,Aug,2023,Q3,241924311,North East,Crops,Non-Perishable,Low,650.0,830.0,757.523,14746540.0,668.22,175.9
Beef Bone in,Aug,2023,Q3,241924311,North West,Livestock,Perishable,High,650.0,830.0,757.523,711819.56,2158.12,184.19999999999996
"Beef,boneless",Aug,2023,Q3,241924311,North West,Livestock,Perishable,High,650.0,830.0,757.523,711819.56,2799.51,184.19999999999996
Bread sliced 500g,Aug,2023,Q3,241924311,South West,Crops,Perishable,Medium,650.0,830.0,757.523,14746540.0,684.85,177.5
Bread unsliced 500g,Aug,2023,Q3,241924311,South West,Crops,Perishable,Medium,650.0,830.0,757.523,14746540.0,641.88,177.5
Broken Rice (Ofada),Aug,2023,Q3,241924311,South West,Crops,Non-Perishable,Low,650.0,830.0,757.523,14746540.0,719.77,177.5
Chicken Feet,Aug,2023,Q3,241924311,South East,Livestock,Perishable,High,650.0,830.0,757.523,711819.56,1800.63,257.03333333333336
Chicken Wings,Aug,2023,Q3,241924311,South East,Livestock,Perishable,High,650.0,830.0,757.523,711819.56,2650.0,257.03333333333336
Evaporated tinned milk carnation 170g,Aug,2023,Q3,241924311,Imported,Imported,Non-Perishable,Low,650.0,830.0,757.523,0.0,2162.49,0.0
"Evaporated tinned milk(peak), 170g",Aug,2023,Q3,241924311,Imported,Imported,Non-Perishable,Low,650.0,830.0,757.523,0.0,1281.55,0.0
Frozen chicken,Aug,2023,Q3,241924311,South East,Livestock,Perishable,High,650.0,830.0,757.523,711819.56,1598.87,257.03333333333336
"Gari white,sold loose",Aug,2023,Q3,241924311,South West,Crops,Non-Perishable,Low,650.0,830.0,757.523,14746540.0,2226.93,177.5
"Gari yellow,sold loose",Aug,2023,Q3,241924311,South West,Crops,Non-Perishable,Low,650.0,830.0,757.523,14746540.0,431.28,177.5
Mudfish (aro) fresh,Aug,2023,Q3,241924311,South South,Fishing,Perishable,High,650.0,830.0,757.523,431600.34,499.58,328.3
Mudfish : dried,Aug,2023,Q3,241924311,South South,Fishing,Non-Perishable,Low,650.0,830.0,757.523,431600.34,3144.1,328.3
Onion bulb,Aug,2023,Q3,241924311,North East,Crops,Perishable,Low,650.0,830.0,757.523,14746540.0,456.32,175.9
Rice agric sold loose,Aug,2023,Q3,241924311,North Central,Crops,Non-Perishable,Low,650.0,830.0,757.523,14746540.0,484.22,211.1
Rice local sold loose,Aug,2023,Q3,241924311,North Central,Crops,Non-Perishable,Low,650.0,830.0,757.523,14746540.0,1470.64,211.1
Rice Medium Grained,Aug,2023,Q3,241924311,North Central,Crops,Non-Perishable,Low,650.0,830.0,757.523,14746540.0,1830.79,211.1
"Rice,imported high quality sold loose",Aug,2023,Q3,241924311,Imported,Imported,Non-Perishable,Low,650.0,830.0,757.523,0.0,673.96,0.0
Tomato,Aug,2023,Q3,241924311,North Central,Crops,Perishable,High,650.0,830.0,757.523,14746540.0,1848.43,211.1
Yam tuber,Aug,2023,Q3,241924311,South East,Crops,Perishable,Medium,650.0,830.0,757.523,14746540.0,580.09,257.03333333333336
Dried Fish Sardine,Aug,2023,Q3,241924311,South South,Fishing,Non-Perishable,Low,650.0,830.0,757.523,431600.34,583.72,328.3
Iced Sardine,Aug,2023,Q3,241924311,Imported,Fishing,Perishable,High,650.0,830.0,757.523,431600.34,1667.35,0.0
Irish potato,Aug,2023,Q3,241924311,North East,Crops,Perishable,Medium,650.0,830.0,757.523,14746540.0,2535.05,175.9
Sweet potato,Aug,2023,Q3,241924311,South East,Crops,Perishable,Medium,650.0,830.0,757.523,14746540.0,513.29,257.03333333333336
Tilapia fish (epiya) fresh,Aug,2023,Q3,241924311,South South,Fishing,Perishable,High,650.0,830.0,757.523,431600.34,1238.56,328.3
Titus:frozen,Aug,2023,Q3,241924311,Imported,Fishing,Perishable,High,650.0,830.0,757.523,431600.34,593.24,0.0
Catfish (obokun) fresh,Aug,2023,Q3,241924311,South West,Fishing,Perishable,High,650.0,830.0,757.523,431600.34,556.94,177.5
Catfish :dried,Aug,2023,Q3,241924311,South West,Fishing,Non-Perishable,Low,650.0,830.0,757.523,431600.34,774.42,177.5
Catfish Smoked,Aug,2023,Q3,241924311,South West,Fishing,Non-Perishable,Low,650.0,830.0,757.523,431600.34,738.74,177.5
Mackerel : frozen,Aug,2023,Q3,241924311,Imported,Fishing,Perishable,High,650.0,830.0,757.523,431600.34,788.24,0.0
"Groundnut oil: 1 bottle, specify bottle",Aug,2023,Q3,241924311,North East,Crops,Non-Perishable,Low,650.0,830.0,757.523,14746540.0,957.47,175.9
Maize grain white sold loose,Aug,2023,Q3,241924311,North Central,Crops,Non-Perishable,Low,650.0,830.0,757.523,14746540.0,360.53,211.1
Maize grain yellow sold loose,Aug,2023,Q3,241924311,North Central,Crops,Non-Perishable,Low,650.0,830.0,757.523,14746540.0,1479.3,211.1
"Palm oil: 1 bottle,specify bottle",Aug,2023,Q3,241924311,South South,Crops,Non-Perishable,Low,650.0,830.0,757.523,14746540.0,1997.63,328.3
Plantain(ripe),Aug,2023,Q3,241924311,South East,Crops,Perishable,Medium,650.0,830.0,757.523,14746540.0,554.37,257.03333333333336
Plantain(unripe),Aug,2023,Q3,241924311,South East,Crops,Perishable,Medium,650.0,830.0,757.523,14746540.0,1389.14,257.03333333333336
"Vegetable oil:1 bottle,specify bottle",Aug,2023,Q3,241924311,Imported,Crops,Non-Perishable,Low,650.0,830.0,757.523,14746540.0,1487.88,0.0
Wheat flour: prepacked (golden penny 2kg),Aug,2023,Q3,241924311,Imported,Crops,Non-Perishable,Low,650.0,830.0,757.523,14746540.0,576.39,0.0
Agric eggs medium size,Sep,2023,Q3,242539038,South West,Livestock,Perishable,High,700.0,830.0,769.26,711819.56,1047.47,169.96666666666667
Agric eggs(medium size price of one),Sep,2023,Q3,242539038,South West,Livestock,Perishable,High,700.0,830.0,769.26,711819.56,96.0,169.96666666666667
"Beans brown,sold loose",Sep,2023,Q3,242539038,North Central,Crops,Non-Perishable,Low,700.0,830.0,769.26,14746540.0,716.97,168.83333333333334
Beans:white black eye. sold loose,Sep,2023,Q3,242539038,North East,Crops,Non-Perishable,Low,700.0,830.0,769.26,14746540.0,691.46,121.36666666666667
Beef Bone in,Sep,2023,Q3,242539038,North West,Livestock,Perishable,High,700.0,830.0,769.26,711819.56,2174.24,135.63333333333335
"Beef,boneless",Sep,2023,Q3,242539038,North West,Livestock,Perishable,High,700.0,830.0,769.26,711819.56,2816.91,135.63333333333335
Bread sliced 500g,Sep,2023,Q3,242539038,South West,Crops,Perishable,Medium,700.0,830.0,769.26,14746540.0,708.36,169.96666666666667
Bread unsliced 500g,Sep,2023,Q3,242539038,South West,Crops,Perishable,Medium,700.0,830.0,769.26,14746540.0,661.75,169.96666666666667
Broken Rice (Ofada),Sep,2023,Q3,242539038,South West,Crops,Non-Perishable,Low,700.0,830.0,769.26,14746540.0,752.97,169.96666666666667
Chicken Feet,Sep,2023,Q3,242539038,South East,Livestock,Perishable,High,700.0,830.0,769.26,711819.56,1823.06,262.53333333333336
Chicken Wings,Sep,2023,Q3,242539038,South East,Livestock,Perishable,High,700.0,830.0,769.26,711819.56,2684.94,262.53333333333336
Evaporated tinned milk carnation 170g,Sep,2023,Q3,242539038,Imported,Imported,Non-Perishable,Low,700.0,830.0,769.26,0.0,2196.1,0.0
"Evaporated tinned milk(peak), 170g",Sep,2023,Q3,242539038,Imported,Imported,Non-Perishable,Low,700.0,830.0,769.26,0.0,1308.82,0.0
Frozen chicken,Sep,2023,Q3,242539038,South East,Livestock,Perishable,High,700.0,830.0,769.26,711819.56,1630.58,262.53333333333336
"Gari white,sold loose",Sep,2023,Q3,242539038,South West,Crops,Non-Perishable,Low,700.0,830.0,769.26,14746540.0,2248.21,169.96666666666667
"Gari yellow,sold loose",Sep,2023,Q3,242539038,South West,Crops,Non-Perishable,Low,700.0,830.0,769.26,14746540.0,444.18,169.96666666666667
Mudfish (aro) fresh,Sep,2023,Q3,242539038,South South,Fishing,Perishable,High,700.0,830.0,769.26,431600.34,508.39,343.09999999999997
Mudfish : dried,Sep,2023,Q3,242539038,South South,Fishing,Non-Perishable,Low,700.0,830.0,769.26,431600.34,3176.69,343.09999999999997
Onion bulb,Sep,2023,Q3,242539038,North East,Crops,Perishable,Low,700.0,830.0,769.26,14746540.0,467.89,121.36666666666667
Rice agric sold loose,Sep,2023,Q3,242539038,North Central,Crops,Non-Perishable,Low,700.0,830.0,769.26,14746540.0,496.17,168.83333333333334
Rice local sold loose,Sep,2023,Q3,242539038,North Central,Crops,Non-Perishable,Low,700.0,830.0,769.26,14746540.0,1496.17,168.83333333333334
Rice Medium Grained,Sep,2023,Q3,242539038,North Central,Crops,Non-Perishable,Low,700.0,830.0,769.26,14746540.0,1870.34,168.83333333333334
"Rice,imported high quality sold loose",Sep,2023,Q3,242539038,Imported,Imported,Non-Perishable,Low,700.0,830.0,769.26,0.0,687.87,0.0
Tomato,Sep,2023,Q3,242539038,North Central,Crops,Perishable,High,700.0,830.0,769.26,14746540.0,1876.82,168.83333333333334
Yam tuber,Sep,2023,Q3,242539038,South East,Crops,Perishable,Medium,700.0,830.0,769.26,14746540.0,566.93,262.53333333333336
Dried Fish Sardine,Sep,2023,Q3,242539038,South South,Fishing,Non-Perishable,Low,700.0,830.0,769.26,431600.34,563.87,343.09999999999997
Iced Sardine,Sep,2023,Q3,242539038,Imported,Fishing,Perishable,High,700.0,830.0,769.26,431600.34,1680.93,0.0
Irish potato,Sep,2023,Q3,242539038,North East,Crops,Perishable,Medium,700.0,830.0,769.26,14746540.0,2566.09,121.36666666666667
Sweet potato,Sep,2023,Q3,242539038,South East,Crops,Perishable,Medium,700.0,830.0,769.26,14746540.0,515.59,262.53333333333336
Tilapia fish (epiya) fresh,Sep,2023,Q3,242539038,South South,Fishing,Perishable,High,700.0,830.0,769.26,431600.34,1262.67,343.09999999999997
Titus:frozen,Sep,2023,Q3,242539038,Imported,Fishing,Perishable,High,700.0,830.0,769.26,431600.34,586.43,0.0
Catfish (obokun) fresh,Sep,2023,Q3,242539038,South West,Fishing,Perishable,High,700.0,830.0,769.26,431600.34,543.97,169.96666666666667
Catfish :dried,Sep,2023,Q3,242539038,South West,Fishing,Non-Perishable,Low,700.0,830.0,769.26,431600.34,797.98,169.96666666666667
Catfish Smoked,Sep,2023,Q3,242539038,South West,Fishing,Non-Perishable,Low,700.0,830.0,769.26,431600.34,757.06,169.96666666666667
Mackerel : frozen,Sep,2023,Q3,242539038,Imported,Fishing,Perishable,High,700.0,830.0,769.26,431600.34,806.91,0.0
"Groundnut oil: 1 bottle, specify bottle",Sep,2023,Q3,242539038,North East,Crops,Non-Perishable,Low,700.0,830.0,769.26,14746540.0,982.07,121.36666666666667
Maize grain white sold loose,Sep,2023,Q3,242539038,North Central,Crops,Non-Perishable,Low,700.0,830.0,769.26,14746540.0,359.7,168.83333333333334
Maize grain yellow sold loose,Sep,2023,Q3,242539038,North Central,Crops,Non-Perishable,Low,700.0,830.0,769.26,14746540.0,1501.36,168.83333333333334
"Palm oil: 1 bottle,specify bottle",Sep,2023,Q3,242539038,South South,Crops,Non-Perishable,Low,700.0,830.0,769.26,14746540.0,2045.95,343.09999999999997
Plantain(ripe),Sep,2023,Q3,242539038,South East,Crops,Perishable,Medium,700.0,830.0,769.26,14746540.0,565.69,262.53333333333336
Plantain(unripe),Sep,2023,Q3,242539038,South East,Crops,Perishable,Medium,700.0,830.0,769.26,14746540.0,1414.01,262.53333333333336
"Vegetable oil:1 bottle,specify bottle",Sep,2023,Q3,242539038,Imported,Crops,Non-Perishable,Low,700.0,830.0,769.26,14746540.0,1515.88,0.0
Wheat flour: prepacked (golden penny 2kg),Sep,2023,Q3,242539038,Imported,Crops,Non-Perishable,Low,700.0,830.0,769.26,14746540.0,593.83,0.0
Agric eggs medium size,Oct,2023,Q4,243155159,South West,Livestock,Perishable,High,750.0,840.0,825.494,846260.7,1112.22,119.33333333333333
Agric eggs(medium size price of one),Oct,2023,Q4,243155159,South West,Livestock,Perishable,High,750.0,840.0,825.494,846260.7,103.93,119.33333333333333
"Beans brown,sold loose",Oct,2023,Q4,243155159,North Central,Crops,Non-Perishable,Low,750.0,840.0,825.494,14626332.0,790.01,75.23333333333333
Beans:white black eye. sold loose,Oct,2023,Q4,243155159,North East,Crops,Non-Perishable,Low,750.0,840.0,825.494,14626332.0,770.13,20.0
Beef Bone in,Oct,2023,Q4,243155159,North West,Livestock,Perishable,High,750.0,840.0,825.494,846260.7,2557.8,23.766666666666666
"Beef,boneless",Oct,2023,Q4,243155159,North West,Livestock,Perishable,High,750.0,840.0,825.494,846260.7,2948.03,23.766666666666666
Bread sliced 500g,Oct,2023,Q4,243155159,South West,Crops,Perishable,Medium,750.0,840.0,825.494,14626332.0,760.82,119.33333333333333
Bread unsliced 500g,Oct,2023,Q4,243155159,South West,Crops,Perishable,Medium,750.0,840.0,825.494,14626332.0,736.68,119.33333333333333
Broken Rice (Ofada),Oct,2023,Q4,243155159,South West,Crops,Non-Perishable,Low,750.0,840.0,825.494,14626332.0,811.83,119.33333333333333
Chicken Feet,Oct,2023,Q4,243155159,South East,Livestock,Perishable,High,750.0,840.0,825.494,846260.7,2013.31,207.63333333333333
Chicken Wings,Oct,2023,Q4,243155159,South East,Livestock,Perishable,High,750.0,840.0,825.494,846260.7,3045.57,207.63333333333333
Evaporated tinned milk carnation 170g,Oct,2023,Q4,243155159,Imported,Imported,Non-Perishable,Low,750.0,840.0,825.494,0.0,2420.0,0.0
"Evaporated tinned milk(peak), 170g",Oct,2023,Q4,243155159,Imported,Imported,Non-Perishable,Low,750.0,840.0,825.494,0.0,1470.99,0.0
Frozen chicken,Oct,2023,Q4,243155159,South East,Livestock,Perishable,High,750.0,840.0,825.494,846260.7,1772.63,207.63333333333333
"Gari white,sold loose",Oct,2023,Q4,243155159,South West,Crops,Non-Perishable,Low,750.0,840.0,825.494,14626332.0,3280.54,119.33333333333333
"Gari yellow,sold loose",Oct,2023,Q4,243155159,South West,Crops,Non-Perishable,Low,750.0,840.0,825.494,14626332.0,457.26,119.33333333333333
Mudfish (aro) fresh,Oct,2023,Q4,243155159,South South,Fishing,Perishable,High,750.0,840.0,825.494,634293.6,511.77,280.2
Mudfish : dried,Oct,2023,Q4,243155159,South South,Fishing,Non-Perishable,Low,750.0,840.0,825.494,634293.6,3394.09,280.2
Onion bulb,Oct,2023,Q4,243155159,North East,Crops,Perishable,Low,750.0,840.0,825.494,14626332.0,520.35,20.0
Rice agric sold loose,Oct,2023,Q4,243155159,North Central,Crops,Non-Perishable,Low,750.0,840.0,825.494,14626332.0,540.87,75.23333333333333
Rice local sold loose,Oct,2023,Q4,243155159,North Central,Crops,Non-Perishable,Low,750.0,840.0,825.494,14626332.0,1604.23,75.23333333333333
Rice Medium Grained,Oct,2023,Q4,243155159,North Central,Crops,Non-Perishable,Low,750.0,840.0,825.494,14626332.0,1998.2,75.23333333333333
"Rice,imported high quality sold loose",Oct,2023,Q4,243155159,Imported,Imported,Non-Perishable,Low,750.0,840.0,825.494,0.0,829.14,0.0
Tomato,Oct,2023,Q4,243155159,North Central,Crops,Perishable,High,750.0,840.0,825.494,14626332.0,2034.95,75.23333333333333
Yam tuber,Oct,2023,Q4,243155159,South East,Crops,Perishable,Medium,750.0,840.0,825.494,14626332.0,548.96,207.63333333333333
Dried Fish Sardine,Oct,2023,Q4,243155159,South South,Fishing,Non-Perishable,Low,750.0,840.0,825.494,634293.6,538.85,280.2
Iced Sardine,Oct,2023,Q4,243155159,Imported,Fishing,Perishable,High,750.0,840.0,825.494,634293.6,1860.8,0.0
Irish potato,Oct,2023,Q4,243155159,North East,Crops,Perishable,Medium,750.0,840.0,825.494,14626332.0,2763.21,20.0
Sweet potato,Oct,2023,Q4,243155159,South East,Crops,Perishable,Medium,750.0,840.0,825.494,14626332.0,592.8,207.63333333333333
Tilapia fish (epiya) fresh,Oct,2023,Q4,243155159,South South,Fishing,Perishable,High,750.0,840.0,825.494,634293.6,1322.55,280.2
Titus:frozen,Oct,2023,Q4,243155159,Imported,Fishing,Perishable,High,750.0,840.0,825.494,634293.6,627.5,0.0
Catfish (obokun) fresh,Oct,2023,Q4,243155159,South West,Fishing,Perishable,High,750.0,840.0,825.494,634293.6,610.34,119.33333333333333
Catfish :dried,Oct,2023,Q4,243155159,South West,Fishing,Non-Perishable,Low,750.0,840.0,825.494,634293.6,847.08,119.33333333333333
Catfish Smoked,Oct,2023,Q4,243155159,South West,Fishing,Non-Perishable,Low,750.0,840.0,825.494,634293.6,819.42,119.33333333333333
Mackerel : frozen,Oct,2023,Q4,243155159,Imported,Fishing,Perishable,High,750.0,840.0,825.494,634293.6,897.49,0.0
"Groundnut oil: 1 bottle, specify bottle",Oct,2023,Q4,243155159,North East,Crops,Non-Perishable,Low,750.0,840.0,825.494,14626332.0,1016.12,20.0
Maize grain white sold loose,Oct,2023,Q4,243155159,North Central,Crops,Non-Perishable,Low,750.0,840.0,825.494,14626332.0,403.02,75.23333333333333
Maize grain yellow sold loose,Oct,2023,Q4,243155159,North Central,Crops,Non-Perishable,Low,750.0,840.0,825.494,14626332.0,1701.3,75.23333333333333
"Palm oil: 1 bottle,specify bottle",Oct,2023,Q4,243155159,South South,Crops,Non-Perishable,Low,750.0,840.0,825.494,14626332.0,2172.99,280.2
Plantain(ripe),Oct,2023,Q4,243155159,South East,Crops,Perishable,Medium,750.0,840.0,825.494,14626332.0,675.91,207.63333333333333
Plantain(unripe),Oct,2023,Q4,243155159,South East,Crops,Perishable,Medium,750.0,840.0,825.494,14626332.0,1489.74,207.63333333333333
"Vegetable oil:1 bottle,specify bottle",Oct,2023,Q4,243155159,Imported,Crops,Non-Perishable,Low,750.0,840.0,825.494,14626332.0,1727.28,0.0
Wheat flour: prepacked (golden penny 2kg),Oct,2023,Q4,243155159,Imported,Crops,Non-Perishable,Low,750.0,840.0,825.494,14626332.0,687.68,0.0
Agric eggs medium size,Nov,2023,Q4,243772681,South West,Livestock,Perishable,High,800.0,850.0,942.617,846260.7,1202.18,68.53333333333333
Agric eggs(medium size price of one),Nov,2023,Q4,243772681,South West,Livestock,Perishable,High,800.0,850.0,942.617,846260.7,110.1,68.53333333333333
"Beans brown,sold loose",Nov,2023,Q4,243772681,North Central,Crops,Non-Perishable,Low,800.0,850.0,942.617,14626332.0,838.85,50.76666666666667
Beans:white black eye. sold loose,Nov,2023,Q4,243772681,North East,Crops,Non-Perishable,Low,800.0,850.0,942.617,14626332.0,800.49,3.1
Beef Bone in,Nov,2023,Q4,243772681,North West,Livestock,Perishable,High,800.0,850.0,942.617,846260.7,2630.02,4.833333333333333
"Beef,boneless",Nov,2023,Q4,243772681,North West,Livestock,Perishable,High,800.0,850.0,942.617,846260.7,3029.5,4.833333333333333
Bread sliced 500g,Nov,2023,Q4,243772681,South West,Crops,Perishable,Medium,800.0,850.0,942.617,14626332.0,814.53,68.53333333333333
Bread unsliced 500g,Nov,2023,Q4,243772681,South West,Crops,Perishable,Medium,800.0,850.0,942.617,14626332.0,795.83,68.53333333333333
Broken Rice (Ofada),Nov,2023,Q4,243772681,South West,Crops,Non-Perishable,Low,800.0,850.0,942.617,14626332.0,940.16,68.53333333333333
Chicken Feet,Nov,2023,Q4,243772681,South East,Livestock,Perishable,High,800.0,850.0,942.617,846260.7,2231.23,130.96666666666667
Chicken Wings,Nov,2023,Q4,243772681,South East,Livestock,Perishable,High,800.0,850.0,942.617,846260.7,3276.63,130.96666666666667
Evaporated tinned milk carnation 170g,Nov,2023,Q4,243772681,Imported,Imported,Non-Perishable,Low,800.0,850.0,942.617,0.0,2816.48,0.0
"Evaporated tinned milk(peak), 170g",Nov,2023,Q4,243772681,Imported,Imported,Non-Perishable,Low,800.0,850.0,942.617,0.0,1791.1,0.0
Frozen chicken,Nov,2023,Q4,243772681,South East,Livestock,Perishable,High,800.0,850.0,942.617,846260.7,2046.5,130.96666666666667
"Gari white,sold loose",Nov,2023,Q4,243772681,South West,Crops,Non-Perishable,Low,800.0,850.0,942.617,14626332.0,2750.91,68.53333333333333
"Gari yellow,sold loose",Nov,2023,Q4,243772681,South West,Crops,Non-Perishable,Low,800.0,850.0,942.617,14626332.0,469.73,68.53333333333333
Mudfish (aro) fresh,Nov,2023,Q4,243772681,South South,Fishing,Perishable,High,800.0,850.0,942.617,634293.6,526.83,198.6
Mudfish : dried,Nov,2023,Q4,243772681,South South,Fishing,Non-Perishable,Low,800.0,850.0,942.617,634293.6,3645.89,198.6
Onion bulb,Nov,2023,Q4,243772681,North East,Crops,Perishable,Low,800.0,850.0,942.617,14626332.0,548.95,3.1
Rice agric sold loose,Nov,2023,Q4,243772681,North Central,Crops,Non-Perishable,Low,800.0,850.0,942.617,14626332.0,581.09,50.76666666666667
Rice local sold loose,Nov,2023,Q4,243772681,North Central,Crops,Non-Perishable,Low,800.0,850.0,942.617,14626332.0,1738.96,50.76666666666667
Rice Medium Grained,Nov,2023,Q4,243772681,North Central,Crops,Non-Perishable,Low,800.0,850.0,942.617,14626332.0,2222.99,50.76666666666667
"Rice,imported high quality sold loose",Nov,2023,Q4,243772681,Imported,Imported,Non-Perishable,Low,800.0,850.0,942.617,0.0,872.63,0.0
Tomato,Nov,2023,Q4,243772681,North Central,Crops,Perishable,High,800.0,850.0,942.617,14626332.0,2205.04,50.76666666666667
Yam tuber,Nov,2023,Q4,243772681,South East,Crops,Perishable,Medium,800.0,850.0,942.617,14626332.0,557.33,130.96666666666667
Dried Fish Sardine,Nov,2023,Q4,243772681,South South,Fishing,Non-Perishable,Low,800.0,850.0,942.617,634293.6,559.18,198.6
Iced Sardine,Nov,2023,Q4,243772681,Imported,Fishing,Perishable,High,800.0,850.0,942.617,634293.6,2131.01,0.0
Irish potato,Nov,2023,Q4,243772681,North East,Crops,Perishable,Medium,800.0,850.0,942.617,14626332.0,2982.69,3.1
Sweet potato,Nov,2023,Q4,243772681,South East,Crops,Perishable,Medium,800.0,850.0,942.617,14626332.0,683.78,130.96666666666667
Tilapia fish (epiya) fresh,Nov,2023,Q4,243772681,South South,Fishing,Perishable,High,800.0,850.0,942.617,634293.6,1370.16,198.6
Titus:frozen,Nov,2023,Q4,243772681,Imported,Fishing,Perishable,High,800.0,850.0,942.617,634293.6,693.65,0.0
Catfish (obokun) fresh,Nov,2023,Q4,243772681,South West,Fishing,Perishable,High,800.0,850.0,942.617,634293.6,694.69,68.53333333333333
Catfish :dried,Nov,2023,Q4,243772681,South West,Fishing,Non-Perishable,Low,800.0,850.0,942.617,634293.6,916.69,68.53333333333333
Catfish Smoked,Nov,2023,Q4,243772681,South West,Fishing,Non-Perishable,Low,800.0,850.0,942.617,634293.6,867.18,68.53333333333333
Mackerel : frozen,Nov,2023,Q4,243772681,Imported,Fishing,Perishable,High,800.0,850.0,942.617,634293.6,936.25,0.0
"Groundnut oil: 1 bottle, specify bottle",Nov,2023,Q4,243772681,North East,Crops,Non-Perishable,Low,800.0,850.0,942.617,14626332.0,1137.4,3.1
Maize grain white sold loose,Nov,2023,Q4,243772681,North Central,Crops,Non-Perishable,Low,800.0,850.0,942.617,14626332.0,490.8,50.76666666666667
Maize grain yellow sold loose,Nov,2023,Q4,243772681,North Central,Crops,Non-Perishable,Low,800.0,850.0,942.617,14626332.0,1979.77,50.76666666666667
"Palm oil: 1 bottle,specify bottle",Nov,2023,Q4,243772681,South South,Crops,Non-Perishable,Low,800.0,850.0,942.617,14626332.0,2418.17,198.6
Plantain(ripe),Nov,2023,Q4,243772681,South East,Crops,Perishable,Medium,800.0,850.0,942.617,14626332.0,758.65,130.96666666666667
Plantain(unripe),Nov,2023,Q4,243772681,South East,Crops,Perishable,Medium,800.0,850.0,942.617,14626332.0,1610.18,130.96666666666667
"Vegetable oil:1 bottle,specify bottle",Nov,2023,Q4,243772681,Imported,Crops,Non-Perishable,Low,800.0,850.0,942.617,14626332.0,1884.62,0.0
Wheat flour: prepacked (golden penny 2kg),Nov,2023,Q4,243772681,Imported,Crops,Non-Perishable,Low,800.0,850.0,942.617,14626332.0,772.72,0.0
Agric eggs medium size,Dec,2023,Q4,244391613,South West,Livestock,Perishable,High,850.0,860.0,899.893,846260.7,1254.9,4.866666666666666
Agric eggs(medium size price of one),Dec,2023,Q4,244391613,South West,Livestock,Perishable,High,850.0,860.0,899.893,846260.7,110.04,4.866666666666666
"Beans brown,sold loose",Dec,2023,Q4,244391613,North Central,Crops,Non-Perishable,Low,850.0,860.0,899.893,14626332.0,870.67,0.0
Beans:white black eye. sold loose,Dec,2023,Q4,244391613,North East,Crops,Non-Perishable,Low,850.0,860.0,899.893,14626332.0,829.86,0.0
Beef Bone in,Dec,2023,Q4,244391613,North West,Livestock,Perishable,High,850.0,860.0,899.893,846260.7,2696.88,0.0
"Beef,boneless",Dec,2023,Q4,244391613,North West,Livestock,Perishable,High,850.0,860.0,899.893,846260.7,3146.94,0.0
Bread sliced 500g,Dec,2023,Q4,244391613,South West,Crops,Perishable,Medium,850.0,860.0,899.893,14626332.0,855.05,4.866666666666666
Bread unsliced 500g,Dec,2023,Q4,244391613,South West,Crops,Perishable,Medium,850.0,860.0,899.893,14626332.0,815.11,4.866666666666666
Broken Rice (Ofada),Dec,2023,Q4,244391613,South West,Crops,Non-Perishable,Low,850.0,860.0,899.893,14626332.0,1002.1,4.866666666666666
Chicken Feet,Dec,2023,Q4,244391613,South East,Livestock,Perishable,High,850.0,860.0,899.893,846260.7,2347.41,1.0666666666666667
Chicken Wings,Dec,2023,Q4,244391613,South East,Livestock,Perishable,High,850.0,860.0,899.893,846260.7,3357.51,1.0666666666666667
Evaporated tinned milk carnation 170g,Dec,2023,Q4,244391613,Imported,Imported,Non-Perishable,Low,850.0,860.0,899.893,0.0,2869.4,0.0
"Evaporated tinned milk(peak), 170g",Dec,2023,Q4,244391613,Imported,Imported,Non-Perishable,Low,850.0,860.0,899.893,0.0,1950.54,0.0
Frozen chicken,Dec,2023,Q4,244391613,South East,Livestock,Perishable,High,850.0,860.0,899.893,846260.7,2264.87,1.0666666666666667
"Gari white,sold loose",Dec,2023,Q4,244391613,South West,Crops,Non-Perishable,Low,850.0,860.0,899.893,14626332.0,2863.97,4.866666666666666
"Gari yellow,sold loose",Dec,2023,Q4,244391613,South West,Crops,Non-Perishable,Low,850.0,860.0,899.893,14626332.0,487.94,4.866666666666666
Mudfish (aro) fresh,Dec,2023,Q4,244391613,South South,Fishing,Perishable,High,850.0,860.0,899.893,634293.6,542.0,20.233333333333334
Mudfish : dried,Dec,2023,Q4,244391613,South South,Fishing,Non-Perishable,Low,850.0,860.0,899.893,634293.6,3771.41,20.233333333333334
Onion bulb,Dec,2023,Q4,244391613,North East,Crops,Perishable,Low,850.0,860.0,899.893,14626332.0,568.72,0.0
Rice agric sold loose,Dec,2023,Q4,244391613,North Central,Crops,Non-Perishable,Low,850.0,860.0,899.893,14626332.0,598.75,0.0
Rice local sold loose,Dec,2023,Q4,244391613,North Central,Crops,Non-Perishable,Low,850.0,860.0,899.893,14626332.0,1806.95,0.0
Rice Medium Grained,Dec,2023,Q4,244391613,North Central,Crops,Non-Perishable,Low,850.0,860.0,899.893,14626332.0,2303.96,0.0
"Rice,imported high quality sold loose",Dec,2023,Q4,244391613,Imported,Imported,Non-Perishable,Low,850.0,860.0,899.893,0.0,1006.36,0.0
Tomato,Dec,2023,Q4,244391613,North Central,Crops,Perishable,High,850.0,860.0,899.893,14626332.0,2266.19,0.0
Yam tuber,Dec,2023,Q4,244391613,South East,Crops,Perishable,Medium,850.0,860.0,899.893,14626332.0,577.77,1.0666666666666667
Dried Fish Sardine,Dec,2023,Q4,244391613,South South,Fishing,Non-Perishable,Low,850.0,860.0,899.893,634293.6,589.75,20.233333333333334
Iced Sardine,Dec,2023,Q4,244391613,Imported,Fishing,Perishable,High,850.0,860.0,899.893,634293.6,2214.58,0.0
Irish potato,Dec,2023,Q4,244391613,North East,Crops,Perishable,Medium,850.0,860.0,899.893,14626332.0,3137.5,0.0
Sweet potato,Dec,2023,Q4,244391613,South East,Crops,Perishable,Medium,850.0,860.0,899.893,14626332.0,971.86,1.0666666666666667
Tilapia fish (epiya) fresh,Dec,2023,Q4,244391613,South South,Fishing,Perishable,High,850.0,860.0,899.893,634293.6,1425.32,20.233333333333334
Titus:frozen,Dec,2023,Q4,244391613,Imported,Fishing,Perishable,High,850.0,860.0,899.893,634293.6,757.99,0.0
Catfish (obokun) fresh,Dec,2023,Q4,244391613,South West,Fishing,Perishable,High,850.0,860.0,899.893,634293.6,746.04,4.866666666666666
Catfish :dried,Dec,2023,Q4,244391613,South West,Fishing,Non-Perishable,Low,850.0,860.0,899.893,634293.6,972.46,4.866666666666666
Catfish Smoked,Dec,2023,Q4,244391613,South West,Fishing,Non-Perishable,Low,850.0,860.0,899.893,634293.6,917.93,4.866666666666666
Mackerel : frozen,Dec,2023,Q4,244391613,Imported,Fishing,Perishable,High,850.0,860.0,899.893,634293.6,991.08,0.0
"Groundnut oil: 1 bottle, specify bottle",Dec,2023,Q4,244391613,North East,Crops,Non-Perishable,Low,850.0,860.0,899.893,14626332.0,1226.29,0.0
Maize grain white sold loose,Dec,2023,Q4,244391613,North Central,Crops,Non-Perishable,Low,850.0,860.0,899.893,14626332.0,551.92,0.0
Maize grain yellow sold loose,Dec,2023,Q4,244391613,North Central,Crops,Non-Perishable,Low,850.0,860.0,899.893,14626332.0,2059.53,0.0
"Palm oil: 1 bottle,specify bottle",Dec,2023,Q4,244391613,South South,Crops,Non-Perishable,Low,850.0,860.0,899.893,14626332.0,2512.16,20.233333333333334
Plantain(ripe),Dec,2023,Q4,244391613,South East,Crops,Perishable,Medium,850.0,860.0,899.893,14626332.0,814.16,1.0666666666666667
Plantain(unripe),Dec,2023,Q4,244391613,South East,Crops,Perishable,Medium,850.0,860.0,899.893,14626332.0,1709.55,1.0666666666666667
"Vegetable oil:1 bottle,specify bottle",Dec,2023,Q4,244391613,Imported,Crops,Non-Perishable,Low,850.0,860.0,899.893,14626332.0,1976.59,0.0
Wheat flour: prepacked (golden penny 2kg),Dec,2023,Q4,244391613,Imported,Crops,Non-Perishable,Low,850.0,860.0,899.893,14626332.0,818.92,0.0
Agric eggs medium size,Jan,2024,Q1,245012965,South West,Livestock,Perishable,High,900.0,870.0,1357.383,405649.12,1309.75,5.133333333333334
Agric eggs(medium size price of one),Jan,2024,Q1,245012965,South West,Livestock,Perishable,High,900.0,870.0,1357.383,405649.12,116.41,5.133333333333334
"Beans brown,sold loose",Jan,2024,Q1,245012965,North Central,Crops,Non-Perishable,Low,900.0,870.0,1357.383,8918185.0,976.58,0.0
Beans:white black eye. sold loose,Jan,2024,Q1,245012965,North East,Crops,Non-Perishable,Low,900.0,870.0,1357.383,8918185.0,921.38,0.0
Beef Bone in,Jan,2024,Q1,245012965,North West,Livestock,Perishable,High,900.0,870.0,1357.383,405649.12,2898.12,0.0
"Beef,boneless",Jan,2024,Q1,245012965,North West,Livestock,Perishable,High,900.0,870.0,1357.383,405649.12,3315.78,0.0
Bread sliced 500g,Jan,2024,Q1,245012965,South West,Crops,Perishable,Medium,900.0,870.0,1357.383,8918185.0,904.02,5.133333333333334
Bread unsliced 500g,Jan,2024,Q1,245012965,South West,Crops,Perishable,Medium,900.0,870.0,1357.383,8918185.0,865.28,5.133333333333334
Broken Rice (Ofada),Jan,2024,Q1,245012965,South West,Crops,Non-Perishable,Low,900.0,870.0,1357.383,8918185.0,1107.45,5.133333333333334
Chicken Feet,Jan,2024,Q1,245012965,South East,Livestock,Perishable,High,900.0,870.0,1357.383,405649.12,2497.37,0.23333333333333336
Chicken Wings,Jan,2024,Q1,245012965,South East,Livestock,Perishable,High,900.0,870.0,1357.383,405649.12,3541.14,0.23333333333333336
Evaporated tinned milk carnation 170g,Jan,2024,Q1,245012965,Imported,Imported,Non-Perishable,Low,900.0,870.0,1357.383,0.0,3078.91,0.0
"Evaporated tinned milk(peak), 170g",Jan,2024,Q1,245012965,Imported,Imported,Non-Perishable,Low,900.0,870.0,1357.383,0.0,2052.1,0.0
Frozen chicken,Jan,2024,Q1,245012965,South East,Livestock,Perishable,High,900.0,870.0,1357.383,405649.12,2506.81,0.23333333333333336
"Gari white,sold loose",Jan,2024,Q1,245012965,South West,Crops,Non-Perishable,Low,900.0,870.0,1357.383,8918185.0,3036.87,5.133333333333334
"Gari yellow,sold loose",Jan,2024,Q1,245012965,South West,Crops,Non-Perishable,Low,900.0,870.0,1357.383,8918185.0,519.32,5.133333333333334
Mudfish (aro) fresh,Jan,2024,Q1,245012965,South South,Fishing,Perishable,High,900.0,870.0,1357.383,720008.75,575.78,5.633333333333333
Mudfish : dried,Jan,2024,Q1,245012965,South South,Fishing,Non-Perishable,Low,900.0,870.0,1357.383,720008.75,4007.58,5.633333333333333
Onion bulb,Jan,2024,Q1,245012965,North East,Crops,Perishable,Low,900.0,870.0,1357.383,8918185.0,600.69,0.0
Rice agric sold loose,Jan,2024,Q1,245012965,North Central,Crops,Non-Perishable,Low,900.0,870.0,1357.383,8918185.0,624.21,0.0
Rice local sold loose,Jan,2024,Q1,245012965,North Central,Crops,Non-Perishable,Low,900.0,870.0,1357.383,8918185.0,1880.97,0.0
Rice Medium Grained,Jan,2024,Q1,245012965,North Central,Crops,Non-Perishable,Low,900.0,870.0,1357.383,8918185.0,2400.76,0.0
"Rice,imported high quality sold loose",Jan,2024,Q1,245012965,Imported,Imported,Non-Perishable,Low,900.0,870.0,1357.383,0.0,1051.77,0.0
Tomato,Jan,2024,Q1,245012965,North Central,Crops,Perishable,High,900.0,870.0,1357.383,8918185.0,2457.96,0.0
Yam tuber,Jan,2024,Q1,245012965,South East,Crops,Perishable,Medium,900.0,870.0,1357.383,8918185.0,633.91,0.23333333333333336
Dried Fish Sardine,Jan,2024,Q1,245012965,South South,Fishing,Non-Perishable,Low,900.0,870.0,1357.383,720008.75,641.35,5.633333333333333
Iced Sardine,Jan,2024,Q1,245012965,Imported,Fishing,Perishable,High,900.0,870.0,1357.383,720008.75,2380.44,0.0
Irish potato,Jan,2024,Q1,245012965,North East,Crops,Perishable,Medium,900.0,870.0,1357.383,8918185.0,3411.9,0.0
Sweet potato,Jan,2024,Q1,245012965,South East,Crops,Perishable,Medium,900.0,870.0,1357.383,8918185.0,881.2,0.23333333333333336
Tilapia fish (epiya) fresh,Jan,2024,Q1,245012965,South South,Fishing,Perishable,High,900.0,870.0,1357.383,720008.75,1456.72,5.633333333333333
Titus:frozen,Jan,2024,Q1,245012965,Imported,Fishing,Perishable,High,900.0,870.0,1357.383,720008.75,810.67,0.0
Catfish (obokun) fresh,Jan,2024,Q1,245012965,South West,Fishing,Perishable,High,900.0,870.0,1357.383,720008.75,811.95,5.133333333333334
Catfish :dried,Jan,2024,Q1,245012965,South West,Fishing,Non-Perishable,Low,900.0,870.0,1357.383,720008.75,1086.8,5.133333333333334
Catfish Smoked,Jan,2024,Q1,245012965,South West,Fishing,Non-Perishable,Low,900.0,870.0,1357.383,720008.75,1021.79,5.133333333333334
Mackerel : frozen,Jan,2024,Q1,245012965,Imported,Fishing,Perishable,High,900.0,870.0,1357.383,720008.75,1132.87,0.0
"Groundnut oil: 1 bottle, specify bottle",Jan,2024,Q1,245012965,North East,Crops,Non-Perishable,Low,900.0,870.0,1357.383,8918185.0,1322.01,0.0
Maize grain white sold loose,Jan,2024,Q1,245012965,North Central,Crops,Non-Perishable,Low,900.0,870.0,1357.383,8918185.0,615.47,0.0
Maize grain yellow sold loose,Jan,2024,Q1,245012965,North Central,Crops,Non-Perishable,Low,900.0,870.0,1357.383,8918185.0,2214.43,0.0
"Palm oil: 1 bottle,specify bottle",Jan,2024,Q1,245012965,South South,Crops,Non-Perishable,Low,900.0,870.0,1357.383,8918185.0,2628.51,5.633333333333333
Plantain(ripe),Jan,2024,Q1,245012965,South East,Crops,Perishable,Medium,900.0,870.0,1357.383,8918185.0,845.26,0.23333333333333336
Plantain(unripe),Jan,2024,Q1,245012965,South East,Crops,Perishable,Medium,900.0,870.0,1357.383,8918185.0,1782.77,0.23333333333333336
"Vegetable oil:1 bottle,specify bottle",Jan,2024,Q1,245012965,Imported,Crops,Non-Perishable,Low,900.0,870.0,1357.383,8918185.0,2042.98,0.0
Wheat flour: prepacked (golden penny 2kg),Jan,2024,Q1,245012965,Imported,Crops,Non-Perishable,Low,900.0,870.0,1357.383,8918185.0,901.94,0.0
Agric eggs medium size,Feb,2024,Q1,245635745,South West,Livestock,Perishable,High,950.0,880.0,1544.581,405649.12,1486.69,18.76666666666667
Agric eggs(medium size price of one),Feb,2024,Q1,245635745,South West,Livestock,Perishable,High,950.0,880.0,1544.581,405649.12,139.28,18.76666666666667
"Beans brown,sold loose",Feb,2024,Q1,245635745,North Central,Crops,Non-Perishable,Low,950.0,880.0,1544.581,8918185.0,1177.93,0.5666666666666667
Beans:white black eye. sold loose,Feb,2024,Q1,245635745,North East,Crops,Non-Perishable,Low,950.0,880.0,1544.581,8918185.0,1156.82,0.3
Beef Bone in,Feb,2024,Q1,245635745,North West,Livestock,Perishable,High,950.0,880.0,1544.581,405649.12,3115.01,0.8666666666666667
"Beef,boneless",Feb,2024,Q1,245635745,North West,Livestock,Perishable,High,950.0,880.0,1544.581,405649.12,3654.56,0.8666666666666667
Bread sliced 500g,Feb,2024,Q1,245635745,South West,Crops,Perishable,Medium,950.0,880.0,1544.581,8918185.0,1047.86,18.76666666666667
Bread unsliced 500g,Feb,2024,Q1,245635745,South West,Crops,Perishable,Medium,950.0,880.0,1544.581,8918185.0,996.55,18.76666666666667
Broken Rice (Ofada),Feb,2024,Q1,245635745,South West,Crops,Non-Perishable,Low,950.0,880.0,1544.581,8918185.0,1338.97,18.76666666666667
Chicken Feet,Feb,2024,Q1,245635745,South East,Livestock,Perishable,High,950.0,880.0,1544.581,405649.12,2758.38,17.7
Chicken Wings,Feb,2024,Q1,245635745,South East,Livestock,Perishable,High,950.0,880.0,1544.581,405649.12,3841.66,17.7
Evaporated tinned milk carnation 170g,Feb,2024,Q1,245635745,Imported,Imported,Non-Perishable,Low,950.0,880.0,1544.581,0.0,3267.36,0.0
"Evaporated tinned milk(peak), 170g",Feb,2024,Q1,245635745,Imported,Imported,Non-Perishable,Low,950.0,880.0,1544.581,0.0,2313.5,0.0
Frozen chicken,Feb,2024,Q1,245635745,South East,Livestock,Perishable,High,950.0,880.0,1544.581,405649.12,2751.9,17.7
"Gari white,sold loose",Feb,2024,Q1,245635745,South West,Crops,Non-Perishable,Low,950.0,880.0,1544.581,8918185.0,3278.53,18.76666666666667
"Gari yellow,sold loose",Feb,2024,Q1,245635745,South West,Crops,Non-Perishable,Low,950.0,880.0,1544.581,8918185.0,565.64,18.76666666666667
Mudfish (aro) fresh,Feb,2024,Q1,245635745,South South,Fishing,Perishable,High,950.0,880.0,1544.581,720008.75,636.0,56.9
Mudfish : dried,Feb,2024,Q1,245635745,South South,Fishing,Non-Perishable,Low,950.0,880.0,1544.581,720008.75,4370.78,56.9
Onion bulb,Feb,2024,Q1,245635745,North East,Crops,Perishable,Low,950.0,880.0,1544.581,8918185.0,723.45,0.3
Rice agric sold loose,Feb,2024,Q1,245635745,North Central,Crops,Non-Perishable,Low,950.0,880.0,1544.581,8918185.0,753.56,0.5666666666666667
Rice local sold loose,Feb,2024,Q1,245635745,North Central,Crops,Non-Perishable,Low,950.0,880.0,1544.581,8918185.0,2008.99,0.5666666666666667
Rice Medium Grained,Feb,2024,Q1,245635745,North Central,Crops,Non-Perishable,Low,950.0,880.0,1544.581,8918185.0,2605.69,0.5666666666666667
"Rice,imported high quality sold loose",Feb,2024,Q1,245635745,Imported,Imported,Non-Perishable,Low,950.0,880.0,1544.581,0.0,1130.63,0.0
Tomato,Feb,2024,Q1,245635745,North Central,Crops,Perishable,High,950.0,880.0,1544.581,8918185.0,2711.77,0.5666666666666667
Yam tuber,Feb,2024,Q1,245635745,South East,Crops,Perishable,Medium,950.0,880.0,1544.581,8918185.0,729.45,17.7
Dried Fish Sardine,Feb,2024,Q1,245635745,South South,Fishing,Non-Perishable,Low,950.0,880.0,1544.581,720008.75,724.22,56.9
Iced Sardine,Feb,2024,Q1,245635745,Imported,Fishing,Perishable,High,950.0,880.0,1544.581,720008.75,2651.6,0.0
Irish potato,Feb,2024,Q1,245635745,North East,Crops,Perishable,Medium,950.0,880.0,1544.581,8918185.0,3668.28,0.3
Sweet potato,Feb,2024,Q1,245635745,South East,Crops,Perishable,Medium,950.0,880.0,1544.581,8918185.0,915.61,17.7
Tilapia fish (epiya) fresh,Feb,2024,Q1,245635745,South South,Fishing,Perishable,High,950.0,880.0,1544.581,720008.75,1561.46,56.9
Titus:frozen,Feb,2024,Q1,245635745,Imported,Fishing,Perishable,High,950.0,880.0,1544.581,720008.75,846.5,0.0
Catfish (obokun) fresh,Feb,2024,Q1,245635745,South West,Fishing,Perishable,High,950.0,880.0,1544.581,720008.75,858.99,18.76666666666667
Catfish :dried,Feb,2024,Q1,245635745,South West,Fishing,Non-Perishable,Low,950.0,880.0,1544.581,720008.75,1274.72,18.76666666666667
Catfish Smoked,Feb,2024,Q1,245635745,South West,Fishing,Non-Perishable,Low,950.0,880.0,1544.581,720008.75,1222.97,18.76666666666667
Mackerel : frozen,Feb,2024,Q1,245635745,Imported,Fishing,Perishable,High,950.0,880.0,1544.581,720008.75,1361.48,0.0
"Groundnut oil: 1 bottle, specify bottle",Feb,2024,Q1,245635745,North East,Crops,Non-Perishable,Low,950.0,880.0,1544.581,8918185.0,1549.5,0.3
Maize grain white sold loose,Feb,2024,Q1,245635745,North Central,Crops,Non-Perishable,Low,950.0,880.0,1544.581,8918185.0,672.83,0.5666666666666667
Maize grain yellow sold loose,Feb,2024,Q1,245635745,North Central,Crops,Non-Perishable,Low,950.0,880.0,1544.581,8918185.0,2445.26,0.5666666666666667
"Palm oil: 1 bottle,specify bottle",Feb,2024,Q1,245635745,South South,Crops,Non-Perishable,Low,950.0,880.0,1544.581,8918185.0,2883.07,56.9
Plantain(ripe),Feb,2024,Q1,245635745,South East,Crops,Perishable,Medium,950.0,880.0,1544.581,8918185.0,937.85,17.7
Plantain(unripe),Feb,2024,Q1,245635745,South East,Crops,Perishable,Medium,950.0,880.0,1544.581,8918185.0,1878.81,17.7
"Vegetable oil:1 bottle,specify bottle",Feb,2024,Q1,245635745,Imported,Crops,Non-Perishable,Low,950.0,880.0,1544.581,8918185.0,2277.59,0.0
Wheat flour: prepacked (golden penny 2kg),Feb,2024,Q1,245635745,Imported,Crops,Non-Perishable,Low,950.0,880.0,1544.581,8918185.0,1009.56,0.0
Agric eggs medium size,Mar,2024,Q1,246259960,South West,Livestock,Perishable,High,1000.0,900.0,1330.76,405649.12,1621.1,54.1
Agric eggs(medium size price of one),Mar,2024,Q1,246259960,South West,Livestock,Perishable,High,1000.0,900.0,1330.76,405649.12,147.92,54.1
"Beans brown,sold loose",Mar,2024,Q1,246259960,North Central,Crops,Non-Perishable,Low,1000.0,900.0,1330.76,8918185.0,1234.4,9.933333333333334
Beans:white black eye. sold loose,Mar,2024,Q1,246259960,North East,Crops,Non-Perishable,Low,1000.0,900.0,1330.76,8918185.0,1192.22,0.5
Beef Bone in,Mar,2024,Q1,246259960,North West,Livestock,Perishable,High,1000.0,900.0,1330.76,405649.12,3530.42,0.19999999999999998
"Beef,boneless",Mar,2024,Q1,246259960,North West,Livestock,Perishable,High,1000.0,900.0,1330.76,405649.12,4309.16,0.19999999999999998
Bread sliced 500g,Mar,2024,Q1,246259960,South West,Crops,Perishable,Medium,1000.0,900.0,1330.76,8918185.0,1109.15,54.1
Bread unsliced 500g,Mar,2024,Q1,246259960,South West,Crops,Perishable,Medium,1000.0,900.0,1330.76,8918185.0,1054.67,54.1
Broken Rice (Ofada),Mar,2024,Q1,246259960,South West,Crops,Non-Perishable,Low,1000.0,900.0,1330.76,8918185.0,1525.75,54.1
Chicken Feet,Mar,2024,Q1,246259960,South East,Livestock,Perishable,High,1000.0,900.0,1330.76,405649.12,3043.44,35.63333333333333
Chicken Wings,Mar,2024,Q1,246259960,South East,Livestock,Perishable,High,1000.0,900.0,1330.76,405649.12,4048.06,35.63333333333333
Evaporated tinned milk carnation 170g,Mar,2024,Q1,246259960,Imported,Imported,Non-Perishable,Low,1000.0,900.0,1330.76,0.0,3370.59,0.0
"Evaporated tinned milk(peak), 170g",Mar,2024,Q1,246259960,Imported,Imported,Non-Perishable,Low,1000.0,900.0,1330.76,0.0,2440.35,0.0
Frozen chicken,Mar,2024,Q1,246259960,South East,Livestock,Perishable,High,1000.0,900.0,1330.76,405649.12,2992.37,35.63333333333333
"Gari white,sold loose",Mar,2024,Q1,246259960,South West,Crops,Non-Perishable,Low,1000.0,900.0,1330.76,8918185.0,3493.99,54.1
"Gari yellow,sold loose",Mar,2024,Q1,246259960,South West,Crops,Non-Perishable,Low,1000.0,900.0,1330.76,8918185.0,611.09,54.1
Mudfish (aro) fresh,Mar,2024,Q1,246259960,South South,Fishing,Perishable,High,1000.0,900.0,1330.76,720008.75,669.71,127.60000000000001
Mudfish : dried,Mar,2024,Q1,246259960,South South,Fishing,Non-Perishable,Low,1000.0,900.0,1330.76,720008.75,4564.58,127.60000000000001
Onion bulb,Mar,2024,Q1,246259960,North East,Crops,Perishable,Low,1000.0,900.0,1330.76,8918185.0,749.89,0.5
Rice agric sold loose,Mar,2024,Q1,246259960,North Central,Crops,Non-Perishable,Low,1000.0,900.0,1330.76,8918185.0,804.01,9.933333333333334
Rice local sold loose,Mar,2024,Q1,246259960,North Central,Crops,Non-Perishable,Low,1000.0,900.0,1330.76,8918185.0,2165.29,9.933333333333334
Rice Medium Grained,Mar,2024,Q1,246259960,North Central,Crops,Non-Perishable,Low,1000.0,900.0,1330.76,8918185.0,2787.7,9.933333333333334
"Rice,imported high quality sold loose",Mar,2024,Q1,246259960,Imported,Imported,Non-Perishable,Low,1000.0,900.0,1330.76,0.0,1254.45,0.0
Tomato,Mar,2024,Q1,246259960,North Central,Crops,Perishable,High,1000.0,900.0,1330.76,8918185.0,2972.11,9.933333333333334
Yam tuber,Mar,2024,Q1,246259960,South East,Crops,Perishable,Medium,1000.0,900.0,1330.76,8918185.0,757.86,35.63333333333333
Dried Fish Sardine,Mar,2024,Q1,246259960,South South,Fishing,Non-Perishable,Low,1000.0,900.0,1330.76,720008.75,758.09,127.60000000000001
Iced Sardine,Mar,2024,Q1,246259960,Imported,Fishing,Perishable,High,1000.0,900.0,1330.76,720008.75,2820.27,0.0
Irish potato,Mar,2024,Q1,246259960,North East,Crops,Perishable,Medium,1000.0,900.0,1330.76,8918185.0,3830.35,0.5
Sweet potato,Mar,2024,Q1,246259960,South East,Crops,Perishable,Medium,1000.0,900.0,1330.76,8918185.0,938.87,35.63333333333333
Tilapia fish (epiya) fresh,Mar,2024,Q1,246259960,South South,Fishing,Perishable,High,1000.0,900.0,1330.76,720008.75,1565.9,127.60000000000001
Titus:frozen,Mar,2024,Q1,246259960,Imported,Fishing,Perishable,High,1000.0,900.0,1330.76,720008.75,947.35,0.0
Catfish (obokun) fresh,Mar,2024,Q1,246259960,South West,Fishing,Perishable,High,1000.0,900.0,1330.76,720008.75,933.16,54.1
Catfish :dried,Mar,2024,Q1,246259960,South West,Fishing,Non-Perishable,Low,1000.0,900.0,1330.76,720008.75,1378.84,54.1
Catfish Smoked,Mar,2024,Q1,246259960,South West,Fishing,Non-Perishable,Low,1000.0,900.0,1330.76,720008.75,1340.74,54.1
Mackerel : frozen,Mar,2024,Q1,246259960,Imported,Fishing,Perishable,High,1000.0,900.0,1330.76,720008.75,1438.07,0.0
"Groundnut oil: 1 bottle, specify bottle",Mar,2024,Q1,246259960,North East,Crops,Non-Perishable,Low,1000.0,900.0,1330.76,8918185.0,1633.94,0.5
Maize grain white sold loose,Mar,2024,Q1,246259960,North Central,Crops,Non-Perishable,Low,1000.0,900.0,1330.76,8918185.0,689.47,9.933333333333334
Maize grain yellow sold loose,Mar,2024,Q1,246259960,North Central,Crops,Non-Perishable,Low,1000.0,900.0,1330.76,8918185.0,2728.63,9.933333333333334
"Palm oil: 1 bottle,specify bottle",Mar,2024,Q1,246259960,South South,Crops,Non-Perishable,Low,1000.0,900.0,1330.76,8918185.0,3124.04,127.60000000000001
Plantain(ripe),Mar,2024,Q1,246259960,South East,Crops,Perishable,Medium,1000.0,900.0,1330.76,8918185.0,959.68,35.63333333333333
Plantain(unripe),Mar,2024,Q1,246259960,South East,Crops,Perishable,Medium,1000.0,900.0,1330.76,8918185.0,2003.65,35.63333333333333
"Vegetable oil:1 bottle,specify bottle",Mar,2024,Q1,246259960,Imported,Crops,Non-Perishable,Low,1000.0,900.0,1330.76,8918185.0,2477.63,0.0
Wheat flour: prepacked (golden penny 2kg),Mar,2024,Q1,246259960,Imported,Crops,Non-Perishable,Low,1000.0,900.0,1330.76,8918185.0,1068.78,0.0
Agric eggs medium size,Apr,2024,Q2,246885621,South West,Livestock,Perishable,High,1100.0,920.0,1330.205,738846.44,1680.51,55.199999999999996
Agric eggs(medium size price of one),Apr,2024,Q2,246885621,South West,Livestock,Perishable,High,1100.0,920.0,1330.205,738846.44,150.85,55.199999999999996
"Beans brown,sold loose",Apr,2024,Q2,246885621,North Central,Crops,Non-Perishable,Low,1100.0,920.0,1330.205,9879614.0,1387.9,13.233333333333334
Beans:white black eye. sold loose,Apr,2024,Q2,246885621,North East,Crops,Non-Perishable,Low,1100.0,920.0,1330.205,9879614.0,1313.48,0.06666666666666667
Beef Bone in,Apr,2024,Q2,246885621,North West,Livestock,Perishable,High,1100.0,920.0,1330.205,738846.44,3821.74,4.733333333333333
"Beef,boneless",Apr,2024,Q2,246885621,North West,Livestock,Perishable,High,1100.0,920.0,1330.205,738846.44,4711.65,4.733333333333333
Bread sliced 500g,Apr,2024,Q2,246885621,South West,Crops,Perishable,Medium,1100.0,920.0,1330.205,9879614.0,1141.36,55.199999999999996
Bread unsliced 500g,Apr,2024,Q2,246885621,South West,Crops,Perishable,Medium,1100.0,920.0,1330.205,9879614.0,1092.4,55.199999999999996
Broken Rice (Ofada),Apr,2024,Q2,246885621,South West,Crops,Non-Perishable,Low,1100.0,920.0,1330.205,9879614.0,1552.18,55.199999999999996
Chicken Feet,Apr,2024,Q2,246885621,South East,Livestock,Perishable,High,1100.0,920.0,1330.205,738846.44,3140.53,51.13333333333333
Chicken Wings,Apr,2024,Q2,246885621,South East,Livestock,Perishable,High,1100.0,920.0,1330.205,738846.44,4176.47,51.13333333333333
Evaporated tinned milk carnation 170g,Apr,2024,Q2,246885621,Imported,Imported,Non-Perishable,Low,1100.0,920.0,1330.205,0.0,3442.79,0.0
"Evaporated tinned milk(peak), 170g",Apr,2024,Q2,246885621,Imported,Imported,Non-Perishable,Low,1100.0,920.0,1330.205,0.0,2660.9,0.0
Frozen chicken,Apr,2024,Q2,246885621,South East,Livestock,Perishable,High,1100.0,920.0,1330.205,738846.44,3330.3,51.13333333333333
"Gari white,sold loose",Apr,2024,Q2,246885621,South West,Crops,Non-Perishable,Low,1100.0,920.0,1330.205,9879614.0,3653.35,55.199999999999996
"Gari yellow,sold loose",Apr,2024,Q2,246885621,South West,Crops,Non-Perishable,Low,1100.0,920.0,1330.205,9879614.0,643.11,55.199999999999996
Mudfish (aro) fresh,Apr,2024,Q2,246885621,South South,Fishing,Perishable,High,1100.0,920.0,1330.205,561332.8,725.74,147.9
Mudfish : dried,Apr,2024,Q2,246885621,South South,Fishing,Non-Perishable,Low,1100.0,920.0,1330.205,561332.8,4829.13,147.9
Onion bulb,Apr,2024,Q2,246885621,North East,Crops,Perishable,Low,1100.0,920.0,1330.205,9879614.0,851.81,0.06666666666666667
Rice agric sold loose,Apr,2024,Q2,246885621,North Central,Crops,Non-Perishable,Low,1100.0,920.0,1330.205,9879614.0,909.77,13.233333333333334
Rice local sold loose,Apr,2024,Q2,246885621,North Central,Crops,Non-Perishable,Low,1100.0,920.0,1330.205,9879614.0,2231.82,13.233333333333334
Rice Medium Grained,Apr,2024,Q2,246885621,North Central,Crops,Non-Perishable,Low,1100.0,920.0,1330.205,9879614.0,2912.03,13.233333333333334
"Rice,imported high quality sold loose",Apr,2024,Q2,246885621,Imported,Imported,Non-Perishable,Low,1100.0,920.0,1330.205,0.0,1413.57,0.0
Tomato,Apr,2024,Q2,246885621,North Central,Crops,Perishable,High,1100.0,920.0,1330.205,9879614.0,3224.99,13.233333333333334
Yam tuber,Apr,2024,Q2,246885621,South East,Crops,Perishable,Medium,1100.0,920.0,1330.205,9879614.0,797.61,51.13333333333333
Dried Fish Sardine,Apr,2024,Q2,246885621,South South,Fishing,Non-Perishable,Low,1100.0,920.0,1330.205,561332.8,798.53,147.9
Iced Sardine,Apr,2024,Q2,246885621,Imported,Fishing,Perishable,High,1100.0,920.0,1330.205,561332.8,2945.5,0.0
Irish potato,Apr,2024,Q2,246885621,North East,Crops,Perishable,Medium,1100.0,920.0,1330.205,9879614.0,3928.2,0.06666666666666667
Sweet potato,Apr,2024,Q2,246885621,South East,Crops,Perishable,Medium,1100.0,920.0,1330.205,9879614.0,1018.83,51.13333333333333
Tilapia fish (epiya) fresh,Apr,2024,Q2,246885621,South South,Fishing,Perishable,High,1100.0,920.0,1330.205,561332.8,1634.05,147.9
Titus:frozen,Apr,2024,Q2,246885621,Imported,Fishing,Perishable,High,1100.0,920.0,1330.205,561332.8,1009.05,0.0
Catfish (obokun) fresh,Apr,2024,Q2,246885621,South West,Fishing,Perishable,High,1100.0,920.0,1330.205,561332.8,1000.41,55.199999999999996
Catfish :dried,Apr,2024,Q2,246885621,South West,Fishing,Non-Perishable,Low,1100.0,920.0,1330.205,561332.8,1487.91,55.199999999999996
Catfish Smoked,Apr,2024,Q2,246885621,South West,Fishing,Non-Perishable,Low,1100.0,920.0,1330.205,561332.8,1399.34,55.199999999999996
Mackerel : frozen,Apr,2024,Q2,246885621,Imported,Fishing,Perishable,High,1100.0,920.0,1330.205,561332.8,1535.83,0.0
"Groundnut oil: 1 bottle, specify bottle",Apr,2024,Q2,246885621,North East,Crops,Non-Perishable,Low,1100.0,920.0,1330.205,9879614.0,1771.56,0.06666666666666667
Maize grain white sold loose,Apr,2024,Q2,246885621,North Central,Crops,Non-Perishable,Low,1100.0,920.0,1330.205,9879614.0,807.35,13.233333333333334
Maize grain yellow sold loose,Apr,2024,Q2,246885621,North Central,Crops,Non-Perishable,Low,1100.0,920.0,1330.205,9879614.0,2828.87,13.233333333333334
"Palm oil: 1 bottle,specify bottle",Apr,2024,Q2,246885621,South South,Crops,Non-Perishable,Low,1100.0,920.0,1330.205,9879614.0,3395.05,147.9
Plantain(ripe),Apr,2024,Q2,246885621,South East,Crops,Perishable,Medium,1100.0,920.0,1330.205,9879614.0,1123.41,51.13333333333333
Plantain(unripe),Apr,2024,Q2,246885621,South East,Crops,Perishable,Medium,1100.0,920.0,1330.205,9879614.0,2078.21,51.13333333333333
"Vegetable oil:1 bottle,specify bottle",Apr,2024,Q2,246885621,Imported,Crops,Non-Perishable,Low,1100.0,920.0,1330.205,9879614.0,2573.25,0.0
Wheat flour: prepacked (golden penny 2kg),Apr,2024,Q2,246885621,Imported,Crops,Non-Perishable,Low,1100.0,920.0,1330.205,9879614.0,1130.37,0.0
Agric eggs medium size,May,2024,Q2,247512734,South West,Livestock,Perishable,High,1200.0,930.0,1483.482,738846.44,1786.66,62.86666666666667
Agric eggs(medium size price of one),May,2024,Q2,247512734,South West,Livestock,Perishable,High,1200.0,930.0,1483.482,738846.44,160.31,62.86666666666667
"Beans brown,sold loose",May,2024,Q2,247512734,North Central,Crops,Non-Perishable,Low,1200.0,930.0,1483.482,9879614.0,2009.23,35.43333333333333
Beans:white black eye. sold loose,May,2024,Q2,247512734,North East,Crops,Non-Perishable,Low,1200.0,930.0,1483.482,9879614.0,1847.84,2.6
Beef Bone in,May,2024,Q2,247512734,North West,Livestock,Perishable,High,1200.0,930.0,1483.482,738846.44,4145.09,27.100000000000005
"Beef,boneless",May,2024,Q2,247512734,North West,Livestock,Perishable,High,1200.0,930.0,1483.482,738846.44,5137.52,27.100000000000005
Bread sliced 500g,May,2024,Q2,247512734,South West,Crops,Perishable,Medium,1200.0,930.0,1483.482,9879614.0,1308.12,62.86666666666667
Bread unsliced 500g,May,2024,Q2,247512734,South West,Crops,Perishable,Medium,1200.0,930.0,1483.482,9879614.0,1216.32,62.86666666666667
Broken Rice (Ofada),May,2024,Q2,247512734,South West,Crops,Non-Perishable,Low,1200.0,930.0,1483.482,9879614.0,1738.21,62.86666666666667
Chicken Feet,May,2024,Q2,247512734,South East,Livestock,Perishable,High,1200.0,930.0,1483.482,738846.44,3418.73,78.60000000000001
Chicken Wings,May,2024,Q2,247512734,South East,Livestock,Perishable,High,1200.0,930.0,1483.482,738846.44,4553.42,78.60000000000001
Evaporated tinned milk carnation 170g,May,2024,Q2,247512734,Imported,Imported,Non-Perishable,Low,1200.0,930.0,1483.482,0.0,3604.96,0.0
"Evaporated tinned milk(peak), 170g",May,2024,Q2,247512734,Imported,Imported,Non-Perishable,Low,1200.0,930.0,1483.482,0.0,2907.33,0.0
Frozen chicken,May,2024,Q2,247512734,South East,Livestock,Perishable,High,1200.0,930.0,1483.482,738846.44,3561.64,78.60000000000001
"Gari white,sold loose",May,2024,Q2,247512734,South West,Crops,Non-Perishable,Low,1200.0,930.0,1483.482,9879614.0,3945.73,62.86666666666667
"Gari yellow,sold loose",May,2024,Q2,247512734,South West,Crops,Non-Perishable,Low,1200.0,930.0,1483.482,9879614.0,691.16,62.86666666666667
Mudfish (aro) fresh,May,2024,Q2,247512734,South South,Fishing,Perishable,High,1200.0,930.0,1483.482,561332.8,783.98,182.4
Mudfish : dried,May,2024,Q2,247512734,South South,Fishing,Non-Perishable,Low,1200.0,930.0,1483.482,561332.8,5032.04,182.4
Onion bulb,May,2024,Q2,247512734,North East,Crops,Perishable,Low,1200.0,930.0,1483.482,9879614.0,1114.72,2.6
Rice agric sold loose,May,2024,Q2,247512734,North Central,Crops,Non-Perishable,Low,1200.0,930.0,1483.482,9879614.0,1184.35,35.43333333333333
Rice local sold loose,May,2024,Q2,247512734,North Central,Crops,Non-Perishable,Low,1200.0,930.0,1483.482,9879614.0,2351.91,35.43333333333333
Rice Medium Grained,May,2024,Q2,247512734,North Central,Crops,Non-Perishable,Low,1200.0,930.0,1483.482,9879614.0,3069.32,35.43333333333333
"Rice,imported high quality sold loose",May,2024,Q2,247512734,Imported,Imported,Non-Perishable,Low,1200.0,930.0,1483.482,0.0,1595.07,0.0
Tomato,May,2024,Q2,247512734,North Central,Crops,Perishable,High,1200.0,930.0,1483.482,9879614.0,3404.62,35.43333333333333
Yam tuber,May,2024,Q2,247512734,South East,Crops,Perishable,Medium,1200.0,930.0,1483.482,9879614.0,950.16,78.60000000000001
Dried Fish Sardine,May,2024,Q2,247512734,South South,Fishing,Non-Perishable,Low,1200.0,930.0,1483.482,561332.8,957.98,182.4
Iced Sardine,May,2024,Q2,247512734,Imported,Fishing,Perishable,High,1200.0,930.0,1483.482,561332.8,3234.69,0.0
Irish potato,May,2024,Q2,247512734,North East,Crops,Perishable,Medium,1200.0,930.0,1483.482,9879614.0,4225.06,2.6
Sweet potato,May,2024,Q2,247512734,South East,Crops,Perishable,Medium,1200.0,930.0,1483.482,9879614.0,1168.91,78.60000000000001
Tilapia fish (epiya) fresh,May,2024,Q2,247512734,South South,Fishing,Perishable,High,1200.0,930.0,1483.482,561332.8,1683.03,182.4
Titus:frozen,May,2024,Q2,247512734,Imported,Fishing,Perishable,High,1200.0,930.0,1483.482,561332.8,1106.33,0.0
Catfish (obokun) fresh,May,2024,Q2,247512734,South West,Fishing,Perishable,High,1200.0,930.0,1483.482,561332.8,1139.02,62.86666666666667
Catfish :dried,May,2024,Q2,247512734,South West,Fishing,Non-Perishable,Low,1200.0,930.0,1483.482,561332.8,1613.56,62.86666666666667
Catfish Smoked,May,2024,Q2,247512734,South West,Fishing,Non-Perishable,Low,1200.0,930.0,1483.482,561332.8,1608.89,62.86666666666667
Mackerel : frozen,May,2024,Q2,247512734,Imported,Fishing,Perishable,High,1200.0,930.0,1483.482,561332.8,1702.85,0.0
"Groundnut oil: 1 bottle, specify bottle",May,2024,Q2,247512734,North East,Crops,Non-Perishable,Low,1200.0,930.0,1483.482,9879614.0,1984.88,2.6
Maize grain white sold loose,May,2024,Q2,247512734,North Central,Crops,Non-Perishable,Low,1200.0,930.0,1483.482,9879614.0,903.22,35.43333333333333
Maize grain yellow sold loose,May,2024,Q2,247512734,North Central,Crops,Non-Perishable,Low,1200.0,930.0,1483.482,9879614.0,3148.33,35.43333333333333
"Palm oil: 1 bottle,specify bottle",May,2024,Q2,247512734,South South,Crops,Non-Perishable,Low,1200.0,930.0,1483.482,9879614.0,3577.48,182.4
Plantain(ripe),May,2024,Q2,247512734,South East,Crops,Perishable,Medium,1200.0,930.0,1483.482,9879614.0,1479.69,78.60000000000001
Plantain(unripe),May,2024,Q2,247512734,South East,Crops,Perishable,Medium,1200.0,930.0,1483.482,9879614.0,2230.97,78.60000000000001
"Vegetable oil:1 bottle,specify bottle",May,2024,Q2,247512734,Imported,Crops,Non-Perishable,Low,1200.0,930.0,1483.482,9879614.0,3001.59,0.0
Wheat flour: prepacked (golden penny 2kg),May,2024,Q2,247512734,Imported,Crops,Non-Perishable,Low,1200.0,930.0,1483.482,9879614.0,1322.36,0.0
Agric eggs medium size,Jun,2024,Q2,248141307,South West,Livestock,Perishable,High,1150.0,940.0,1470.691,738846.44,1935.69,166.43333333333334
Agric eggs(medium size price of one),Jun,2024,Q2,248141307,South West,Livestock,Perishable,High,1150.0,940.0,1470.691,738846.44,168.51,166.43333333333334
"Beans brown,sold loose",Jun,2024,Q2,248141307,North Central,Crops,Non-Perishable,Low,1150.0,940.0,1470.691,9879614.0,2292.76,101.5
Beans:white black eye. sold loose,Jun,2024,Q2,248141307,North East,Crops,Non-Perishable,Low,1150.0,940.0,1470.691,9879614.0,2153.87,54.800000000000004
Beef Bone in,Jun,2024,Q2,248141307,North West,Livestock,Perishable,High,1150.0,940.0,1470.691,738846.44,4459.52,47.833333333333336
"Beef,boneless",Jun,2024,Q2,248141307,North West,Livestock,Perishable,High,1150.0,940.0,1470.691,738846.44,5400.54,47.833333333333336
Bread sliced 500g,Jun,2024,Q2,248141307,South West,Crops,Perishable,Medium,1150.0,940.0,1470.691,9879614.0,1378.34,166.43333333333334
Bread unsliced 500g,Jun,2024,Q2,248141307,South West,Crops,Perishable,Medium,1150.0,940.0,1470.691,9879614.0,1289.13,166.43333333333334
Broken Rice (Ofada),Jun,2024,Q2,248141307,South West,Crops,Non-Perishable,Low,1150.0,940.0,1470.691,9879614.0,1828.84,166.43333333333334
Chicken Feet,Jun,2024,Q2,248141307,South East,Livestock,Perishable,High,1150.0,940.0,1470.691,738846.44,3615.19,150.46666666666667
Chicken Wings,Jun,2024,Q2,248141307,South East,Livestock,Perishable,High,1150.0,940.0,1470.691,738846.44,4748.86,150.46666666666667
Evaporated tinned milk carnation 170g,Jun,2024,Q2,248141307,Imported,Imported,Non-Perishable,Low,1150.0,940.0,1470.691,0.0,3739.52,0.0
"Evaporated tinned milk(peak), 170g",Jun,2024,Q2,248141307,Imported,Imported,Non-Perishable,Low,1150.0,940.0,1470.691,0.0,3088.8,0.0
Frozen chicken,Jun,2024,Q2,248141307,South East,Livestock,Perishable,High,1150.0,940.0,1470.691,738846.44,3756.89,150.46666666666667
"Gari white,sold loose",Jun,2024,Q2,248141307,South West,Crops,Non-Perishable,Low,1150.0,940.0,1470.691,9879614.0,4006.47,166.43333333333334
"Gari yellow,sold loose",Jun,2024,Q2,248141307,South West,Crops,Non-Perishable,Low,1150.0,940.0,1470.691,9879614.0,720.26,166.43333333333334
Mudfish (aro) fresh,Jun,2024,Q2,248141307,South South,Fishing,Perishable,High,1150.0,940.0,1470.691,561332.8,801.49,263.3666666666666
Mudfish : dried,Jun,2024,Q2,248141307,South South,Fishing,Non-Perishable,Low,1150.0,940.0,1470.691,561332.8,5240.6,263.3666666666666
Onion bulb,Jun,2024,Q2,248141307,North East,Crops,Perishable,Low,1150.0,940.0,1470.691,9879614.0,1135.51,54.800000000000004
Rice agric sold loose,Jun,2024,Q2,248141307,North Central,Crops,Non-Perishable,Low,1150.0,940.0,1470.691,9879614.0,1213.98,101.5
Rice local sold loose,Jun,2024,Q2,248141307,North Central,Crops,Non-Perishable,Low,1150.0,940.0,1470.691,9879614.0,2564.89,101.5
Rice Medium Grained,Jun,2024,Q2,248141307,North Central,Crops,Non-Perishable,Low,1150.0,940.0,1470.691,9879614.0,3159.1,101.5
"Rice,imported high quality sold loose",Jun,2024,Q2,248141307,Imported,Imported,Non-Perishable,Low,1150.0,940.0,1470.691,0.0,2423.27,0.0
Tomato,Jun,2024,Q2,248141307,North Central,Crops,Perishable,High,1150.0,940.0,1470.691,9879614.0,3617.59,101.5
Yam tuber,Jun,2024,Q2,248141307,South East,Crops,Perishable,Medium,1150.0,940.0,1470.691,9879614.0,1002.22,150.46666666666667
Dried Fish Sardine,Jun,2024,Q2,248141307,South South,Fishing,Non-Perishable,Low,1150.0,940.0,1470.691,561332.8,1024.69,263.3666666666666
Iced Sardine,Jun,2024,Q2,248141307,Imported,Fishing,Perishable,High,1150.0,940.0,1470.691,561332.8,3477.68,0.0
Irish potato,Jun,2024,Q2,248141307,North East,Crops,Perishable,Medium,1150.0,940.0,1470.691,9879614.0,4288.77,54.800000000000004
Sweet potato,Jun,2024,Q2,248141307,South East,Crops,Perishable,Medium,1150.0,940.0,1470.691,9879614.0,1547.78,150.46666666666667
Tilapia fish (epiya) fresh,Jun,2024,Q2,248141307,South South,Fishing,Perishable,High,1150.0,940.0,1470.691,561332.8,1842.27,263.3666666666666
Titus:frozen,Jun,2024,Q2,248141307,Imported,Fishing,Perishable,High,1150.0,940.0,1470.691,561332.8,1417.13,0.0
Catfish (obokun) fresh,Jun,2024,Q2,248141307,South West,Fishing,Perishable,High,1150.0,940.0,1470.691,561332.8,1325.63,166.43333333333334
Catfish :dried,Jun,2024,Q2,248141307,South West,Fishing,Non-Perishable,Low,1150.0,940.0,1470.691,561332.8,1735.88,166.43333333333334
Catfish Smoked,Jun,2024,Q2,248141307,South West,Fishing,Non-Perishable,Low,1150.0,940.0,1470.691,561332.8,1702.74,166.43333333333334
Mackerel : frozen,Jun,2024,Q2,248141307,Imported,Fishing,Perishable,High,1150.0,940.0,1470.691,561332.8,1831.49,0.0
"Groundnut oil: 1 bottle, specify bottle",Jun,2024,Q2,248141307,North East,Crops,Non-Perishable,Low,1150.0,940.0,1470.691,9879614.0,2104.15,54.800000000000004
Maize grain white sold loose,Jun,2024,Q2,248141307,North Central,Crops,Non-Perishable,Low,1150.0,940.0,1470.691,9879614.0,976.96,101.5
Maize grain yellow sold loose,Jun,2024,Q2,248141307,North Central,Crops,Non-Perishable,Low,1150.0,940.0,1470.691,9879614.0,3389.29,101.5
"Palm oil: 1 bottle,specify bottle",Jun,2024,Q2,248141307,South South,Crops,Non-Perishable,Low,1150.0,940.0,1470.691,9879614.0,3802.0,263.3666666666666
Plantain(ripe),Jun,2024,Q2,248141307,South East,Crops,Perishable,Medium,1150.0,940.0,1470.691,9879614.0,2302.26,150.46666666666667
Plantain(unripe),Jun,2024,Q2,248141307,South East,Crops,Perishable,Medium,1150.0,940.0,1470.691,9879614.0,2405.14,150.46666666666667
"Vegetable oil:1 bottle,specify bottle",Jun,2024,Q2,248141307,Imported,Crops,Non-Perishable,Low,1150.0,940.0,1470.691,9879614.0,3157.75,0.0
Wheat flour: prepacked (golden penny 2kg),Jun,2024,Q2,248141307,Imported,Crops,Non-Perishable,Low,1150.0,940.0,1470.691,9879614.0,2021.55,0.0
Agric eggs medium size,Jul,2024,Q3,248771347,South West,Livestock,Perishable,High,1100.0,950.0,1611.71,840338.0,2170.17,142.06666666666666
Agric eggs(medium size price of one),Jul,2024,Q3,248771347,South West,Livestock,Perishable,High,1100.0,950.0,1611.71,840338.0,185.1,142.06666666666666
"Beans brown,sold loose",Jul,2024,Q3,248771347,North Central,Crops,Non-Perishable,Low,1100.0,950.0,1611.71,16418580.0,2444.81,175.79999999999998
Beans:white black eye. sold loose,Jul,2024,Q3,248771347,North East,Crops,Non-Perishable,Low,1100.0,950.0,1611.71,16418580.0,2309.53,169.79999999999998
Beef Bone in,Jul,2024,Q3,248771347,North West,Livestock,Perishable,High,1100.0,950.0,1611.71,840338.0,4521.29,136.29999999999998
"Beef,boneless",Jul,2024,Q3,248771347,North West,Livestock,Perishable,High,1100.0,950.0,1611.71,840338.0,5441.07,136.29999999999998
Bread sliced 500g,Jul,2024,Q3,248771347,South West,Crops,Perishable,Medium,1100.0,950.0,1611.71,16418580.0,1427.25,142.06666666666666
Bread unsliced 500g,Jul,2024,Q3,248771347,South West,Crops,Perishable,Medium,1100.0,950.0,1611.71,16418580.0,1335.83,142.06666666666666
Broken Rice (Ofada),Jul,2024,Q3,248771347,South West,Crops,Non-Perishable,Low,1100.0,950.0,1611.71,16418580.0,2038.36,142.06666666666666
Chicken Feet,Jul,2024,Q3,248771347,South East,Livestock,Perishable,High,1100.0,950.0,1611.71,840338.0,3926.12,237.6
Chicken Wings,Jul,2024,Q3,248771347,South East,Livestock,Perishable,High,1100.0,950.0,1611.71,840338.0,5110.2,237.6
Evaporated tinned milk carnation 170g,Jul,2024,Q3,248771347,Imported,Imported,Non-Perishable,Low,1100.0,950.0,1611.71,0.0,4046.89,0.0
"Evaporated tinned milk(peak), 170g",Jul,2024,Q3,248771347,Imported,Imported,Non-Perishable,Low,1100.0,950.0,1611.71,0.0,3110.55,0.0
Frozen chicken,Jul,2024,Q3,248771347,South East,Livestock,Perishable,High,1100.0,950.0,1611.71,840338.0,3852.7,237.6
"Gari white,sold loose",Jul,2024,Q3,248771347,South West,Crops,Non-Perishable,Low,1100.0,950.0,1611.71,16418580.0,4301.5,142.06666666666666
"Gari yellow,sold loose",Jul,2024,Q3,248771347,South West,Crops,Non-Perishable,Low,1100.0,950.0,1611.71,16418580.0,748.75,142.06666666666666
Mudfish (aro) fresh,Jul,2024,Q3,248771347,South South,Fishing,Perishable,High,1100.0,950.0,1611.71,424168.8,851.07,303.1333333333334
Mudfish : dried,Jul,2024,Q3,248771347,South South,Fishing,Non-Perishable,Low,1100.0,950.0,1611.71,424168.8,5425.9,303.1333333333334
Onion bulb,Jul,2024,Q3,248771347,North East,Crops,Perishable,Low,1100.0,950.0,1611.71,16418580.0,1151.79,169.79999999999998
Rice agric sold loose,Jul,2024,Q3,248771347,North Central,Crops,Non-Perishable,Low,1100.0,950.0,1611.71,16418580.0,1218.68,175.79999999999998
Rice local sold loose,Jul,2024,Q3,248771347,North Central,Crops,Non-Perishable,Low,1100.0,950.0,1611.71,16418580.0,2665.11,175.79999999999998
Rice Medium Grained,Jul,2024,Q3,248771347,North Central,Crops,Non-Perishable,Low,1100.0,950.0,1611.71,16418580.0,3362.1,175.79999999999998
"Rice,imported high quality sold loose",Jul,2024,Q3,248771347,Imported,Imported,Non-Perishable,Low,1100.0,950.0,1611.71,0.0,1781.01,0.0
Tomato,Jul,2024,Q3,248771347,North Central,Crops,Perishable,High,1100.0,950.0,1611.71,16418580.0,3865.42,175.79999999999998
Yam tuber,Jul,2024,Q3,248771347,South East,Crops,Perishable,Medium,1100.0,950.0,1611.71,16418580.0,1029.3,237.6
Dried Fish Sardine,Jul,2024,Q3,248771347,South South,Fishing,Non-Perishable,Low,1100.0,950.0,1611.71,424168.8,1038.91,303.1333333333334
Iced Sardine,Jul,2024,Q3,248771347,Imported,Fishing,Perishable,High,1100.0,950.0,1611.71,424168.8,3739.5,0.0
Irish potato,Jul,2024,Q3,248771347,North East,Crops,Perishable,Medium,1100.0,950.0,1611.71,16418580.0,4492.21,169.79999999999998
Sweet potato,Jul,2024,Q3,248771347,South East,Crops,Perishable,Medium,1100.0,950.0,1611.71,16418580.0,1273.75,237.6
Tilapia fish (epiya) fresh,Jul,2024,Q3,248771347,South South,Fishing,Perishable,High,1100.0,950.0,1611.71,424168.8,1855.42,303.1333333333334
Titus:frozen,Jul,2024,Q3,248771347,Imported,Fishing,Perishable,High,1100.0,950.0,1611.71,424168.8,1497.39,0.0
Catfish (obokun) fresh,Jul,2024,Q3,248771347,South West,Fishing,Perishable,High,1100.0,950.0,1611.71,424168.8,1430.83,142.06666666666666
Catfish :dried,Jul,2024,Q3,248771347,South West,Fishing,Non-Perishable,Low,1100.0,950.0,1611.71,424168.8,1756.79,142.06666666666666
Catfish Smoked,Jul,2024,Q3,248771347,South West,Fishing,Non-Perishable,Low,1100.0,950.0,1611.71,424168.8,1766.64,142.06666666666666
Mackerel : frozen,Jul,2024,Q3,248771347,Imported,Fishing,Perishable,High,1100.0,950.0,1611.71,424168.8,1844.32,0.0
"Groundnut oil: 1 bottle, specify bottle",Jul,2024,Q3,248771347,North East,Crops,Non-Perishable,Low,1100.0,950.0,1611.71,16418580.0,2191.06,169.79999999999998
Maize grain white sold loose,Jul,2024,Q3,248771347,North Central,Crops,Non-Perishable,Low,1100.0,950.0,1611.71,16418580.0,970.5,175.79999999999998
Maize grain yellow sold loose,Jul,2024,Q3,248771347,North Central,Crops,Non-Perishable,Low,1100.0,950.0,1611.71,16418580.0,3648.87,175.79999999999998
"Palm oil: 1 bottle,specify bottle",Jul,2024,Q3,248771347,South South,Crops,Non-Perishable,Low,1100.0,950.0,1611.71,16418580.0,4165.9,303.1333333333334
Plantain(ripe),Jul,2024,Q3,248771347,South East,Crops,Perishable,Medium,1100.0,950.0,1611.71,16418580.0,1693.83,237.6
Plantain(unripe),Jul,2024,Q3,248771347,South East,Crops,Perishable,Medium,1100.0,950.0,1611.71,16418580.0,2478.95,237.6
"Vegetable oil:1 bottle,specify bottle",Jul,2024,Q3,248771347,Imported,Crops,Non-Perishable,Low,1100.0,950.0,1611.71,16418580.0,3259.82,0.0
Wheat flour: prepacked (golden penny 2kg),Jul,2024,Q3,248771347,Imported,Crops,Non-Perishable,Low,1100.0,950.0,1611.71,16418580.0,1802.84,0.0
Agric eggs medium size,Aug,2024,Q3,249402860,South West,Livestock,Perishable,High,1150.0,960.0,1596.64,840338.0,2289.19,123.73333333333335
Agric eggs(medium size price of one),Aug,2024,Q3,249402860,South West,Livestock,Perishable,High,1150.0,960.0,1596.64,840338.0,198.63,123.73333333333335
"Beans brown,sold loose",Aug,2024,Q3,249402860,North Central,Crops,Non-Perishable,Low,1150.0,960.0,1596.64,16418580.0,2574.63,136.46666666666667
Beans:white black eye. sold loose,Aug,2024,Q3,249402860,North East,Crops,Non-Perishable,Low,1150.0,960.0,1596.64,16418580.0,2425.92,250.66666666666666
Beef Bone in,Aug,2024,Q3,249402860,North West,Livestock,Perishable,High,1150.0,960.0,1596.64,840338.0,4660.62,228.4333333333333
"Beef,boneless",Aug,2024,Q3,249402860,North West,Livestock,Perishable,High,1150.0,960.0,1596.64,840338.0,5553.8,228.4333333333333
Bread sliced 500g,Aug,2024,Q3,249402860,South West,Crops,Perishable,Medium,1150.0,960.0,1596.64,16418580.0,1459.85,123.73333333333335
Bread unsliced 500g,Aug,2024,Q3,249402860,South West,Crops,Perishable,Medium,1150.0,960.0,1596.64,16418580.0,1380.36,123.73333333333335
Broken Rice (Ofada),Aug,2024,Q3,249402860,South West,Crops,Non-Perishable,Low,1150.0,960.0,1596.64,16418580.0,2234.06,123.73333333333335
Chicken Feet,Aug,2024,Q3,249402860,South East,Livestock,Perishable,High,1150.0,960.0,1596.64,840338.0,3934.23,133.5
Chicken Wings,Aug,2024,Q3,249402860,South East,Livestock,Perishable,High,1150.0,960.0,1596.64,840338.0,5099.07,133.5
Evaporated tinned milk carnation 170g,Aug,2024,Q3,249402860,Imported,Imported,Non-Perishable,Low,1150.0,960.0,1596.64,0.0,4155.84,0.0
"Evaporated tinned milk(peak), 170g",Aug,2024,Q3,249402860,Imported,Imported,Non-Perishable,Low,1150.0,960.0,1596.64,0.0,3163.16,0.0
Frozen chicken,Aug,2024,Q3,249402860,South East,Livestock,Perishable,High,1150.0,960.0,1596.64,840338.0,3954.08,133.5
"Gari white,sold loose",Aug,2024,Q3,249402860,South West,Crops,Non-Perishable,Low,1150.0,960.0,1596.64,16418580.0,4404.35,123.73333333333335
"Gari yellow,sold loose",Aug,2024,Q3,249402860,South West,Crops,Non-Perishable,Low,1150.0,960.0,1596.64,16418580.0,786.05,123.73333333333335
Mudfish (aro) fresh,Aug,2024,Q3,249402860,South South,Fishing,Perishable,High,1150.0,960.0,1596.64,424168.8,893.38,192.96666666666667
Mudfish : dried,Aug,2024,Q3,249402860,South South,Fishing,Non-Perishable,Low,1150.0,960.0,1596.64,424168.8,5507.61,192.96666666666667
Onion bulb,Aug,2024,Q3,249402860,North East,Crops,Perishable,Low,1150.0,960.0,1596.64,16418580.0,1124.4,250.66666666666666
Rice agric sold loose,Aug,2024,Q3,249402860,North Central,Crops,Non-Perishable,Low,1150.0,960.0,1596.64,16418580.0,1170.65,136.46666666666667
Rice local sold loose,Aug,2024,Q3,249402860,North Central,Crops,Non-Perishable,Low,1150.0,960.0,1596.64,16418580.0,2726.24,136.46666666666667
Rice Medium Grained,Aug,2024,Q3,249402860,North Central,Crops,Non-Perishable,Low,1150.0,960.0,1596.64,16418580.0,3532.51,136.46666666666667
"Rice,imported high quality sold loose",Aug,2024,Q3,249402860,Imported,Imported,Non-Perishable,Low,1150.0,960.0,1596.64,0.0,1650.74,0.0
Tomato,Aug,2024,Q3,249402860,North Central,Crops,Perishable,High,1150.0,960.0,1596.64,16418580.0,3941.59,136.46666666666667
Yam tuber,Aug,2024,Q3,249402860,South East,Crops,Perishable,Medium,1150.0,960.0,1596.64,16418580.0,1028.33,133.5
Dried Fish Sardine,Aug,2024,Q3,249402860,South South,Fishing,Non-Perishable,Low,1150.0,960.0,1596.64,424168.8,1037.45,192.96666666666667
Iced Sardine,Aug,2024,Q3,249402860,Imported,Fishing,Perishable,High,1150.0,960.0,1596.64,424168.8,3834.68,0.0
Irish potato,Aug,2024,Q3,249402860,North East,Crops,Perishable,Medium,1150.0,960.0,1596.64,16418580.0,4669.23,250.66666666666666
Sweet potato,Aug,2024,Q3,249402860,South East,Crops,Perishable,Medium,1150.0,960.0,1596.64,16418580.0,1201.09,133.5
Tilapia fish (epiya) fresh,Aug,2024,Q3,249402860,South South,Fishing,Perishable,High,1150.0,960.0,1596.64,424168.8,1884.81,192.96666666666667
Titus:frozen,Aug,2024,Q3,249402860,Imported,Fishing,Perishable,High,1150.0,960.0,1596.64,424168.8,1492.63,0.0
Catfish (obokun) fresh,Aug,2024,Q3,249402860,South West,Fishing,Perishable,High,1150.0,960.0,1596.64,424168.8,1450.32,123.73333333333335
Catfish :dried,Aug,2024,Q3,249402860,South West,Fishing,Non-Perishable,Low,1150.0,960.0,1596.64,424168.8,1882.39,123.73333333333335
Catfish Smoked,Aug,2024,Q3,249402860,South West,Fishing,Non-Perishable,Low,1150.0,960.0,1596.64,424168.8,1831.05,123.73333333333335
Mackerel : frozen,Aug,2024,Q3,249402860,Imported,Fishing,Perishable,High,1150.0,960.0,1596.64,424168.8,1924.76,0.0
"Groundnut oil: 1 bottle, specify bottle",Aug,2024,Q3,249402860,North East,Crops,Non-Perishable,Low,1150.0,960.0,1596.64,16418580.0,2329.05,250.66666666666666
Maize grain white sold loose,Aug,2024,Q3,249402860,North Central,Crops,Non-Perishable,Low,1150.0,960.0,1596.64,16418580.0,850.31,136.46666666666667
Maize grain yellow sold loose,Aug,2024,Q3,249402860,North Central,Crops,Non-Perishable,Low,1150.0,960.0,1596.64,16418580.0,3711.36,136.46666666666667
"Palm oil: 1 bottle,specify bottle",Aug,2024,Q3,249402860,South South,Crops,Non-Perishable,Low,1150.0,960.0,1596.64,16418580.0,4235.56,192.96666666666667
Plantain(ripe),Aug,2024,Q3,249402860,South East,Crops,Perishable,Medium,1150.0,960.0,1596.64,16418580.0,1506.35,133.5
Plantain(unripe),Aug,2024,Q3,249402860,South East,Crops,Perishable,Medium,1150.0,960.0,1596.64,16418580.0,2552.11,133.5
"Vegetable oil:1 bottle,specify bottle",Aug,2024,Q3,249402860,Imported,Crops,Non-Perishable,Low,1150.0,960.0,1596.64,16418580.0,3485.34,0.0
Wheat flour: prepacked (golden penny 2kg),Aug,2024,Q3,249402860,Imported,Crops,Non-Perishable,Low,1150.0,960.0,1596.64,16418580.0,1661.8,0.0
Agric eggs medium size,Sep,2024,Q3,250035853,South West,Livestock,Perishable,High,1184.8,1441.3,1601.528,840338.0,2487.04,154.13333333333333
Agric eggs(medium size price of one),Sep,2024,Q3,250035853,South West,Livestock,Perishable,High,1184.8,1441.3,1601.528,840338.0,219.64,154.13333333333333
"Beans brown,sold loose",Sep,2024,Q3,250035853,North Central,Crops,Non-Perishable,Low,1184.8,1441.3,1601.528,16418580.0,2738.59,178.83333333333334
Beans:white black eye. sold loose,Sep,2024,Q3,250035853,North East,Crops,Non-Perishable,Low,1184.8,1441.3,1601.528,16418580.0,2579.02,127.46666666666668
Beef Bone in,Sep,2024,Q3,250035853,North West,Livestock,Perishable,High,1184.8,1441.3,1601.528,840338.0,4750.39,142.6
"Beef,boneless",Sep,2024,Q3,250035853,North West,Livestock,Perishable,High,1184.8,1441.3,1601.528,840338.0,5633.6,142.6
Bread sliced 500g,Sep,2024,Q3,250035853,South West,Crops,Perishable,Medium,1184.8,1441.3,1601.528,16418580.0,1528.19,154.13333333333333
Bread unsliced 500g,Sep,2024,Q3,250035853,South West,Crops,Perishable,Medium,1184.8,1441.3,1601.528,16418580.0,1430.57,154.13333333333333
Broken Rice (Ofada),Sep,2024,Q3,250035853,South West,Crops,Non-Perishable,Low,1184.8,1441.3,1601.528,16418580.0,2359.47,154.13333333333333
Chicken Feet,Sep,2024,Q3,250035853,South East,Livestock,Perishable,High,1184.8,1441.3,1601.528,840338.0,4060.29,241.0333333333333
Chicken Wings,Sep,2024,Q3,250035853,South East,Livestock,Perishable,High,1184.8,1441.3,1601.528,840338.0,5381.17,241.0333333333333
Evaporated tinned milk carnation 170g,Sep,2024,Q3,250035853,Imported,Imported,Non-Perishable,Low,1184.8,1441.3,1601.528,0.0,4195.26,0.0
"Evaporated tinned milk(peak), 170g",Sep,2024,Q3,250035853,Imported,Imported,Non-Perishable,Low,1184.8,1441.3,1601.528,0.0,3243.77,0.0
Frozen chicken,Sep,2024,Q3,250035853,South East,Livestock,Perishable,High,1184.8,1441.3,1601.528,840338.0,4062.96,241.0333333333333
"Gari white,sold loose",Sep,2024,Q3,250035853,South West,Crops,Non-Perishable,Low,1184.8,1441.3,1601.528,16418580.0,4565.93,154.13333333333333
"Gari yellow,sold loose",Sep,2024,Q3,250035853,South West,Crops,Non-Perishable,Low,1184.8,1441.3,1601.528,16418580.0,818.74,154.13333333333333
Mudfish (aro) fresh,Sep,2024,Q3,250035853,South South,Fishing,Perishable,High,1184.8,1441.3,1601.528,424168.8,935.49,260.3666666666667
Mudfish : dried,Sep,2024,Q3,250035853,South South,Fishing,Non-Perishable,Low,1184.8,1441.3,1601.528,424168.8,5759.8,260.3666666666667
Onion bulb,Sep,2024,Q3,250035853,North East,Crops,Perishable,Low,1184.8,1441.3,1601.528,16418580.0,1170.25,127.46666666666668
Rice agric sold loose,Sep,2024,Q3,250035853,North Central,Crops,Non-Perishable,Low,1184.8,1441.3,1601.528,16418580.0,1238.15,178.83333333333334
Rice local sold loose,Sep,2024,Q3,250035853,North Central,Crops,Non-Perishable,Low,1184.8,1441.3,1601.528,16418580.0,2835.49,178.83333333333334
Rice Medium Grained,Sep,2024,Q3,250035853,North Central,Crops,Non-Perishable,Low,1184.8,1441.3,1601.528,16418580.0,3642.94,178.83333333333334
"Rice,imported high quality sold loose",Sep,2024,Q3,250035853,Imported,Imported,Non-Perishable,Low,1184.8,1441.3,1601.528,0.0,1662.81,0.0
Tomato,Sep,2024,Q3,250035853,North Central,Crops,Perishable,High,1184.8,1441.3,1601.528,16418580.0,4046.99,178.83333333333334
Yam tuber,Sep,2024,Q3,250035853,South East,Crops,Perishable,Medium,1184.8,1441.3,1601.528,16418580.0,1065.14,241.0333333333333
Dried Fish Sardine,Sep,2024,Q3,250035853,South South,Fishing,Non-Perishable,Low,1184.8,1441.3,1601.528,424168.8,1065.33,260.3666666666667
Iced Sardine,Sep,2024,Q3,250035853,Imported,Fishing,Perishable,High,1184.8,1441.3,1601.528,424168.8,3994.4,0.0
Irish potato,Sep,2024,Q3,250035853,North East,Crops,Perishable,Medium,1184.8,1441.3,1601.528,16418580.0,5024.88,127.46666666666668
Sweet potato,Sep,2024,Q3,250035853,South East,Crops,Perishable,Medium,1184.8,1441.3,1601.528,16418580.0,1207.27,241.0333333333333
Tilapia fish (epiya) fresh,Sep,2024,Q3,250035853,South South,Fishing,Perishable,High,1184.8,1441.3,1601.528,424168.8,2070.62,260.3666666666667
Titus:frozen,Sep,2024,Q3,250035853,Imported,Fishing,Perishable,High,1184.8,1441.3,1601.528,424168.8,1500.43,0.0
Catfish (obokun) fresh,Sep,2024,Q3,250035853,South West,Fishing,Perishable,High,1184.8,1441.3,1601.528,424168.8,1511.09,154.13333333333333
Catfish :dried,Sep,2024,Q3,250035853,South West,Fishing,Non-Perishable,Low,1184.8,1441.3,1601.528,424168.8,1965.64,154.13333333333333
Catfish Smoked,Sep,2024,Q3,250035853,South West,Fishing,Non-Perishable,Low,1184.8,1441.3,1601.528,424168.8,1914.77,154.13333333333333
Mackerel : frozen,Sep,2024,Q3,250035853,Imported,Fishing,Perishable,High,1184.8,1441.3,1601.528,424168.8,1998.39,0.0
"Groundnut oil: 1 bottle, specify bottle",Sep,2024,Q3,250035853,North East,Crops,Non-Perishable,Low,1184.8,1441.3,1601.528,16418580.0,2403.86,127.46666666666668
Maize grain white sold loose,Sep,2024,Q3,250035853,North Central,Crops,Non-Perishable,Low,1184.8,1441.3,1601.528,16418580.0,870.15,178.83333333333334
Maize grain yellow sold loose,Sep,2024,Q3,250035853,North Central,Crops,Non-Perishable,Low,1184.8,1441.3,1601.528,16418580.0,3850.97,178.83333333333334
"Palm oil: 1 bottle,specify bottle",Sep,2024,Q3,250035853,South South,Crops,Non-Perishable,Low,1184.8,1441.3,1601.528,16418580.0,4416.93,260.3666666666667
Plantain(ripe),Sep,2024,Q3,250035853,South East,Crops,Perishable,Medium,1184.8,1441.3,1601.528,16418580.0,1430.87,241.0333333333333
Plantain(unripe),Sep,2024,Q3,250035853,South East,Crops,Perishable,Medium,1184.8,1441.3,1601.528,16418580.0,2607.67,241.0333333333333
"Vegetable oil:1 bottle,specify bottle",Sep,2024,Q3,250035853,Imported,Crops,Non-Perishable,Low,1184.8,1441.3,1601.528,16418580.0,3570.75,0.0
Wheat flour: prepacked (golden penny 2kg),Sep,2024,Q3,250035853,Imported,Crops,Non-Perishable,Low,1184.8,1441.3,1601.528,16418580.0,1668.49,0.0
Agric eggs medium size,Oct,2024,Q4,250670335,South West,Livestock,Perishable,High,1214.2,1446.8,1670.47,0.0,2671.6,164.86666666666667
Agric eggs(medium size price of one),Oct,2024,Q4,250670335,South West,Livestock,Perishable,High,1214.2,1446.8,1670.47,0.0,235.67,164.86666666666667
"Beans brown,sold loose",Oct,2024,Q4,250670335,North Central,Crops,Non-Perishable,Low,1214.2,1446.8,1670.47,0.0,2798.5,117.2
Beans:white black eye. sold loose,Oct,2024,Q4,250670335,North East,Crops,Non-Perishable,Low,1214.2,1446.8,1670.47,0.0,2603.32,55.63333333333333
Beef Bone in,Oct,2024,Q4,250670335,North West,Livestock,Perishable,High,1214.2,1446.8,1670.47,0.0,4914.62,40.36666666666667
"Beef,boneless",Oct,2024,Q4,250670335,North West,Livestock,Perishable,High,1214.2,1446.8,1670.47,0.0,5858.58,40.36666666666667
Bread sliced 500g,Oct,2024,Q4,250670335,South West,Crops,Perishable,Medium,1214.2,1446.8,1670.47,0.0,1550.24,164.86666666666667
Bread unsliced 500g,Oct,2024,Q4,250670335,South West,Crops,Perishable,Medium,1214.2,1446.8,1670.47,0.0,1454.44,164.86666666666667
Broken Rice (Ofada),Oct,2024,Q4,250670335,South West,Crops,Non-Perishable,Low,1214.2,1446.8,1670.47,0.0,2428.65,164.86666666666667
Chicken Feet,Oct,2024,Q4,250670335,South East,Livestock,Perishable,High,1214.2,1446.8,1670.47,0.0,4148.74,234.23333333333335
Chicken Wings,Oct,2024,Q4,250670335,South East,Livestock,Perishable,High,1214.2,1446.8,1670.47,0.0,5571.44,234.23333333333335
Evaporated tinned milk carnation 170g,Oct,2024,Q4,250670335,Imported,Imported,Non-Perishable,Low,1214.2,1446.8,1670.47,0.0,4239.99,0.0
"Evaporated tinned milk(peak), 170g",Oct,2024,Q4,250670335,Imported,Imported,Non-Perishable,Low,1214.2,1446.8,1670.47,0.0,3267.62,0.0
Frozen chicken,Oct,2024,Q4,250670335,South East,Livestock,Perishable,High,1214.2,1446.8,1670.47,0.0,4193.97,234.23333333333335
"Gari white,sold loose",Oct,2024,Q4,250670335,South West,Crops,Non-Perishable,Low,1214.2,1446.8,1670.47,0.0,4641.95,164.86666666666667
"Gari yellow,sold loose",Oct,2024,Q4,250670335,South West,Crops,Non-Perishable,Low,1214.2,1446.8,1670.47,0.0,843.21,164.86666666666667
Mudfish (aro) fresh,Oct,2024,Q4,250670335,South South,Fishing,Perishable,High,1214.2,1446.8,1670.47,0.0,955.73,357.0333333333333
Mudfish : dried,Oct,2024,Q4,250670335,South South,Fishing,Non-Perishable,Low,1214.2,1446.8,1670.47,0.0,5971.98,357.0333333333333
Onion bulb,Oct,2024,Q4,250670335,North East,Crops,Perishable,Low,1214.2,1446.8,1670.47,0.0,1198.05,55.63333333333333
Rice agric sold loose,Oct,2024,Q4,250670335,North Central,Crops,Non-Perishable,Low,1214.2,1446.8,1670.47,0.0,1266.31,117.2
Rice local sold loose,Oct,2024,Q4,250670335,North Central,Crops,Non-Perishable,Low,1214.2,1446.8,1670.47,0.0,2928.92,117.2
Rice Medium Grained,Oct,2024,Q4,250670335,North Central,Crops,Non-Perishable,Low,1214.2,1446.8,1670.47,0.0,3706.89,117.2
"Rice,imported high quality sold loose",Oct,2024,Q4,250670335,Imported,Imported,Non-Perishable,Low,1214.2,1446.8,1670.47,0.0,1733.48,0.0
Tomato,Oct,2024,Q4,250670335,North Central,Crops,Perishable,High,1214.2,1446.8,1670.47,0.0,4136.14,117.2
Yam tuber,Oct,2024,Q4,250670335,South East,Crops,Perishable,Medium,1214.2,1446.8,1670.47,0.0,1080.44,234.23333333333335
Dried Fish Sardine,Oct,2024,Q4,250670335,South South,Fishing,Non-Perishable,Low,1214.2,1446.8,1670.47,0.0,1080.91,357.0333333333333
Iced Sardine,Oct,2024,Q4,250670335,Imported,Fishing,Perishable,High,1214.2,1446.8,1670.47,0.0,4054.32,0.0
Irish potato,Oct,2024,Q4,250670335,North East,Crops,Perishable,Medium,1214.2,1446.8,1670.47,0.0,5139.91,55.63333333333333
Sweet potato,Oct,2024,Q4,250670335,South East,Crops,Perishable,Medium,1214.2,1446.8,1670.47,0.0,1251.52,234.23333333333335
Tilapia fish (epiya) fresh,Oct,2024,Q4,250670335,South South,Fishing,Perishable,High,1214.2,1446.8,1670.47,0.0,2146.99,357.0333333333333
Titus:frozen,Oct,2024,Q4,250670335,Imported,Fishing,Perishable,High,1214.2,1446.8,1670.47,0.0,1507.21,0.0
Catfish (obokun) fresh,Oct,2024,Q4,250670335,South West,Fishing,Perishable,High,1214.2,1446.8,1670.47,0.0,1539.66,164.86666666666667
Catfish :dried,Oct,2024,Q4,250670335,South West,Fishing,Non-Perishable,Low,1214.2,1446.8,1670.47,0.0,2023.68,164.86666666666667
Catfish Smoked,Oct,2024,Q4,250670335,South West,Fishing,Non-Perishable,Low,1214.2,1446.8,1670.47,0.0,1944.64,164.86666666666667
Mackerel : frozen,Oct,2024,Q4,250670335,Imported,Fishing,Perishable,High,1214.2,1446.8,1670.47,0.0,2068.2,0.0
"Groundnut oil: 1 bottle, specify bottle",Oct,2024,Q4,250670335,North East,Crops,Non-Perishable,Low,1214.2,1446.8,1670.47,0.0,2471.28,55.63333333333333
Maize grain white sold loose,Oct,2024,Q4,250670335,North Central,Crops,Non-Perishable,Low,1214.2,1446.8,1670.47,0.0,898.53,117.2
Maize grain yellow sold loose,Oct,2024,Q4,250670335,North Central,Crops,Non-Perishable,Low,1214.2,1446.8,1670.47,0.0,3944.39,117.2
"Palm oil: 1 bottle,specify bottle",Oct,2024,Q4,250670335,South South,Crops,Non-Perishable,Low,1214.2,1446.8,1670.47,0.0,4509.38,357.0333333333333
Plantain(ripe),Oct,2024,Q4,250670335,South East,Crops,Perishable,Medium,1214.2,1446.8,1670.47,0.0,1465.99,234.23333333333335
Plantain(unripe),Oct,2024,Q4,250670335,South East,Crops,Perishable,Medium,1214.2,1446.8,1670.47,0.0,2719.16,234.23333333333335
"Vegetable oil:1 bottle,specify bottle",Oct,2024,Q4,250670335,Imported,Crops,Non-Perishable,Low,1214.2,1446.8,1670.47,0.0,3747.87,0.0
Wheat flour: prepacked (golden penny 2kg),Oct,2024,Q4,250670335,Imported,Crops,Non-Perishable,Low,1214.2,1446.8,1670.47,0.0,1705.58,0.0
